,G4100210
metadata_index,258708
upgrade,0
weight,1.8706521585294562
in.sqft,1000.0
calc.weighted.sqft,1870.6521585294563
in.upgrade_name,Baseline
applicability,True
in.building_america_climate_zone,Cold
in.cambium_grid_region,NWPPc
in.census_division_name,Pacific
in.census_region_name,West
in.cluster_id,31.0
in.cluster_name,Rural Mountain West
in.county_name,"OR, Gilliam County"
in.iso_rto_region,None
in.nhgis_puma_gisjoin,G41000200
in.nhgis_tract_gisjoin,G4100210960100
in.reeds_balancing_area,5.0
in.state,OR
in.state_name,Oregon
in.airtightness..m3_per_m2_s,20.0
in.ashrae_iecc_climate_zone_2006,5B
in.aspect_ratio,2
in.building_subtype,strip_mall_restaurant30
in.cejst_is_disadvantaged,True
in.comstock_building_type,RetailStripmall
in.comstock_building_type_group,Mercantile
in.economizer_changeover_temperature_fault_applicable,False
in.economizer_damper_stuck_fault_applicable,False
in.economizer_damper_stuck_fault_timing,No fault
in.ejscreen_census_tract_percentile_for_demographic_index,39.9483083203
in.ejscreen_census_tract_percentile_for_less_than_hs_educ,49.9372963456
in.ejscreen_census_tract_percentile_for_low_income,65.2761654172
in.ejscreen_census_tract_percentile_for_people_in_ling_isol,22.02924172
in.ejscreen_census_tract_percentile_for_people_of_color,22.1628313615
in.ejscreen_census_tract_percentile_for_people_over_64,93.7343904763
in.ejscreen_census_tract_percentile_percent_people_under_5,25.05849047
in.energy_code_followed_during_last_ext_lighting_replacement,ComStock 90.1-2010
in.energy_code_followed_during_last_hvac_replacement,ComStock 90.1-2013
in.energy_code_followed_during_last_int_equipment_replacement,ComStock 90.1-2004
in.energy_code_followed_during_last_roof_replacement,ComStock DOE Ref Pre-1980
in.energy_code_followed_during_last_svc_water_htg_replacement,ComStock 90.1-2007
in.energy_code_followed_during_last_walls_replacement,ComStock DOE Ref Pre-1980
in.energy_code_followed_during_original_building_construction,ComStock DOE Ref Pre-1980
in.floor_area_category,_1000
in.heating_fuel,Electricity
in.hvac_category,Small Packaged Unit
in.hvac_combined_type,Central Single-zone RTU_Electric Resistance_DX
in.hvac_cool_type,DX
in.hvac_heat_type,Electric Resistance
in.hvac_night_variability,night_fancycle_vent
in.hvac_system_type,PSZ-AC with electric coil
in.hvac_vent_type,Central Single-zone RTU
in.interior_lighting_generation,gen5_led
in.number_of_stories,1
in.number_stories,1
in.ownership_type,leased
in.party_responsible_for_operation,building_owner
in.purchase_input_responsibility,building_owner_or_tenant
in.rotation..degrees,180
in.service_water_heating_fuel,Electricity
in.tstat_clg_delta_f..delta_f,7
in.tstat_clg_sp_f..f,71
in.tstat_htg_delta_f..delta_f,9
in.tstat_htg_sp_f..f,67
in.vintage,1946 to 1959
in.wall_construction_type,Mass
in.weather_file_2018,USA_OR_Columbia.Gorge.Rgnl.726988_2018.epw
in.weather_file_tmy3,The_Dalles_Municipal_Arpt
in.weekday_opening_time..hr,9.25
in.weekday_operating_hours..hr,8
in.weekend_opening_time..hr,6.75
in.weekend_operating_hours..hr,12.75
in.window_to_wall_ratio_category,2_10pct
in.window_type,Single - No LowE - Clear - Aluminum
in.year_built,1954
out.district_cooling.cooling.energy_consumption,0.0
out.district_cooling.cooling.energy_savings,0.0
out.district_cooling.total.energy_consumption,0.0
out.district_cooling.total.energy_savings,0.0
out.district_heating.cooling.energy_consumption,0.0
out.district_heating.cooling.energy_savings,0.0
out.district_heating.heating.energy_consumption,0.0
out.district_heating.heating.energy_savings,0.0
out.district_heating.total.energy_consumption,0.0
out.district_heating.total.energy_savings,0.0
out.district_heating.water_systems.energy_consumption,0.0
out.district_heating.water_systems.energy_savings,0.0
out.electricity.cooling.energy_consumption,3436.111111111111
out.electricity.cooling.energy_savings,0.0
out.electricity.exterior_lighting.energy_consumption,3033.3333333333335
out.electricity.exterior_lighting.energy_savings,0.0
out.electricity.fans.energy_consumption,5569.444444444444
out.electricity.fans.energy_savings,0.0
out.electricity.heat_recovery.energy_consumption,0.0
out.electricity.heat_recovery.energy_savings,0.0
out.electricity.heat_rejection.energy_consumption,0.0
out.electricity.heat_rejection.energy_savings,0.0
out.electricity.heating.energy_consumption,11400.0
out.electricity.heating.energy_savings,0.0
out.electricity.interior_equipment.energy_consumption,2927.777777777778
out.electricity.interior_equipment.energy_savings,0.0
out.electricity.interior_lighting.energy_consumption,2744.4444444444443
out.electricity.interior_lighting.energy_savings,0.0
out.electricity.pumps.energy_consumption,0.0
out.electricity.pumps.energy_savings,0.0
out.electricity.refrigeration.energy_consumption,0.0
out.electricity.refrigeration.energy_savings,0.0
out.electricity.total.apr.energy_consumption..kwh,2551.9398194482014
out.electricity.total.aug.energy_consumption..kwh,3019.9683981124576
out.electricity.total.dec.energy_consumption..kwh,5354.457869937664
out.electricity.total.energy_consumption,40922.222222222226
out.electricity.total.energy_savings,0.0
out.electricity.total.feb.energy_consumption..kwh,4156.533601328635
out.electricity.total.jan.energy_consumption..kwh,5064.91948236977
out.electricity.total.jul.energy_consumption..kwh,3246.564089458671
out.electricity.total.jun.energy_consumption..kwh,2533.820263294871
out.electricity.total.mar.energy_consumption..kwh,3544.1377772743676
out.electricity.total.may.energy_consumption..kwh,2541.081870860625
out.electricity.total.nov.energy_consumption..kwh,4043.884562571252
out.electricity.total.oct.energy_consumption..kwh,2401.4870291305742
out.electricity.total.sep.energy_consumption..kwh,2462.3550703647784
out.electricity.water_systems.energy_consumption,11811.111111111111
out.electricity.water_systems.energy_savings,0.0
out.natural_gas.cooling.energy_savings,0.0
out.natural_gas.heating.energy_consumption,0.0
out.natural_gas.heating.energy_savings,0.0
out.natural_gas.interior_equipment.energy_consumption,0.0
out.natural_gas.interior_equipment.energy_savings,0.0
out.natural_gas.total.energy_consumption,0.0
out.natural_gas.total.energy_savings,0.0
out.natural_gas.water_systems.energy_consumption,0.0
out.natural_gas.water_systems.energy_savings,0.0
out.other_fuel.cooling.energy_consumption,0.0
out.other_fuel.cooling.energy_savings,0.0
out.other_fuel.heating.energy_consumption,0.0
out.other_fuel.heating.energy_savings,0.0
out.other_fuel.interior_equipment.energy_savings,0.0
out.other_fuel.total.energy_consumption,0.0
out.other_fuel.total.energy_savings,0.0
out.other_fuel.water_systems.energy_consumption,0.0
out.other_fuel.water_systems.energy_savings,0.0
out.site_energy.total.energy_consumption,40922.22222222222
out.site_energy.total.energy_savings,0.0
out.electricity.total.peak_demand,20.62971
out.district_cooling.cooling.energy_consumption_intensity,0.0
out.district_cooling.cooling.energy_savings_intensity,0.0
out.district_cooling.total.energy_consumption_intensity,0.0
out.district_cooling.total.energy_savings_intensity,0.0
out.district_heating.cooling.energy_consumption_intensity,0.0
out.district_heating.cooling.energy_savings_intensity,0.0
out.district_heating.heating.energy_consumption_intensity,0.0
out.district_heating.heating.energy_savings_intensity,0.0
out.district_heating.total.energy_consumption_intensity,0.0
out.district_heating.total.energy_savings_intensity,0.0
out.district_heating.water_systems.energy_consumption_intensity,0.0
out.district_heating.water_systems.energy_savings_intensity,0.0
out.electricity.cooling.energy_consumption_intensity,3.436111111111111
out.electricity.cooling.energy_savings_intensity,0.0
out.electricity.exterior_lighting.energy_consumption_intensity,3.0333333333333337
out.electricity.exterior_lighting.energy_savings_intensity,0.0
out.electricity.fans.energy_consumption_intensity,5.569444444444445
out.electricity.fans.energy_savings_intensity,0.0
out.electricity.heat_recovery.energy_consumption_intensity,0.0
out.electricity.heat_recovery.energy_savings_intensity,0.0
out.electricity.heat_rejection.energy_consumption_intensity,0.0
out.electricity.heat_rejection.energy_savings_intensity,0.0
out.electricity.heating.energy_consumption_intensity,11.4
out.electricity.heating.energy_savings_intensity,0.0
out.electricity.interior_equipment.energy_consumption_intensity,2.927777777777778
out.electricity.interior_equipment.energy_savings_intensity,0.0
out.electricity.interior_lighting.energy_consumption_intensity,2.7444444444444445
out.electricity.interior_lighting.energy_savings_intensity,0.0
out.electricity.pumps.energy_consumption_intensity,0.0
out.electricity.pumps.energy_savings_intensity,0.0
out.electricity.refrigeration.energy_consumption_intensity,0.0
out.electricity.refrigeration.energy_savings_intensity,0.0
out.electricity.total.energy_consumption_intensity,40.922222222222224
out.electricity.total.energy_savings_intensity,0.0
out.electricity.water_systems.energy_consumption_intensity,11.811111111111112
out.electricity.water_systems.energy_savings_intensity,0.0
out.natural_gas.cooling.energy_consumption_intensity,0.0
out.natural_gas.cooling.energy_savings_intensity,0.0
out.natural_gas.heating.energy_consumption_intensity,0.0
out.natural_gas.heating.energy_savings_intensity,0.0
out.natural_gas.interior_equipment.energy_consumption_intensity,0.0
out.natural_gas.interior_equipment.energy_savings_intensity,0.0
out.natural_gas.total.energy_consumption_intensity,0.0
out.natural_gas.total.energy_savings_intensity,0.0
out.natural_gas.water_systems.energy_consumption_intensity,0.0
out.natural_gas.water_systems.energy_savings_intensity,0.0
out.other_fuel.cooling.energy_consumption_intensity,0.0
out.other_fuel.cooling.energy_savings_intensity,0.0
out.other_fuel.heating.energy_consumption_intensity,0.0
out.other_fuel.heating.energy_savings_intensity,0.0
out.other_fuel.interior_equipment.energy_consumption_intensity,0.0
out.other_fuel.interior_equipment.energy_savings_intensity,0.0
out.other_fuel.total.energy_consumption_intensity,0.0
out.other_fuel.total.energy_savings_intensity,0.0
out.other_fuel.water_systems.energy_consumption_intensity,0.0
out.other_fuel.water_systems.energy_savings_intensity,0.0
out.site_energy.total.energy_consumption_intensity,40.92222222222222
out.site_energy.total.energy_savings_intensity,0.0
out.qoi.maximum_daily_peak_apr..kw,9.513258704478291
out.qoi.maximum_daily_peak_aug..kw,9.396145497454484
out.qoi.maximum_daily_peak_dec..kw,15.76227324680458
out.qoi.maximum_daily_peak_feb..kw,16.596882960486024
out.qoi.maximum_daily_peak_jan..kw,16.901785429470145
out.qoi.maximum_daily_peak_jul..kw,9.389316913728212
out.qoi.maximum_daily_peak_jun..kw,8.064716884994503
out.qoi.maximum_daily_peak_mar..kw,14.382912297417064
out.qoi.maximum_daily_peak_may..kw,8.380652322761312
out.qoi.maximum_daily_peak_nov..kw,14.148210220276809
out.qoi.maximum_daily_peak_oct..kw,7.1484643267215695
out.qoi.maximum_daily_peak_sep..kw,7.77493866398919
out.qoi.maximum_daily_timing_shoulder_hour..hr,12.058823529411764
out.qoi.maximum_daily_timing_summer_hour..hr,12.64935064935065
out.qoi.maximum_daily_timing_winter_hour..hr,9.129032258064516
out.qoi.maximum_daily_use_shoulder..kw,5.9812332990239145
out.qoi.maximum_daily_use_shoulder_intensity..w_per_ft2,5.9812332990239145
out.qoi.maximum_daily_use_summer..kw,7.640636362697612
out.qoi.maximum_daily_use_summer_intensity..w_per_ft2,7.640636362697612
out.qoi.maximum_daily_use_winter..kw,10.033415685459595
out.qoi.maximum_daily_use_winter_intensity..w_per_ft2,10.033415685459595
out.qoi.median_daily_peak_apr..kw,6.03440162118034
out.qoi.median_daily_peak_aug..kw,7.397637044804473
out.qoi.median_daily_peak_dec..kw,12.377967834726933
out.qoi.median_daily_peak_feb..kw,10.803087601687924
out.qoi.median_daily_peak_jan..kw,12.137611156971966
out.qoi.median_daily_peak_jul..kw,8.004979730267028
out.qoi.median_daily_peak_jun..kw,6.578885106465714
out.qoi.median_daily_peak_mar..kw,9.041265499841026
out.qoi.median_daily_peak_may..kw,6.235199542455203
out.qoi.median_daily_peak_nov..kw,11.553440718622348
out.qoi.median_daily_peak_oct..kw,5.265642396391422
out.qoi.median_daily_peak_sep..kw,6.226368921976526
out.qoi.median_daily_peak_timing_apr..hr,9.0
out.qoi.median_daily_peak_timing_aug..hr,13.0
out.qoi.median_daily_peak_timing_dec..hr,10.0
out.qoi.median_daily_peak_timing_feb..hr,9.0
out.qoi.median_daily_peak_timing_jan..hr,9.0
out.qoi.median_daily_peak_timing_jul..hr,13.0
out.qoi.median_daily_peak_timing_jun..hr,12.0
out.qoi.median_daily_peak_timing_mar..hr,8.0
out.qoi.median_daily_peak_timing_may..hr,13.0
out.qoi.median_daily_peak_timing_nov..hr,10.0
out.qoi.median_daily_peak_timing_oct..hr,12.0
out.qoi.median_daily_peak_timing_sep..hr,12.5
out.qoi.minimum_daily_peak_apr..kw,4.822942138056016
out.qoi.minimum_daily_peak_aug..kw,5.445450727510382
out.qoi.minimum_daily_peak_dec..kw,9.414771477207923
out.qoi.minimum_daily_peak_feb..kw,5.435529341780943
out.qoi.minimum_daily_peak_jan..kw,8.875930874807985
out.qoi.minimum_daily_peak_jul..kw,5.557436130384516
out.qoi.minimum_daily_peak_jun..kw,4.677641465313061
out.qoi.minimum_daily_peak_mar..kw,5.1026693907106475
out.qoi.minimum_daily_peak_may..kw,5.206675896057229
out.qoi.minimum_daily_peak_nov..kw,4.719961579420575
out.qoi.minimum_daily_peak_oct..kw,4.6140363299051845
out.qoi.minimum_daily_peak_sep..kw,5.026338415503173
out.qoi.minimum_daily_use_shoulder..kw,1.0697932997612578
out.qoi.minimum_daily_use_shoulder_intensity..w_per_ft2,1.0697932997612578
out.qoi.minimum_daily_use_summer..kw,1.183910442757625
out.qoi.minimum_daily_use_summer_intensity..w_per_ft2,1.183910442757625
out.qoi.minimum_daily_use_winter..kw,1.6934230813988398
out.qoi.minimum_daily_use_winter_intensity..w_per_ft2,1.6934230813988398
out.qoi.q1_daily_peak_apr..kw,5.648445872107655
out.qoi.q1_daily_peak_aug..kw,6.805229789748974
out.qoi.q1_daily_peak_dec..kw,11.534208888292532
out.qoi.q1_daily_peak_feb..kw,8.323030217883375
out.qoi.q1_daily_peak_jan..kw,10.524269810476143
out.qoi.q1_daily_peak_jul..kw,7.139964956567457
out.qoi.q1_daily_peak_jun..kw,6.04664981700364
out.qoi.q1_daily_peak_mar..kw,7.571278051379589
out.qoi.q1_daily_peak_may..kw,5.918311669492498
out.qoi.q1_daily_peak_nov..kw,8.43063934373181
out.qoi.q1_daily_peak_oct..kw,4.957293223178997
out.qoi.q1_daily_peak_sep..kw,5.59791931963975
out.qoi.q3_daily_peak_apr..kw,7.081485561997264
out.qoi.q3_daily_peak_aug..kw,7.6108306760633955
out.qoi.q3_daily_peak_dec..kw,13.724517217386573
out.qoi.q3_daily_peak_feb..kw,12.436427686469633
out.qoi.q3_daily_peak_jan..kw,12.980912979994525
out.qoi.q3_daily_peak_jul..kw,8.659746689343592
out.qoi.q3_daily_peak_jun..kw,7.091577680079026
out.qoi.q3_daily_peak_mar..kw,10.235306245036087
out.qoi.q3_daily_peak_may..kw,6.756815674792083
out.qoi.q3_daily_peak_nov..kw,11.937293418632802
out.qoi.q3_daily_peak_oct..kw,5.469308418843349
out.qoi.q3_daily_peak_sep..kw,6.635511524271446
out.emissions.electricity.aer_95_decarb_by_2035_from_2023..co2e_kg,11463.383851588549
out.emissions.electricity.aer_95_decarb_by_2050_from_2023..co2e_kg,11463.383851588549
out.emissions.electricity.aer_high_re_cost_from_2023..co2e_kg,11502.172756393542
out.emissions.electricity.aer_low_re_cost_from_2023..co2e_kg,11208.85714496146
out.emissions.electricity.aer_mid_case_from_2023..co2e_kg,11457.887894916443
out.emissions.electricity.cooling.aer_95_decarb_by_2035_from_2023..co2e_kg,855.4741429555222
out.emissions.electricity.cooling.aer_95_decarb_by_2050_from_2023..co2e_kg,855.4741429555222
out.emissions.electricity.cooling.aer_high_re_cost_from_2023..co2e_kg,860.3474239457271
out.emissions.electricity.cooling.aer_low_re_cost_from_2023..co2e_kg,842.7740803549626
out.emissions.electricity.cooling.aer_mid_case_from_2023..co2e_kg,855.3126342564594
out.emissions.electricity.cooling.egrid_2018_state..co2e_kg,489.75319472931943
out.emissions.electricity.cooling.egrid_2018_subregion..co2e_kg,1002.9573612829104
out.emissions.electricity.cooling.egrid_2019_state..co2e_kg,620.6580378494355
out.emissions.electricity.cooling.egrid_2019_subregion..co2e_kg,1122.2310337069625
out.emissions.electricity.cooling.egrid_2020_state..co2e_kg,532.5473599588665
out.emissions.electricity.cooling.egrid_2020_subregion..co2e_kg,941.2596206800256
out.emissions.electricity.cooling.egrid_2021_state..co2e_kg,509.33178644247675
out.emissions.electricity.cooling.egrid_2021_subregion..co2e_kg,995.4121439971645
out.emissions.electricity.cooling.lrmer_95_decarb_by_2035_15_2023_start..co2e_kg,153.45144226078537
out.emissions.electricity.cooling.lrmer_95_decarb_by_2035_15_2025_start..co2e_kg,486.2359804026505
out.emissions.electricity.cooling.lrmer_95_decarb_by_2035_25_2025_start..co2e_kg,356.2487541214436
out.emissions.electricity.cooling.lrmer_95_decarb_by_2035_30_2023_start..co2e_kg,93.4497456211801
out.emissions.electricity.cooling.lrmer_95_decarb_by_2050_15_2023_start..co2e_kg,354.4051983975446
out.emissions.electricity.cooling.lrmer_95_decarb_by_2050_30_2023_start..co2e_kg,255.02650449613682
out.emissions.electricity.cooling.lrmer_high_re_cost_15_2023_start..co2e_kg,661.105852493555
out.emissions.electricity.cooling.lrmer_high_re_cost_30_2023_start..co2e_kg,509.3490924941647
out.emissions.electricity.cooling.lrmer_low_re_cost_15_2023_start..co2e_kg,250.19926518410907
out.emissions.electricity.cooling.lrmer_low_re_cost_15_2025_start..co2e_kg,295.8918847216038
out.emissions.electricity.cooling.lrmer_low_re_cost_25_2025_start..co2e_kg,267.13941852083667
out.emissions.electricity.cooling.lrmer_low_re_cost_30_2023_start..co2e_kg,206.50107232313482
out.emissions.electricity.cooling.lrmer_mid_case_15_2023_start..co2e_kg,357.79505080511
out.emissions.electricity.cooling.lrmer_mid_case_15_2025_start..co2e_kg,848.8682251595061
out.emissions.electricity.cooling.lrmer_mid_case_25_2025_start..co2e_kg,783.3446999300526
out.emissions.electricity.cooling.lrmer_mid_case_30_2023_start..co2e_kg,321.2584536993043
out.emissions.electricity.egrid_2018_state..co2e_kg,5831.28754304283
out.emissions.electricity.egrid_2018_subregion..co2e_kg,11941.796051549098
out.emissions.electricity.egrid_2019_state..co2e_kg,7389.9170511815155
out.emissions.electricity.egrid_2019_subregion..co2e_kg,13361.938048996917
out.emissions.electricity.egrid_2020_state..co2e_kg,6340.819865248294
out.emissions.electricity.egrid_2020_subregion..co2e_kg,11207.18672161847
out.emissions.electricity.egrid_2021_state..co2e_kg,6064.401689506653
out.emissions.electricity.egrid_2021_subregion..co2e_kg,11851.95828828093
out.emissions.electricity.enduse_group.hvac.aer_95_decarb_by_2035_from_2023..co2e_kg,5870.048869044214
out.emissions.electricity.enduse_group.hvac.aer_95_decarb_by_2050_from_2023..co2e_kg,5870.048869044214
out.emissions.electricity.enduse_group.hvac.aer_high_re_cost_from_2023..co2e_kg,5886.3489111723975
out.emissions.electricity.enduse_group.hvac.aer_low_re_cost_from_2023..co2e_kg,5740.672089452686
out.emissions.electricity.enduse_group.hvac.aer_mid_case_from_2023..co2e_kg,5867.490695526728
out.emissions.electricity.enduse_group.hvac.egrid_2018_state..co2e_kg,2907.706767015391
out.emissions.electricity.enduse_group.hvac.egrid_2018_subregion..co2e_kg,5954.643967237467
out.emissions.electricity.enduse_group.hvac.egrid_2019_state..co2e_kg,3684.9000600286618
out.emissions.electricity.enduse_group.hvac.egrid_2019_subregion..co2e_kg,6662.782001183061
out.emissions.electricity.enduse_group.hvac.egrid_2020_state..co2e_kg,3161.7794002638607
out.emissions.electricity.enduse_group.hvac.egrid_2020_subregion..co2e_kg,5588.339183948162
out.emissions.electricity.enduse_group.hvac.egrid_2021_state..co2e_kg,3023.946547022222
out.emissions.electricity.enduse_group.hvac.egrid_2021_subregion..co2e_kg,5909.847364384289
out.emissions.electricity.enduse_group.hvac.lrmer_95_decarb_by_2035_15_2023_start..co2e_kg,1851.3395294289246
out.emissions.electricity.enduse_group.hvac.lrmer_95_decarb_by_2035_15_2025_start..co2e_kg,3458.492058063531
out.emissions.electricity.enduse_group.hvac.lrmer_95_decarb_by_2035_25_2025_start..co2e_kg,2452.369637388316
out.emissions.electricity.enduse_group.hvac.lrmer_95_decarb_by_2035_30_2023_start..co2e_kg,1127.4701736472605
out.emissions.electricity.enduse_group.hvac.lrmer_95_decarb_by_2050_15_2023_start..co2e_kg,2999.163247568598
out.emissions.electricity.enduse_group.hvac.lrmer_95_decarb_by_2050_30_2023_start..co2e_kg,2105.4467743553223
out.emissions.electricity.enduse_group.hvac.lrmer_high_re_cost_15_2023_start..co2e_kg,4171.265868379758
out.emissions.electricity.enduse_group.hvac.lrmer_high_re_cost_30_2023_start..co2e_kg,3298.4872407016037
out.emissions.electricity.enduse_group.hvac.lrmer_low_re_cost_15_2023_start..co2e_kg,2529.037397809265
out.emissions.electricity.enduse_group.hvac.lrmer_low_re_cost_15_2025_start..co2e_kg,2685.2590112837797
out.emissions.electricity.enduse_group.hvac.lrmer_low_re_cost_25_2025_start..co2e_kg,2107.7602006849047
out.emissions.electricity.enduse_group.hvac.lrmer_low_re_cost_30_2023_start..co2e_kg,1894.4699482197266
out.emissions.electricity.enduse_group.hvac.lrmer_mid_case_15_2023_start..co2e_kg,3140.9621306653344
out.emissions.electricity.enduse_group.hvac.lrmer_mid_case_15_2025_start..co2e_kg,5714.23132833017
out.emissions.electricity.enduse_group.hvac.lrmer_mid_case_25_2025_start..co2e_kg,5210.0137742471825
out.emissions.electricity.enduse_group.hvac.lrmer_mid_case_30_2023_start..co2e_kg,2616.988220125013
out.emissions.electricity.exterior_lighting.aer_95_decarb_by_2035_from_2023..co2e_kg,893.7960822537211
out.emissions.electricity.exterior_lighting.aer_95_decarb_by_2050_from_2023..co2e_kg,893.7960822537211
out.emissions.electricity.exterior_lighting.aer_high_re_cost_from_2023..co2e_kg,896.775999550012
out.emissions.electricity.exterior_lighting.aer_low_re_cost_from_2023..co2e_kg,873.2134243604179
out.emissions.electricity.exterior_lighting.aer_mid_case_from_2023..co2e_kg,893.2608338556352
out.emissions.electricity.exterior_lighting.egrid_2018_state..co2e_kg,432.41659220092646
out.emissions.electricity.exterior_lighting.egrid_2018_subregion..co2e_kg,885.5386936852706
out.emissions.electricity.exterior_lighting.egrid_2019_state..co2e_kg,547.9960856555482
out.emissions.electricity.exterior_lighting.egrid_2019_subregion..co2e_kg,990.8487060015837
out.emissions.electricity.exterior_lighting.egrid_2020_state..co2e_kg,470.20073999984294
out.emissions.electricity.exterior_lighting.egrid_2020_subregion..co2e_kg,831.0640582462074
out.emissions.electricity.exterior_lighting.egrid_2021_state..co2e_kg,449.70307036953926
out.emissions.electricity.exterior_lighting.egrid_2021_subregion..co2e_kg,878.8768134132675
out.emissions.electricity.exterior_lighting.lrmer_95_decarb_by_2035_15_2023_start..co2e_kg,437.39457073599056
out.emissions.electricity.exterior_lighting.lrmer_95_decarb_by_2035_15_2025_start..co2e_kg,583.7196073187803
out.emissions.electricity.exterior_lighting.lrmer_95_decarb_by_2035_25_2025_start..co2e_kg,414.21722538409784
out.emissions.electricity.exterior_lighting.lrmer_95_decarb_by_2035_30_2023_start..co2e_kg,266.4061207482249
out.emissions.electricity.exterior_lighting.lrmer_95_decarb_by_2050_15_2023_start..co2e_kg,584.4074505997081
out.emissions.electricity.exterior_lighting.lrmer_95_decarb_by_2050_30_2023_start..co2e_kg,402.18743582146953
out.emissions.electricity.exterior_lighting.lrmer_high_re_cost_15_2023_start..co2e_kg,709.5018319684339
out.emissions.electricity.exterior_lighting.lrmer_high_re_cost_30_2023_start..co2e_kg,564.3007856879732
out.emissions.electricity.exterior_lighting.lrmer_low_re_cost_15_2023_start..co2e_kg,534.6537027879656
out.emissions.electricity.exterior_lighting.lrmer_low_re_cost_15_2025_start..co2e_kg,485.18890346587546
out.emissions.electricity.exterior_lighting.lrmer_low_re_cost_25_2025_start..co2e_kg,377.93988960233577
out.emissions.electricity.exterior_lighting.lrmer_low_re_cost_30_2023_start..co2e_kg,384.75380990467715
out.emissions.electricity.exterior_lighting.lrmer_mid_case_15_2023_start..co2e_kg,623.2676540904076
out.emissions.electricity.exterior_lighting.lrmer_mid_case_15_2025_start..co2e_kg,992.0942381896873
out.emissions.electricity.exterior_lighting.lrmer_mid_case_25_2025_start..co2e_kg,892.9329620077767
out.emissions.electricity.exterior_lighting.lrmer_mid_case_30_2023_start..co2e_kg,496.30587412975154
out.emissions.electricity.heating.aer_95_decarb_by_2035_from_2023..co2e_kg,3545.3642517831204
out.emissions.electricity.heating.aer_95_decarb_by_2050_from_2023..co2e_kg,3545.3642517831204
out.emissions.electricity.heating.aer_high_re_cost_from_2023..co2e_kg,3550.8871741711964
out.emissions.electricity.heating.aer_low_re_cost_from_2023..co2e_kg,3460.3465061498996
out.emissions.electricity.heating.aer_mid_case_from_2023..co2e_kg,3543.710504933437
out.emissions.electricity.heating.egrid_2018_state..co2e_kg,1624.355672722327
out.emissions.electricity.heating.egrid_2018_subregion..co2e_kg,3326.490764800275
out.emissions.electricity.heating.egrid_2019_state..co2e_kg,2058.525427605719
out.emissions.electricity.heating.egrid_2019_subregion..co2e_kg,3722.083623598293
out.emissions.electricity.heating.egrid_2020_state..co2e_kg,1766.290316126645
out.emissions.electricity.heating.egrid_2020_subregion..co2e_kg,3121.8589706210937
out.emissions.electricity.heating.egrid_2021_state..co2e_kg,1689.2916381339633
out.emissions.electricity.heating.egrid_2021_subregion..co2e_kg,3301.4656774053933
out.emissions.electricity.heating.lrmer_95_decarb_by_2035_15_2023_start..co2e_kg,1281.9339332419886
out.emissions.electricity.heating.lrmer_95_decarb_by_2035_15_2025_start..co2e_kg,2083.594161738452
out.emissions.electricity.heating.lrmer_95_decarb_by_2035_25_2025_start..co2e_kg,1463.0759071772732
out.emissions.electricity.heating.lrmer_95_decarb_by_2035_30_2023_start..co2e_kg,780.6839365602968
out.emissions.electricity.heating.lrmer_95_decarb_by_2050_15_2023_start..co2e_kg,1925.9564791280632
out.emissions.electricity.heating.lrmer_95_decarb_by_2050_30_2023_start..co2e_kg,1342.4595481264005
out.emissions.electricity.heating.lrmer_high_re_cost_15_2023_start..co2e_kg,2406.8501635603825
out.emissions.electricity.heating.lrmer_high_re_cost_30_2023_start..co2e_kg,1923.7021309533036
out.emissions.electricity.heating.lrmer_low_re_cost_15_2023_start..co2e_kg,1700.866841213332
out.emissions.electricity.heating.lrmer_low_re_cost_15_2025_start..co2e_kg,1741.4956004618045
out.emissions.electricity.heating.lrmer_low_re_cost_25_2025_start..co2e_kg,1319.1840463812762
out.emissions.electricity.heating.lrmer_low_re_cost_30_2023_start..co2e_kg,1242.4818604996096
out.emissions.electricity.heating.lrmer_mid_case_15_2023_start..co2e_kg,2031.1246323342764
out.emissions.electricity.heating.lrmer_mid_case_15_2025_start..co2e_kg,3385.987421304892
out.emissions.electricity.heating.lrmer_mid_case_25_2025_start..co2e_kg,3086.942983898347
out.emissions.electricity.heating.lrmer_mid_case_30_2023_start..co2e_kg,1659.0332586172424
out.emissions.electricity.interior_equipment.aer_95_decarb_by_2035_from_2023..co2e_kg,799.9511202291953
out.emissions.electricity.interior_equipment.aer_95_decarb_by_2050_from_2023..co2e_kg,799.9511202291953
out.emissions.electricity.interior_equipment.aer_high_re_cost_from_2023..co2e_kg,803.2212692058655
out.emissions.electricity.interior_equipment.aer_low_re_cost_from_2023..co2e_kg,782.3414957360011
out.emissions.electricity.interior_equipment.aer_mid_case_from_2023..co2e_kg,799.4685185498503
out.emissions.electricity.interior_equipment.egrid_2018_state..co2e_kg,417.0441165473129
out.emissions.electricity.interior_equipment.egrid_2018_subregion..co2e_kg,854.0576583722589
out.emissions.electricity.interior_equipment.egrid_2019_state..co2e_kg,528.5147414218812
out.emissions.electricity.interior_equipment.egrid_2019_subregion..co2e_kg,955.6238837256932
out.emissions.electricity.interior_equipment.egrid_2020_state..co2e_kg,453.4850321423608
out.emissions.electricity.interior_equipment.egrid_2020_subregion..co2e_kg,801.5196045124644
out.emissions.electricity.interior_equipment.egrid_2021_state..co2e_kg,433.7160577865466
out.emissions.electricity.interior_equipment.egrid_2021_subregion..co2e_kg,847.6326089576644
out.emissions.electricity.interior_equipment.lrmer_95_decarb_by_2035_15_2023_start..co2e_kg,238.4287473868356
out.emissions.electricity.interior_equipment.lrmer_95_decarb_by_2035_15_2025_start..co2e_kg,474.8910684568071
out.emissions.electricity.interior_equipment.lrmer_95_decarb_by_2035_25_2025_start..co2e_kg,337.9827492707842
out.emissions.electricity.interior_equipment.lrmer_95_decarb_by_2035_30_2023_start..co2e_kg,145.21501572602713
out.emissions.electricity.interior_equipment.lrmer_95_decarb_by_2050_15_2023_start..co2e_kg,396.12321839364404
out.emissions.electricity.interior_equipment.lrmer_95_decarb_by_2050_30_2023_start..co2e_kg,278.85216075107326
out.emissions.electricity.interior_equipment.lrmer_high_re_cost_15_2023_start..co2e_kg,590.3535418294443
out.emissions.electricity.interior_equipment.lrmer_high_re_cost_30_2023_start..co2e_kg,463.8297885073222
out.emissions.electricity.interior_equipment.lrmer_low_re_cost_15_2023_start..co2e_kg,323.4441210145594
out.emissions.electricity.interior_equipment.lrmer_low_re_cost_15_2025_start..co2e_kg,355.9709698795084
out.emissions.electricity.interior_equipment.lrmer_low_re_cost_25_2025_start..co2e_kg,285.12774455496077
out.emissions.electricity.interior_equipment.lrmer_low_re_cost_30_2023_start..co2e_kg,246.56224437372504
out.emissions.electricity.interior_equipment.lrmer_mid_case_15_2023_start..co2e_kg,414.92449998691455
out.emissions.electricity.interior_equipment.lrmer_mid_case_15_2025_start..co2e_kg,795.1901983575011
out.emissions.electricity.interior_equipment.lrmer_mid_case_25_2025_start..co2e_kg,718.7536153217277
out.emissions.electricity.interior_equipment.lrmer_mid_case_30_2023_start..co2e_kg,348.18102160690904
out.emissions.electricity.interior_equipment_fuel_oil_ghg_emissions..co2e_kg,0.0
out.emissions.electricity.interior_equipment_natural_gas_ghg_emissions..co2e_kg,0.0
out.emissions.electricity.interior_equipment_propane_ghg_emissions..co2e_kg,0.0
out.emissions.electricity.interior_lighting.aer_95_decarb_by_2035_from_2023..co2e_kg,714.4653775937502
out.emissions.electricity.interior_lighting.aer_95_decarb_by_2050_from_2023..co2e_kg,714.4653775937502
out.emissions.electricity.interior_lighting.aer_high_re_cost_from_2023..co2e_kg,717.4449036142059
out.emissions.electricity.interior_lighting.aer_low_re_cost_from_2023..co2e_kg,698.8870692974699
out.emissions.electricity.interior_lighting.aer_mid_case_from_2023..co2e_kg,714.1539758725391
out.emissions.electricity.interior_lighting.egrid_2018_state..co2e_kg,391.08669279752985
out.emissions.electricity.interior_lighting.egrid_2018_subregion..co2e_kg,800.8998852123033
out.emissions.electricity.interior_lighting.egrid_2019_state..co2e_kg,495.619226159197
out.emissions.electricity.interior_lighting.egrid_2019_subregion..co2e_kg,896.1444830794379
out.emissions.electricity.interior_lighting.egrid_2020_state..co2e_kg,425.2594735588775
out.emissions.electricity.interior_lighting.egrid_2020_subregion..co2e_kg,751.6318751510356
out.emissions.electricity.interior_lighting.egrid_2021_state..co2e_kg,406.7209485106829
out.emissions.electricity.interior_lighting.egrid_2021_subregion..co2e_kg,794.8747400851704
out.emissions.electricity.interior_lighting.lrmer_95_decarb_by_2035_15_2023_start..co2e_kg,207.83656981649676
out.emissions.electricity.interior_lighting.lrmer_95_decarb_by_2035_15_2025_start..co2e_kg,440.5041178424729
out.emissions.electricity.interior_lighting.lrmer_95_decarb_by_2035_25_2025_start..co2e_kg,313.51570192767554
out.emissions.electricity.interior_lighting.lrmer_95_decarb_by_2035_30_2023_start..co2e_kg,126.58354129319335
out.emissions.electricity.interior_lighting.lrmer_95_decarb_by_2050_15_2023_start..co2e_kg,356.47215215489757
out.emissions.electricity.interior_lighting.lrmer_95_decarb_by_2050_30_2023_start..co2e_kg,251.758040329656
out.emissions.electricity.interior_lighting.lrmer_high_re_cost_15_2023_start..co2e_kg,544.9661261227188
out.emissions.electricity.interior_lighting.lrmer_high_re_cost_30_2023_start..co2e_kg,427.68513787529344
out.emissions.electricity.interior_lighting.lrmer_low_re_cost_15_2023_start..co2e_kg,286.6540070939707
out.emissions.electricity.interior_lighting.lrmer_low_re_cost_15_2025_start..co2e_kg,321.07384878429565
out.emissions.electricity.interior_lighting.lrmer_low_re_cost_25_2025_start..co2e_kg,257.7013872210947
out.emissions.electricity.interior_lighting.lrmer_low_re_cost_30_2023_start..co2e_kg,220.8605183101852
out.emissions.electricity.interior_lighting.lrmer_mid_case_15_2023_start..co2e_kg,373.11392930186656
out.emissions.electricity.interior_lighting.lrmer_mid_case_15_2025_start..co2e_kg,732.5153324330714
out.emissions.electricity.interior_lighting.lrmer_mid_case_25_2025_start..co2e_kg,662.175629158753
out.emissions.electricity.interior_lighting.lrmer_mid_case_30_2023_start..co2e_kg,315.3437402214636
out.emissions.electricity.lrmer_95_decarb_by_2035_15_2023_start..co2e_kg,3719.8825412090714
out.emissions.electricity.lrmer_95_decarb_by_2035_15_2025_start..co2e_kg,6886.791067343411
out.emissions.electricity.lrmer_95_decarb_by_2035_25_2025_start..co2e_kg,4889.302860704929
out.emissions.electricity.lrmer_95_decarb_by_2035_30_2023_start..co2e_kg,2265.5157408259233
out.emissions.electricity.lrmer_95_decarb_by_2050_15_2023_start..co2e_kg,5954.000741303761
out.emissions.electricity.lrmer_95_decarb_by_2050_30_2023_start..co2e_kg,4176.301663442286
out.emissions.electricity.lrmer_high_re_cost_15_2023_start..co2e_kg,8403.426198068146
out.emissions.electricity.lrmer_high_re_cost_30_2023_start..co2e_kg,6632.714851961372
out.emissions.electricity.lrmer_low_re_cost_15_2023_start..co2e_kg,5002.344431069181
out.emissions.electricity.lrmer_low_re_cost_15_2025_start..co2e_kg,5295.4016036669545
out.emissions.electricity.lrmer_low_re_cost_25_2025_start..co2e_kg,4182.64236529912
out.emissions.electricity.lrmer_low_re_cost_30_2023_start..co2e_kg,3756.974553032304
out.emissions.electricity.lrmer_mid_case_15_2023_start..co2e_kg,6249.907184450483
out.emissions.electricity.lrmer_mid_case_15_2025_start..co2e_kg,11452.761690019164
out.emissions.electricity.lrmer_mid_case_25_2025_start..co2e_kg,10389.890284791138
out.emissions.electricity.lrmer_mid_case_30_2023_start..co2e_kg,5197.996223253633
out.emissions.electricity.refrigeration.aer_95_decarb_by_2035_from_2023..co2e_kg,0.0
out.emissions.electricity.refrigeration.aer_95_decarb_by_2050_from_2023..co2e_kg,0.0
out.emissions.electricity.refrigeration.aer_high_re_cost_from_2023..co2e_kg,0.0
out.emissions.electricity.refrigeration.aer_low_re_cost_from_2023..co2e_kg,0.0
out.emissions.electricity.refrigeration.aer_mid_case_from_2023..co2e_kg,0.0
out.emissions.electricity.refrigeration.egrid_2018_state..co2e_kg,0.0
out.emissions.electricity.refrigeration.egrid_2018_subregion..co2e_kg,0.0
out.emissions.electricity.refrigeration.egrid_2019_state..co2e_kg,0.0
out.emissions.electricity.refrigeration.egrid_2019_subregion..co2e_kg,0.0
out.emissions.electricity.refrigeration.egrid_2020_state..co2e_kg,0.0
out.emissions.electricity.refrigeration.egrid_2020_subregion..co2e_kg,0.0
out.emissions.electricity.refrigeration.egrid_2021_state..co2e_kg,0.0
out.emissions.electricity.refrigeration.egrid_2021_subregion..co2e_kg,0.0
out.emissions.electricity.refrigeration.lrmer_95_decarb_by_2035_15_2023_start..co2e_kg,0.0
out.emissions.electricity.refrigeration.lrmer_95_decarb_by_2035_15_2025_start..co2e_kg,0.0
out.emissions.electricity.refrigeration.lrmer_95_decarb_by_2035_25_2025_start..co2e_kg,0.0
out.emissions.electricity.refrigeration.lrmer_95_decarb_by_2035_30_2023_start..co2e_kg,0.0
out.emissions.electricity.refrigeration.lrmer_95_decarb_by_2050_15_2023_start..co2e_kg,0.0
out.emissions.electricity.refrigeration.lrmer_95_decarb_by_2050_30_2023_start..co2e_kg,0.0
out.emissions.electricity.refrigeration.lrmer_high_re_cost_15_2023_start..co2e_kg,0.0
out.emissions.electricity.refrigeration.lrmer_high_re_cost_30_2023_start..co2e_kg,0.0
out.emissions.electricity.refrigeration.lrmer_low_re_cost_15_2023_start..co2e_kg,0.0
out.emissions.electricity.refrigeration.lrmer_low_re_cost_15_2025_start..co2e_kg,0.0
out.emissions.electricity.refrigeration.lrmer_low_re_cost_25_2025_start..co2e_kg,0.0
out.emissions.electricity.refrigeration.lrmer_low_re_cost_30_2023_start..co2e_kg,0.0
out.emissions.electricity.refrigeration.lrmer_mid_case_15_2023_start..co2e_kg,0.0
out.emissions.electricity.refrigeration.lrmer_mid_case_15_2025_start..co2e_kg,0.0
out.emissions.electricity.refrigeration.lrmer_mid_case_25_2025_start..co2e_kg,0.0
out.emissions.electricity.refrigeration.lrmer_mid_case_30_2023_start..co2e_kg,0.0
out.emissions.electricity.water_systems.aer_95_decarb_by_2035_from_2023..co2e_kg,3185.1224024676876
out.emissions.electricity.water_systems.aer_95_decarb_by_2050_from_2023..co2e_kg,3185.1224024676876
out.emissions.electricity.water_systems.aer_high_re_cost_from_2023..co2e_kg,3198.3816728510783
out.emissions.electricity.water_systems.aer_low_re_cost_from_2023..co2e_kg,3113.743066114921
out.emissions.electricity.water_systems.aer_mid_case_from_2023..co2e_kg,3183.513871111702
out.emissions.electricity.water_systems.egrid_2018_state..co2e_kg,1683.0333744816526
out.emissions.electricity.water_systems.egrid_2018_subregion..co2e_kg,3446.65584704176
out.emissions.electricity.water_systems.egrid_2019_state..co2e_kg,2132.886937916204
out.emissions.electricity.water_systems.egrid_2019_subregion..co2e_kg,3856.5389750071004
out.emissions.electricity.water_systems.egrid_2020_state..co2e_kg,1830.0952192833324
out.emissions.electricity.water_systems.egrid_2020_subregion..co2e_kg,3234.631999760564
out.emissions.electricity.water_systems.egrid_2021_state..co2e_kg,1750.3150658176437
out.emissions.electricity.water_systems.egrid_2021_subregion..co2e_kg,3420.726761440502
out.emissions.electricity.water_systems.lrmer_95_decarb_by_2035_15_2023_start..co2e_kg,984.8831238408346
out.emissions.electricity.water_systems.lrmer_95_decarb_by_2035_15_2025_start..co2e_kg,1929.1842156618507
out.emissions.electricity.water_systems.lrmer_95_decarb_by_2035_25_2025_start..co2e_kg,1371.2175467340833
out.emissions.electricity.water_systems.lrmer_95_decarb_by_2035_30_2023_start..co2e_kg,599.8408894112213
out.emissions.electricity.water_systems.lrmer_95_decarb_by_2050_15_2023_start..co2e_kg,1617.8346725869055
out.emissions.electricity.water_systems.lrmer_95_decarb_by_2050_30_2023_start..co2e_kg,1138.057252184765
out.emissions.electricity.water_systems.lrmer_high_re_cost_15_2023_start..co2e_kg,2387.338829767798
out.emissions.electricity.water_systems.lrmer_high_re_cost_30_2023_start..co2e_kg,1878.4118991892085
out.emissions.electricity.water_systems.lrmer_low_re_cost_15_2023_start..co2e_kg,1328.555202363437
out.emissions.electricity.water_systems.lrmer_low_re_cost_15_2025_start..co2e_kg,1447.908870253482
out.emissions.electricity.water_systems.lrmer_low_re_cost_25_2025_start..co2e_kg,1154.11314323583
out.emissions.electricity.water_systems.lrmer_low_re_cost_30_2023_start..co2e_kg,1010.3280322239858
out.emissions.electricity.water_systems.lrmer_mid_case_15_2023_start..co2e_kg,1697.638970405955
out.emissions.electricity.water_systems.lrmer_mid_case_15_2025_start..co2e_kg,3218.730592708703
out.emissions.electricity.water_systems.lrmer_mid_case_25_2025_start..co2e_kg,2906.0143040557
out.emissions.electricity.water_systems.lrmer_mid_case_30_2023_start..co2e_kg,1421.1773671704987
out.emissions.fuel_oil..co2e_kg,0.0
out.emissions.fuel_oil.enduse_group.hvac..co2e_kg,0.0
out.emissions.fuel_oil.heating..co2e_kg,0.0
out.emissions.fuel_oil.water_systems..co2e_kg,0.0
out.emissions.natural_gas..co2e_kg,0.0
out.emissions.natural_gas.enduse_group.hvac..co2e_kg,0.0
out.emissions.natural_gas.heating..co2e_kg,0.0
out.emissions.natural_gas.water_systems..co2e_kg,0.0
out.emissions.propane..co2e_kg,0.0
out.emissions.propane.enduse_group.hvac..co2e_kg,0.0
out.emissions.propane.heating..co2e_kg,0.0
out.emissions.propane.water_systems..co2e_kg,0.0
out.utility_bills.electricity_bill_intensity..usd_per_ft2,6.393
out.utility_bills.electricity_bill_max..usd,11479.0
out.utility_bills.electricity_bill_mean..usd,6393.0
out.utility_bills.electricity_bill_median..usd,5474.0
out.utility_bills.electricity_bill_min..usd,3640.0
out.utility_bills.electricity_bill_number_of_rates..usd,39.0
out.utility_bills.electricity_energy_rate..usd_per_kwh,0.156223187618789
out.utility_bills.electricity_utility_eia_id,14354
out.utility_bills.fuel_oil_bill..usd,
out.utility_bills.fuel_oil_bill_intensity..usd_per_ft2,
out.utility_bills.fuel_oil_rate_name,
out.utility_bills.natural_gas_bill..usd,
out.utility_bills.natural_gas_bill_intensity..usd_per_ft2,
out.utility_bills.natural_gas_energy_rate..usd_per_kwh,
out.utility_bills.natural_gas_rate_name,
out.utility_bills.propane_bill..usd,
out.utility_bills.propane_bill_intensity..usd_per_ft2,
out.utility_bills.propane_rate_name,
out.params.air_system_fan_power_minimum_flow_fraction,0.0
out.params.air_system_fan_static_pressure..inwc,0.0
out.params.air_system_fan_total_efficiency,0.0
out.params.area_fraction_with_dcv,0.0
out.params.area_fraction_with_economizer,0.0
out.params.area_fraction_with_heat_recovery,0.0
out.params.area_fraction_with_motorized_oa_damper,1.0
out.params.area_fraction_with_mz_vav_optimization,0.0
out.params.area_fraction_with_supply_air_temperature_reset,0.0
out.params.area_fraction_with_unoccupied_shutdown,1.0
out.params.average_cooling_setpoint_max..c,25.555555555555596
out.params.average_cooling_setpoint_min..c,21.666666666666696
out.params.average_heating_setpoint_max..c,19.4444444444445
out.params.average_heating_setpoint_min..c,14.4444444444445
out.params.average_outdoor_air_fraction,0.2514159171706624
out.params.average_roof_absorptance,0.7000000000000001
out.params.average_roof_u_value..btu_per_ft2_f_hr,0.0760453591454844
out.params.average_wall_u_value..btu_per_ft2_f_hr,0.16101592256526578
out.params.average_window_shgc,0.746
out.params.average_window_u_value..btu_per_ft2_f_hr,1.01122362
out.params.average_window_vlt,0.756
out.params.boiler_average_efficiency,0.0
out.params.boiler_cap_weight_efficiency,0.0
out.params.boiler_capacity..kbtu_per_hr,0.0
out.params.boiler_electric..j,0.0
out.params.boiler_gas..j,0.0
out.params.boiler_load..j,0.0
out.params.boiler_load_weight_efficiency,0.0
out.params.boiler_other_fuel..j,0.0
out.params.booster_water_heater_electric..j,6157490165.978725
out.params.booster_water_heater_gas..j,0.0
out.params.broiler_fuel_type,Gas
out.params.building_fraction_cooled,1.0
out.params.building_fraction_heated,1.0
out.params.cdd50f,3670.5587946428436
out.params.cdd65f,1250.753906249993
out.params.chiller_average_cop..cop,0.0
out.params.chiller_capacity..tons,0.0
out.params.cooling_equipment_capacity..tons,5.672886105279101
out.params.daylight_control_fraction,0.0
out.params.design_chiller_cop..cop,0.0
out.params.design_outdoor_air_flow_rate..m3_per_m2_s,0.002747259936000002
out.params.dining_type,Cafe
out.params.dx_cooling_average_cop..cop,3.8825085383662246
out.params.dx_cooling_capacity_tons..tons,5.672886105279101
out.params.dx_cooling_design_cop..cop,4.11713235489972
out.params.dx_cooling_design_eer_135_to_240_kbtuh..eer,0.0
out.params.dx_cooling_design_eer_240_to_760_kbtuh..eer,0.0
out.params.dx_cooling_design_eer_65_to_135_kbtuh..eer,0.0
out.params.dx_cooling_design_eer_760_plus_kbtuh..eer,0.0
out.params.dx_cooling_design_ieer_135_to_240_kbtuh..ieer,0.0
out.params.dx_cooling_design_ieer_240_to_760_kbtuh..ieer,0.0
out.params.dx_cooling_design_ieer_65_to_135_kbtuh..ieer,0.0
out.params.dx_cooling_design_ieer_760_plus_kbtuh..ieer,0.0
out.params.dx_cooling_design_seer_0_to_30_kbtuh..seer,0.0
out.params.dx_cooling_design_seer_30_to_65_kbtuh..seer,0.0
out.params.dx_cooling_electric..j,12372662019.361713
out.params.dx_cooling_load..j,48022680818.4054
out.params.dx_heating_average_cop..cop,0.0
out.params.dx_heating_average_minimum_operating_temperature..c,0.0
out.params.dx_heating_average_total_cop..cop,0.0
out.params.dx_heating_capacity_at_0f..kbtu_per_hr,0.0
out.params.dx_heating_capacity_at_17f..kbtu_per_hr,0.0
out.params.dx_heating_capacity_at_5f..kbtu_per_hr,0.0
out.params.dx_heating_capacity_at_rated..kbtu_per_hr,0.0
out.params.dx_heating_defrost_energy..kbtu,0.0
out.params.dx_heating_design_cop..cop,0.0
out.params.dx_heating_design_cop_0f..cop,0.0
out.params.dx_heating_design_cop_135_to_240_kbtuh..cop,0.0
out.params.dx_heating_design_cop_17f..cop,0.0
out.params.dx_heating_design_cop_240_plus_kbtuh..cop,0.0
out.params.dx_heating_design_cop_5f..cop,0.0
out.params.dx_heating_design_cop_65_to_135_kbtuh..cop,0.0
out.params.dx_heating_design_hspf_0_to_30_kbtuh..hspf,0.0
out.params.dx_heating_design_hspf_30_to_65_kbtuh..hspf,0.0
out.params.dx_heating_fraction_electric_defrost,0.0
out.params.dx_heating_fraction_electric_supplemental,0.0
out.params.dx_heating_fraction_supplemental,0.0
out.params.dx_heating_hours_below_minus_20f..hr,0.0
out.params.dx_heating_ratio_defrost,0.0
out.params.dx_heating_supplemental_capacity..kbtu_per_hr,0.0
out.params.dx_heating_supplemental_capacity_electric..kbtu_per_hr,0.0
out.params.dx_heating_supplemental_capacity_gas..kbtu_per_hr,0.0
out.params.dx_heating_total_dx_electric..j,0.0
out.params.dx_heating_total_dx_load..j,0.0
out.params.dx_heating_total_load..j,0.0
out.params.dx_heating_total_supplemental_electric..j,0.0
out.params.dx_heating_total_supplemental_gas..j,0.0
out.params.dx_heating_total_supplemental_load..j,0.0
out.params.dx_heating_total_supplemental_load_electric..j,0.0
out.params.dx_heating_total_supplemental_load_gas..j,0.0
out.params.economizer_control_type,NoEconomizer
out.params.economizer_high_limit_enthalpy..j_per_kg,-999.0
out.params.economizer_high_limit_temperature..c,-999.0
out.params.elevator_energy_consumption..kwh,0.0
out.params.ext_roof_area..m2,92.90304000000008
out.params.ext_wall_area..m2,199.17872723081925
out.params.ext_window_area..m2,12.71
out.params.exterior_lighting_power..w,696.3
out.params.fluid_hx_demand_inlet_temp..c,-999.0
out.params.fluid_hx_demand_outlet_temp..c,-999.0
out.params.fluid_hx_supply_inlet_temp..c,-999.0
out.params.fluid_hx_supply_outlet_temp..c,-999.0
out.params.fluid_hx_transfer_energy..j,0.0
out.params.fryer_fuel_type,Gas
out.params.furnace_capacity..kbtu_per_hr,0.0
out.params.gas_coil_average_efficiency,0.0
out.params.ghx_borehole_depth..ft,0.0
out.params.ghx_flow_rate..ft3_per_min,0.0
out.params.ghx_num_boreholes,0.0
out.params.griddle_fuel_type,Gas
out.params.hdd50f,1467.0843571428668
out.params.hdd65f,4522.279468750016
out.params.heat_pump_cooling_average_cop..cop,0.0
out.params.heat_pump_cooling_cap_weight_cop..cop,0.0
out.params.heat_pump_cooling_capacity..kbtu_per_hr,0.0
out.params.heat_pump_cooling_load_weight_cop..cop,0.0
out.params.heat_pump_cooling_source_inlet_temp..c,-999.0
out.params.heat_pump_cooling_total_electric..j,0.0
out.params.heat_pump_cooling_total_load..j,0.0
out.params.heat_pump_heating_average_cop..cop,0.0
out.params.heat_pump_heating_cap_weight_cop..cop,0.0
out.params.heat_pump_heating_capacity..kbtu_per_hr,0.0
out.params.heat_pump_heating_load_weight_cop..cop,0.0
out.params.heat_pump_heating_source_inlet_temp..c,-999.0
out.params.heat_pump_heating_total_electric..j,0.0
out.params.heat_pump_heating_total_load..j,0.0
out.params.heating_equipment..kbtu_per_hr,0.0
out.params.hot_water_loop_boiler_fraction,0.0
out.params.hot_water_loop_heat_pump_fraction,0.0
out.params.hot_water_loop_load..j,0.0
out.params.hot_water_volume..m3,96.22749894512782
out.params.hours_above_65f..hr,2576.0
out.params.hours_below_0f..hr,0.0
out.params.hours_below_17f..hr,4.0
out.params.hours_below_50f..hr,3597.0
out.params.hours_below_5f..hr,0.0
out.params.hours_cooling_setpoint_not_met..hr,21.0
out.params.hours_heating_setpoint_not_met..hr,0.0
out.params.hp_water_heater_0_to_40_gal_capacity..w,0.0
out.params.hp_water_heater_0_to_40_gal_cop..cop,0.0
out.params.hp_water_heater_0_to_40_gal_count,0.0
out.params.hp_water_heater_0_to_40_gal_total_volume..gal,0.0
out.params.hp_water_heater_40_to_65_gal_capacity..w,0.0
out.params.hp_water_heater_40_to_65_gal_cop..cop,0.0
out.params.hp_water_heater_40_to_65_gal_count,0.0
out.params.hp_water_heater_40_to_65_gal_total_volume..gal,0.0
out.params.hp_water_heater_65_to_90_gal_capacity..w,0.0
out.params.hp_water_heater_65_to_90_gal_cop..cop,0.0
out.params.hp_water_heater_65_to_90_gal_count,0.0
out.params.hp_water_heater_65_to_90_gal_total_volume..gal,0.0
out.params.hp_water_heater_90_plus_capacity..w,0.0
out.params.hp_water_heater_90_plus_gal_cop..cop,0.0
out.params.hp_water_heater_90_plus_gal_count,0.0
out.params.hp_water_heater_90_plus_gal_total_volume..gal,0.0
out.params.hp_water_heater_backup_electric..j,0.0
out.params.hp_water_heater_capacity..w,0.0
out.params.hp_water_heater_cop..cop,0.0
out.params.hp_water_heater_count,0.0
out.params.hp_water_heater_heat_pump_electric..j,0.0
out.params.hp_water_heater_heat_pump_output..j,0.0
out.params.hp_water_heater_tank_output..j,0.0
out.params.hp_water_heater_total_electric..j,0.0
out.params.hp_water_heater_total_output..j,0.0
out.params.hp_water_heater_total_volume..gal,0.0
out.params.hp_water_heater_unmet_heat_transfer_demand..j,0.0
out.params.hvac_count_boilers,0.0
out.params.hvac_count_boilers_0_to_300_kbtuh,0.0
out.params.hvac_count_boilers_2500_plus_kbtuh,0.0
out.params.hvac_count_boilers_300_to_2500_kbtuh,0.0
out.params.hvac_count_chillers_0_to_75_tons,0.0
out.params.hvac_count_chillers_150_to_300_tons,0.0
out.params.hvac_count_chillers_300_to_600_tons,0.0
out.params.hvac_count_chillers_600_plus_tons,0.0
out.params.hvac_count_chillers_75_to_150_tons,0.0
out.params.hvac_count_dx_cooling_0_to_30_kbtuh,5.0
out.params.hvac_count_dx_cooling_135_to_240_kbtuh,0.0
out.params.hvac_count_dx_cooling_240_to_760_kbtuh,0.0
out.params.hvac_count_dx_cooling_30_to_65_kbtuh,0.0
out.params.hvac_count_dx_cooling_65_to_135_kbtuh,0.0
out.params.hvac_count_dx_cooling_760_plus_kbtuh,0.0
out.params.hvac_count_dx_heating_0_to_30_kbtuh,0.0
out.params.hvac_count_dx_heating_135_to_240_kbtuh,0.0
out.params.hvac_count_dx_heating_240_plus_kbtuh,0.0
out.params.hvac_count_dx_heating_30_to_65_kbtuh,0.0
out.params.hvac_count_dx_heating_65_to_135_kbtuh,0.0
out.params.hvac_count_furnace_0_to_30_kbtuh,0.0
out.params.hvac_count_furnace_135_to_240_kbtuh,0.0
out.params.hvac_count_furnace_240_plus_kbtuh,0.0
out.params.hvac_count_furnace_30_to_65_kbtuh,0.0
out.params.hvac_count_furnace_65_to_135_kbtuh,0.0
out.params.hvac_count_heat_pumps_cooling,0.0
out.params.hvac_count_heat_pumps_heating,0.0
out.params.hvac_count_heat_pumps_heating_0_to_300_kbtuh,0.0
out.params.hvac_count_heat_pumps_heating_2500_plus_kbtuh,0.0
out.params.hvac_count_heat_pumps_heating_300_to_2500_kbtuh,0.0
out.params.interior_electric_equipment_eflh..hr,3156.625569038573
out.params.interior_electric_equipment_power_density..w_per_ft2,0.9275023957527855
out.params.interior_lighting_eflh..hr,4767.971585205775
out.params.interior_lighting_power_density..w_per_ft2,0.5756188355651238
out.params.internal_mass_area_ratio,2.0
out.params.non_hp_water_heater_0_to_40_gal_count,1.0
out.params.non_hp_water_heater_0_to_40_gal_total_volume..gal,6.0
out.params.non_hp_water_heater_40_to_65_gal_count,4.0
out.params.non_hp_water_heater_40_to_65_gal_total_volume..gal,190.0
out.params.non_hp_water_heater_65_to_90_gal_count,0.0
out.params.non_hp_water_heater_65_to_90_gal_total_volume..gal,0.0
out.params.non_hp_water_heater_90_plus_gal_count,0.0
out.params.non_hp_water_heater_90_plus_gal_total_volume..gal,0.0
out.params.non_hp_water_heater_count,5.0
out.params.non_hp_water_heater_electric..j,42518565134.17238
out.params.non_hp_water_heater_gas..j,0.0
out.params.non_hp_water_heater_other_fuel..j,0.0
out.params.non_hp_water_heater_total_volume_gal..gal,196.0
out.params.non_hp_water_heater_unmet_heat_transfer_demand..j,1274336717.786265
out.params.num_air_loops,5.0
out.params.num_air_loops_dcv,0.0
out.params.num_air_loops_economizer,0.0
out.params.num_air_loops_heat_recovery,0.0
out.params.num_broilers,0
out.params.num_errors,1.0
out.params.num_fryers,0
out.params.num_griddles,0
out.params.num_ovens,0
out.params.num_ranges,0
out.params.num_steamers,0
out.params.num_warnings,2601723.0
out.params.number_of_spaces,5.0
out.params.number_of_surfaces,30.0
out.params.number_of_zones,5.0
out.params.occupant_density_ppl_per_m_2..people_per_m2,0.27475871618409936
out.params.occupant_eflh..hr,1823.9118935852703
out.params.oven_fuel_type,Electric
out.params.range_fuel_type,Gas
out.params.smallest_space_floor_area..m2,7.60318479360001
out.params.steamer_fuel_type,Electric
out.params.vrf_area_average_indoor_unit_cooling_capacity..w,0.0
out.params.vrf_area_average_indoor_unit_heating_capacity..w,0.0
out.params.vrf_average_line_height..m,0.0
out.params.vrf_average_line_length..m,0.0
out.params.vrf_average_num_compressors,0.0
out.params.vrf_average_outdoor_unit_cooling_capacity..w,0.0
out.params.vrf_average_outdoor_unit_heating_capacity..w,0.0
out.params.vrf_cooling_average_cop,0.0
out.params.vrf_cooling_design_cop,0.0
out.params.vrf_cooling_design_cop_110f,0.0
out.params.vrf_cooling_design_cop_35f,0.0
out.params.vrf_cooling_design_cop_60f,0.0
out.params.vrf_cooling_design_cop_85f,0.0
out.params.vrf_heating_average_cop,0.0
out.params.vrf_heating_average_total_cop,0.0
out.params.vrf_heating_design_cop,0.0
out.params.vrf_heating_design_cop_0f,0.0
out.params.vrf_heating_design_cop_20f,0.0
out.params.vrf_heating_design_cop_40f,0.0
out.params.vrf_heating_design_cop_minus22f,0.0
out.params.vrf_heating_fraction_supplemental,0.0
out.params.vrf_heating_total_supplemental_electric..j,0.0
out.params.vrf_heating_total_supplemental_gas..j,0.0
out.params.vrf_heating_total_supplemental_load..j,0.0
out.params.vrf_heating_total_supplemental_load_electric..j,0.0
out.params.vrf_heating_total_supplemental_load_gas..j,0.0
out.params.vrf_indoor_unit_count,0.0
out.params.vrf_outdoor_unit_count,0.0
out.params.vrf_temperature_type,
out.params.vrf_total_cooling_load..j,0.0
out.params.vrf_total_heat_recovery..j,0.0
out.params.vrf_total_heating_load..j,0.0
out.params.vrf_total_indoor_unit_cooling_capacity..w,0.0
out.params.vrf_total_indoor_unit_heating_capacity..w,0.0
out.params.vrf_total_outdoor_unit_cooling_capacity..w,0.0
out.params.vrf_total_outdoor_unit_heating_capacity..w,0.0
out.params.wa_hp_cooling_average_cop..cop,0.0
out.params.wa_hp_cooling_capacity..w,0.0
out.params.wa_hp_cooling_design_cop..cop,0.0
out.params.wa_hp_cooling_electric..j,0.0
out.params.wa_hp_cooling_load..j,0.0
out.params.wa_hp_heating_average_cop..cop,0.0
out.params.wa_hp_heating_capacity..w,0.0
out.params.wa_hp_heating_design_cop..cop,0.0
out.params.wa_hp_heating_electric..j,0.0
out.params.wa_hp_heating_load..j,0.0
out.params.window_to_wall_ratio,0.06
out.params.zone_hvac_fan_power_minimum_flow_fraction,1.0
out.params.zone_hvac_fan_static_pressure..inwc,2.5002299341249996
out.params.zone_hvac_fan_total_efficiency,0.55575
calc.emissions.total_with_cambium_mid_case_15y..co2e_kg,3719.8825412090714
calc.emissions.total_with_egrid..co2e_kg,11851.95828828093
calc.enduse_group.district_cooling.hvac.energy_consumption..kwh,0.0
calc.enduse_group.district_heating.hvac.energy_consumption..kwh,0.0
calc.enduse_group.district_heating.water_systems.energy_consumption..kwh,0.0
calc.enduse_group.electricity.hvac.energy_consumption..kwh,20405.555555555555
calc.enduse_group.electricity.interior_equipment.energy_consumption..kwh,2927.777777777778
calc.enduse_group.electricity.lighting.energy_consumption..kwh,5777.777777777777
calc.enduse_group.electricity.refrigeration.energy_consumption..kwh,0.0
calc.enduse_group.electricity.water_systems.energy_consumption..kwh,11811.111111111111
calc.enduse_group.natural_gas.hvac.energy_consumption..kwh,0.0
calc.enduse_group.natural_gas.interior_equipment.energy_consumption..kwh,0.0
calc.enduse_group.natural_gas.water_systems.energy_consumption..kwh,0.0
calc.enduse_group.other_fuel.hvac.energy_consumption..kwh,0.0
calc.enduse_group.other_fuel.interior_equipment.energy_consumption..kwh,0.0
calc.enduse_group.other_fuel.water_systems.energy_consumption..kwh,0.0
calc.enduse_group.site_energy.cooling.energy_consumption..kwh,3436.111111111111
calc.enduse_group.site_energy.heating.energy_consumption..kwh,11400.0
calc.enduse_group.site_energy.hvac.energy_consumption..kwh,20405.555555555555
calc.enduse_group.site_energy.interior_equipment.energy_consumption..kwh,2927.777777777778
calc.enduse_group.site_energy.lighting.energy_consumption..kwh,5777.777777777777
calc.enduse_group.site_energy.refrigeration.energy_consumption..kwh,0.0
calc.enduse_group.site_energy.water_systems.energy_consumption..kwh,11811.111111111111
calc.percent_savings.district_cooling.cooling.energy_consumption..percent,0.0
calc.percent_savings.district_cooling.cooling.energy_consumption_intensity..percent,0.0
calc.percent_savings.district_cooling.total.energy_consumption..percent,0.0
calc.percent_savings.district_cooling.total.energy_consumption_intensity..percent,0.0
calc.percent_savings.district_heating.cooling.energy_consumption..percent,0.0
calc.percent_savings.district_heating.cooling.energy_consumption_intensity..percent,0.0
calc.percent_savings.district_heating.heating.energy_consumption..percent,0.0
calc.percent_savings.district_heating.heating.energy_consumption_intensity..percent,0.0
calc.percent_savings.district_heating.total.energy_consumption..percent,0.0
calc.percent_savings.district_heating.total.energy_consumption_intensity..percent,0.0
calc.percent_savings.district_heating.water_systems.energy_consumption..percent,0.0
calc.percent_savings.district_heating.water_systems.energy_consumption_intensity..percent,0.0
calc.percent_savings.electricity.cooling.energy_consumption..percent,0.0
calc.percent_savings.electricity.cooling.energy_consumption_intensity..percent,0.0
calc.percent_savings.electricity.exterior_lighting.energy_consumption..percent,0.0
calc.percent_savings.electricity.exterior_lighting.energy_consumption_intensity..percent,0.0
calc.percent_savings.electricity.fans.energy_consumption..percent,0.0
calc.percent_savings.electricity.fans.energy_consumption_intensity..percent,0.0
calc.percent_savings.electricity.heat_recovery.energy_consumption..percent,0.0
calc.percent_savings.electricity.heat_recovery.energy_consumption_intensity..percent,0.0
calc.percent_savings.electricity.heat_rejection.energy_consumption..percent,0.0
calc.percent_savings.electricity.heat_rejection.energy_consumption_intensity..percent,0.0
calc.percent_savings.electricity.heating.energy_consumption..percent,0.0
calc.percent_savings.electricity.heating.energy_consumption_intensity..percent,0.0
calc.percent_savings.electricity.interior_equipment.energy_consumption..percent,0.0
calc.percent_savings.electricity.interior_equipment.energy_consumption_intensity..percent,0.0
calc.percent_savings.electricity.interior_lighting.energy_consumption..percent,0.0
calc.percent_savings.electricity.interior_lighting.energy_consumption_intensity..percent,0.0
calc.percent_savings.electricity.pumps.energy_consumption..percent,0.0
calc.percent_savings.electricity.pumps.energy_consumption_intensity..percent,0.0
calc.percent_savings.electricity.refrigeration.energy_consumption..percent,0.0
calc.percent_savings.electricity.refrigeration.energy_consumption_intensity..percent,0.0
calc.percent_savings.electricity.total.energy_consumption..percent,0.0
calc.percent_savings.electricity.total.energy_consumption_intensity..percent,0.0
calc.percent_savings.electricity.water_systems.energy_consumption..percent,0.0
calc.percent_savings.electricity.water_systems.energy_consumption_intensity..percent,0.0
calc.percent_savings.natural_gas.cooling.energy_consumption..percent,0.0
calc.percent_savings.natural_gas.cooling.energy_consumption_intensity..percent,0.0
calc.percent_savings.natural_gas.heating.energy_consumption..percent,0.0
calc.percent_savings.natural_gas.heating.energy_consumption_intensity..percent,0.0
calc.percent_savings.natural_gas.interior_equipment.energy_consumption..percent,0.0
calc.percent_savings.natural_gas.interior_equipment.energy_consumption_intensity..percent,0.0
calc.percent_savings.natural_gas.total.energy_consumption..percent,0.0
calc.percent_savings.natural_gas.total.energy_consumption_intensity..percent,0.0
calc.percent_savings.natural_gas.water_systems.energy_consumption..percent,0.0
calc.percent_savings.natural_gas.water_systems.energy_consumption_intensity..percent,0.0
calc.percent_savings.other_fuel.cooling.energy_consumption..percent,0.0
calc.percent_savings.other_fuel.cooling.energy_consumption_intensity..percent,0.0
calc.percent_savings.other_fuel.heating.energy_consumption..percent,0.0
calc.percent_savings.other_fuel.heating.energy_consumption_intensity..percent,0.0
calc.percent_savings.other_fuel.interior_equipment.energy_consumption..percent,0.0
calc.percent_savings.other_fuel.interior_equipment.energy_consumption_intensity..percent,0.0
calc.percent_savings.other_fuel.total.energy_consumption..percent,0.0
calc.percent_savings.other_fuel.total.energy_consumption_intensity..percent,0.0
calc.percent_savings.other_fuel.water_systems.energy_consumption..percent,0.0
calc.percent_savings.other_fuel.water_systems.energy_consumption_intensity..percent,0.0
calc.percent_savings.site_energy.total.energy_consumption..percent,0.0
calc.percent_savings.site_energy.total.energy_consumption_intensity..percent,0.0
calc.segment,C: Strip Malls with some Food-Service with Small Packaged Units
calc.weighted.district_cooling.cooling.energy_consumption..tbtu,0.0
calc.weighted.district_cooling.total.energy_consumption..tbtu,0.0
calc.weighted.district_heating.cooling.energy_consumption..tbtu,0.0
calc.weighted.district_heating.heating.energy_consumption..tbtu,0.0
calc.weighted.district_heating.total.energy_consumption..tbtu,0.0
calc.weighted.district_heating.water_systems.energy_consumption..tbtu,0.0
calc.weighted.electricity.cooling.energy_consumption..tbtu,2.1932457076605317e-05
calc.weighted.electricity.exterior_lighting.energy_consumption..tbtu,1.936155467069766e-05
calc.weighted.electricity.fans.energy_consumption..tbtu,3.554937464720587e-05
calc.weighted.electricity.heat_recovery.energy_consumption..tbtu,0.0
calc.weighted.electricity.heat_rejection.energy_consumption..tbtu,0.0
calc.weighted.electricity.heating.energy_consumption..tbtu,7.276540326789671e-05
calc.weighted.electricity.interior_equipment.energy_consumption..tbtu,1.8687800936735655e-05
calc.weighted.electricity.interior_lighting.energy_consumption..tbtu,1.7517597083012168e-05
calc.weighted.electricity.pumps.energy_consumption..tbtu,0.0
calc.weighted.electricity.refrigeration.energy_consumption..tbtu,0.0
calc.weighted.electricity.total.energy_consumption..tbtu,0.00026120368444021793
calc.weighted.electricity.water_systems.energy_consumption..tbtu,7.538949675806451e-05
calc.weighted.emissions.electricity.egrid_2021_subregion..co2e_mmt,2.2170891354773804e-05
calc.weighted.emissions.electricity.lrmer_high_re_cost_15_2023_start..co2e_mmt,1.571988735645916e-05
calc.weighted.emissions.electricity.lrmer_low_re_cost_15_2023_start..co2e_mmt,9.35764640768737e-06
calc.weighted.emissions.fuel_oil..co2e_mmt,0.0
calc.weighted.emissions.natural_gas..co2e_mmt,0.0
calc.weighted.emissions.propane..co2e_mmt,0.0
calc.weighted.emissions.total_with_cambium_mid_case_15y..co2e_mmt,6.958606305188789e-06
calc.weighted.emissions.total_with_egrid..co2e_mmt,2.2170891354773804e-05
calc.weighted.enduse_group.district_cooling.hvac.energy_consumption..tbtu,0.0
calc.weighted.enduse_group.district_heating.hvac.energy_consumption..tbtu,0.0
calc.weighted.enduse_group.district_heating.interior_equipment.energy_consumption..tbtu,0.0
calc.weighted.enduse_group.district_heating.water_systems.energy_consumption..tbtu,0.0
calc.weighted.enduse_group.electricity.hvac.emissions.egrid_2021_subregion..co2e_mmt,1.1055346720891144e-05
calc.weighted.enduse_group.electricity.hvac.energy_consumption..tbtu,0.0001302472349917079
calc.weighted.enduse_group.electricity.interior_equipment.emissions.egrid_2021_subregion..co2e_mmt,1.5862150073263365e-06
calc.weighted.enduse_group.electricity.interior_equipment.energy_consumption..tbtu,1.8687800936735655e-05
calc.weighted.enduse_group.electricity.lighting.emissions.egrid_2021_subregion..co2e_mmt,3.1302914755586144e-06
calc.weighted.enduse_group.electricity.lighting.energy_consumption..tbtu,3.687915175370983e-05
calc.weighted.enduse_group.electricity.refrigeration.emissions.egrid_2021_subregion..co2e_mmt,0.0
calc.weighted.enduse_group.electricity.refrigeration.energy_consumption..tbtu,0.0
calc.weighted.enduse_group.electricity.water_systems.emissions.egrid_2021_subregion..co2e_mmt,6.3990381509977055e-06
calc.weighted.enduse_group.electricity.water_systems.energy_consumption..tbtu,7.538949675806451e-05
calc.weighted.enduse_group.natural_gas.hvac.emissions..co2e_mmt,0.0
calc.weighted.enduse_group.natural_gas.hvac.energy_consumption..tbtu,0.0
calc.weighted.enduse_group.natural_gas.interior_equipment.emissions..co2e_mmt,0.0
calc.weighted.enduse_group.natural_gas.interior_equipment.energy_consumption..tbtu,0.0
calc.weighted.enduse_group.natural_gas.water_systems.emissions..co2e_mmt,0.0
calc.weighted.enduse_group.natural_gas.water_systems.energy_consumption..tbtu,0.0
calc.weighted.enduse_group.other_fuel.hvac.emissions..co2e_mmt,0.0
calc.weighted.enduse_group.other_fuel.hvac.energy_consumption..tbtu,0.0
calc.weighted.enduse_group.other_fuel.interior_equipment.emissions..co2e_mmt,0.0
calc.weighted.enduse_group.other_fuel.interior_equipment.energy_consumption..tbtu,0.0
calc.weighted.enduse_group.other_fuel.water_systems.emissions..co2e_mmt,0.0
calc.weighted.enduse_group.other_fuel.water_systems.energy_consumption..tbtu,0.0
calc.weighted.enduse_group.site_energy.hvac.emissions..co2e_mmt,1.1055346720891147e-05
calc.weighted.enduse_group.site_energy.hvac.energy_consumption..tbtu,0.0001302472349917079
calc.weighted.enduse_group.site_energy.interior_equipment.emissions..co2e_mmt,1.5862150073263367e-06
calc.weighted.enduse_group.site_energy.interior_equipment.energy_consumption..tbtu,1.8687800936735655e-05
calc.weighted.enduse_group.site_energy.lighting.emissions..co2e_mmt,3.130291475558615e-06
calc.weighted.enduse_group.site_energy.lighting.energy_consumption..tbtu,3.687915175370983e-05
calc.weighted.enduse_group.site_energy.refrigeration.emissions..co2e_mmt,0.0
calc.weighted.enduse_group.site_energy.refrigeration.energy_consumption..tbtu,0.0
calc.weighted.enduse_group.site_energy.water_systems.emissions..co2e_mmt,6.399038150997706e-06
calc.weighted.enduse_group.site_energy.water_systems.energy_consumption..tbtu,7.538949675806451e-05
calc.weighted.natural_gas.cooling.energy_consumption..tbtu,0.0
calc.weighted.natural_gas.heating.energy_consumption..tbtu,0.0
calc.weighted.natural_gas.interior_equipment.energy_consumption..tbtu,0.0
calc.weighted.natural_gas.total.energy_consumption..tbtu,0.0
calc.weighted.natural_gas.water_systems.energy_consumption..tbtu,0.0
calc.weighted.other_fuel.cooling.energy_consumption..tbtu,0.0
calc.weighted.other_fuel.heating.energy_consumption..tbtu,0.0
calc.weighted.other_fuel.interior_equipment.energy_consumption..tbtu,0.0
calc.weighted.other_fuel.total.energy_consumption..tbtu,0.0
calc.weighted.other_fuel.water_systems.energy_consumption..tbtu,0.0
calc.weighted.savings.district_cooling.cooling.energy_consumption..tbtu,0.0
calc.weighted.savings.district_cooling.total.energy_consumption..tbtu,0.0
calc.weighted.savings.district_heating.cooling.energy_consumption..tbtu,0.0
calc.weighted.savings.district_heating.heating.energy_consumption..tbtu,0.0
calc.weighted.savings.district_heating.total.energy_consumption..tbtu,0.0
calc.weighted.savings.district_heating.water_systems.energy_consumption..tbtu,0.0
calc.weighted.savings.electricity.cooling.energy_consumption..tbtu,0.0
calc.weighted.savings.electricity.exterior_lighting.energy_consumption..tbtu,0.0
calc.weighted.savings.electricity.fans.energy_consumption..tbtu,0.0
calc.weighted.savings.electricity.heat_recovery.energy_consumption..tbtu,0.0
calc.weighted.savings.electricity.heat_rejection.energy_consumption..tbtu,0.0
calc.weighted.savings.electricity.heating.energy_consumption..tbtu,0.0
calc.weighted.savings.electricity.interior_equipment.energy_consumption..tbtu,0.0
calc.weighted.savings.electricity.interior_lighting.energy_consumption..tbtu,0.0
calc.weighted.savings.electricity.pumps.energy_consumption..tbtu,0.0
calc.weighted.savings.electricity.refrigeration.energy_consumption..tbtu,0.0
calc.weighted.savings.electricity.total.energy_consumption..tbtu,0.0
calc.weighted.savings.electricity.water_systems.energy_consumption..tbtu,0.0
calc.weighted.savings.natural_gas.cooling.energy_consumption..tbtu,0.0
calc.weighted.savings.natural_gas.heating.energy_consumption..tbtu,0.0
calc.weighted.savings.natural_gas.interior_equipment.energy_consumption..tbtu,0.0
calc.weighted.savings.natural_gas.total.energy_consumption..tbtu,0.0
calc.weighted.savings.natural_gas.water_systems.energy_consumption..tbtu,0.0
calc.weighted.savings.other_fuel.cooling.energy_consumption..tbtu,0.0
calc.weighted.savings.other_fuel.heating.energy_consumption..tbtu,0.0
calc.weighted.savings.other_fuel.interior_equipment.energy_consumption..tbtu,0.0
calc.weighted.savings.other_fuel.total.energy_consumption..tbtu,0.0
calc.weighted.savings.other_fuel.water_systems.energy_consumption..tbtu,0.0
calc.weighted.savings.site_energy.total.energy_consumption..tbtu,0.0
calc.weighted.site_energy.total.energy_consumption..tbtu,0.0002612036844402179
