,G3101170
in.puma,G31000400
in.ashrae_iecc_climate_zone_2004,5A
in.building_america_climate_zone,Cold
in.iso_rto_region,SPP
applicability,True
weight,242.13101272727272
in.sqft,1220.0
in.ahs_region,Non-CBSA West North Central
in.applicable,True
in.bathroom_spot_vent_hour,Hour21
in.bedrooms,2
in.cec_climate_zone,
in.ceiling_fan,
in.census_division,West North Central
in.census_division_recs,West North Central
in.census_region,Midwest
in.clothes_dryer,"Electric, 100% Usage"
in.clothes_washer,"EnergyStar, 100% Usage"
in.clothes_washer_presence,Yes
in.cooking_range,"Electric, 100% Usage"
in.cooling_setpoint,80F
in.cooling_setpoint_has_offset,No
in.cooling_setpoint_offset_magnitude,0F
in.cooling_setpoint_offset_period,
in.corridor,Not Applicable
in.dehumidifier,
in.dishwasher,
in.door_area,20 ft^2
in.doors,Fiberglass
in.ducts,"30% Leakage, R-8"
in.eaves,2 ft
in.electric_vehicle,
in.geometry_attic_type,Vented Attic
in.geometry_building_horizontal_location_mf,
in.geometry_building_horizontal_location_sfa,
in.geometry_building_level_mf,
in.geometry_building_number_units_mf,
in.geometry_building_number_units_sfa,
in.geometry_building_type_acs,Mobile Home
in.geometry_building_type_height,Mobile Home
in.geometry_building_type_recs,Mobile Home
in.geometry_floor_area,1000-1499
in.geometry_floor_area_bin,0-1499
in.geometry_foundation_type,Ambient
in.geometry_garage,
in.geometry_stories,1
in.geometry_stories_low_rise,1
in.geometry_wall_exterior_finish,"Brick, Medium/Dark"
in.geometry_wall_type,Wood Frame
in.geometry_wall_type_and_exterior_finish,"Wood Frame, Brick, Medium/Dark"
in.has_pv,No
in.heating_fuel,Natural Gas
in.heating_setpoint,68F
in.heating_setpoint_has_offset,Yes
in.heating_setpoint_offset_magnitude,3F
in.heating_setpoint_offset_period,Night +4h
in.holiday_lighting,No Exterior Use
in.hot_water_distribution,"Uninsulated, HomeRun, PEX"
in.hot_water_fixtures,100% Usage
in.hvac_cooling_efficiency,"AC, SEER 13"
in.hvac_cooling_type,Central AC
in.hvac_has_ducts,Yes
in.hvac_has_shared_system,
in.hvac_has_zonal_electric_heating,No
in.hvac_heating_efficiency,"Fuel Furnace, 92.5% AFUE"
in.hvac_heating_type,Ducted Heating
in.hvac_heating_type_and_fuel,Natural Gas Fuel Furnace
in.hvac_secondary_heating_efficiency,
in.hvac_secondary_heating_type_and_fuel,
in.hvac_shared_efficiencies,
in.hvac_system_is_faulted,No
in.hvac_system_single_speed_ac_airflow,
in.hvac_system_single_speed_ac_charge,
in.hvac_system_single_speed_ashp_airflow,
in.hvac_system_single_speed_ashp_charge,
in.infiltration,15 ACH50
in.insulation_ceiling,R-49
in.insulation_floor,Ceiling R-19
in.insulation_foundation_wall,Uninsulated
in.insulation_roof,"Unfinished, Uninsulated"
in.insulation_slab,
in.insulation_wall,"Wood Stud, R-11"
in.interior_shading,"Summer = 0.7, Winter = 0.85"
in.lighting,100% CFL
in.lighting_interior_use,100% Usage
in.lighting_other_use,100% Usage
in.location_region,CR08
in.mechanical_ventilation,
in.misc_extra_refrigerator,
in.misc_freezer,"EF 12, National Average"
in.misc_gas_fireplace,
in.misc_gas_grill,
in.misc_gas_lighting,
in.misc_hot_tub_spa,
in.misc_pool,
in.misc_pool_heater,
in.misc_pool_pump,
in.misc_well_pump,
in.natural_ventilation,"Year-Round, 3 days/wk"
in.neighbors,Left/Right at 15ft
in.occupants,2
in.orientation,South
in.overhangs,
in.plug_load_diversity,100%
in.plug_loads,84%
in.pv_orientation,
in.pv_system_size,
in.radiant_barrier,No
in.range_spot_vent_hour,Hour18
in.reeds_balancing_area,40
in.refrigerator,"EF 17.6, 100% Usage"
in.roof_material,"Metal, Dark"
in.schedules,Stochastic
in.setpoint_demand_response,
in.solar_hot_water,
in.state,NE
in.units_represented,1.0
in.usage_level,Medium
in.vacancy_status,Occupied
in.vintage,2000s
in.vintage_acs,2000-09
in.water_heater_efficiency,Natural Gas Standard
in.water_heater_fuel,Natural Gas
in.water_heater_in_unit,Yes
in.weather_file_city,North Platte Lee Bi
in.weather_file_latitude,41.12
in.weather_file_longitude,-100.67
in.window_areas,F18 B18 L18 R18
in.windows,"Double, Low-E, Non-metal, Air, M-Gain"
in.nhgis_county_gisjoin,G3101170
in.nhgis_puma_gisjoin,G31000400
in.state_name,Nebraska
in.american_housing_survey_region,Non-CBSA West North Central
in.weather_file_2018,USA_NE_North.Platte.Lee.Bi.725620_2018.epw
in.weather_file_TMY3,North_Platte_Regional_Ap
in.resstock_county_id,"NE, McPherson County"
in.resstock_puma_id,"NE, 00400"
out.electricity.bath_fan.energy_consumption,5.475614084988004
out.electricity.bath_fan.energy_consumption_intensity,0.0044882082663836
out.electricity.ceiling_fan.energy_consumption,0.0
out.electricity.ceiling_fan.energy_consumption_intensity,0.0
out.electricity.clothes_dryer.energy_consumption,644.4931668544326
out.electricity.clothes_dryer.energy_consumption_intensity,0.5282730875856005
out.electricity.clothes_washer.energy_consumption,28.58941666681641
out.electricity.clothes_washer.energy_consumption_intensity,0.0234339480875544
out.electricity.cooking_range.energy_consumption,409.5334971597063
out.electricity.cooking_range.energy_consumption_intensity,0.3356831943932019
out.electricity.cooling.energy_consumption,859.3535211014154
out.electricity.cooling.energy_consumption_intensity,0.7043881320503405
out.electricity.dishwasher.energy_consumption,0.0
out.electricity.dishwasher.energy_consumption_intensity,0.0
out.electricity.ext_holiday_light.energy_consumption,0.0
out.electricity.ext_holiday_light.energy_consumption_intensity,0.0
out.electricity.exterior_lighting.energy_consumption,40.25000573383171
out.electricity.exterior_lighting.energy_consumption_intensity,0.0329918079785505
out.electricity.extra_refrigerator.energy_consumption,0.0
out.electricity.extra_refrigerator.energy_consumption_intensity,0.0
out.electricity.fans_cooling.energy_consumption,277.6893735637968
out.electricity.fans_cooling.energy_consumption_intensity,0.2276142406260629
out.electricity.fans_heating.energy_consumption,608.4497421145435
out.electricity.fans_heating.energy_consumption_intensity,0.4987292968151995
out.electricity.freezer.energy_consumption,320.0227478728965
out.electricity.freezer.energy_consumption_intensity,0.2623137277646692
out.electricity.garage_lighting.energy_consumption,0.0
out.electricity.garage_lighting.energy_consumption_intensity,0.0
out.electricity.heating.energy_consumption,87.52002602900075
out.electricity.heating.energy_consumption_intensity,0.0717377262532793
out.electricity.heating_supplement.energy_consumption,0.0
out.electricity.heating_supplement.energy_consumption_intensity,0.0
out.electricity.hot_tub_heater.energy_consumption,0.0
out.electricity.hot_tub_heater.energy_consumption_intensity,0.0
out.electricity.hot_tub_pump.energy_consumption,0.0
out.electricity.hot_tub_pump.energy_consumption_intensity,0.0
out.electricity.house_fan.energy_consumption,0.0
out.electricity.house_fan.energy_consumption_intensity,0.0
out.electricity.interior_lighting.energy_consumption,491.1687953308231
out.electricity.interior_lighting.energy_consumption_intensity,0.4025973732219862
out.electricity.plug_loads.energy_consumption,1769.7276912528057
out.electricity.plug_loads.energy_consumption_intensity,1.4505964682400048
out.electricity.pool_heater.energy_consumption,0.0
out.electricity.pool_heater.energy_consumption_intensity,0.0
out.electricity.pool_pump.energy_consumption,0.0
out.electricity.pool_pump.energy_consumption_intensity,0.0
out.electricity.pumps_cooling.energy_consumption,0.0
out.electricity.pumps_cooling.energy_consumption_intensity,0.0
out.electricity.pumps_heating.energy_consumption,0.0
out.electricity.pumps_heating.energy_consumption_intensity,0.0
out.electricity.pv.energy_consumption,-0.0
out.electricity.pv.energy_consumption_intensity,-0.0
out.electricity.range_fan.energy_consumption,10.951228169976009
out.electricity.range_fan.energy_consumption_intensity,0.0089764165327672
out.electricity.recirc_pump.energy_consumption,0.0
out.electricity.recirc_pump.energy_consumption_intensity,0.0
out.electricity.refrigerator.energy_consumption,434.34303585965785
out.electricity.refrigerator.energy_consumption_intensity,0.3560188818521785
out.electricity.vehicle.energy_consumption,0.0
out.electricity.vehicle.energy_consumption_intensity,0.0
out.electricity.water_systems.energy_consumption,0.0
out.electricity.water_systems.energy_consumption_intensity,0.0
out.electricity.well_pump.energy_consumption,0.0
out.electricity.well_pump.energy_consumption_intensity,0.0
out.fuel_oil.heating.energy_consumption,0.0
out.fuel_oil.heating.energy_consumption_intensity,0.0
out.fuel_oil.water_systems.energy_consumption,0.0
out.fuel_oil.water_systems.energy_consumption_intensity,0.0
out.natural_gas.clothes_dryer.energy_consumption,0.0
out.natural_gas.clothes_dryer.energy_consumption_intensity,0.0
out.natural_gas.cooking_range.energy_consumption,0.0
out.natural_gas.cooking_range.energy_consumption_intensity,0.0
out.natural_gas.fireplace.energy_consumption,0.0
out.natural_gas.fireplace.energy_consumption_intensity,0.0
out.natural_gas.grill.energy_consumption,0.0
out.natural_gas.grill.energy_consumption_intensity,0.0
out.natural_gas.heating.energy_consumption,19052.085271187218
out.natural_gas.heating.energy_consumption_intensity,15.616463337038702
out.natural_gas.hot_tub_heater.energy_consumption,0.0
out.natural_gas.hot_tub_heater.energy_consumption_intensity,0.0
out.natural_gas.lighting.energy_consumption,0.0
out.natural_gas.lighting.energy_consumption_intensity,0.0
out.natural_gas.pool_heater.energy_consumption,0.0
out.natural_gas.pool_heater.energy_consumption_intensity,0.0
out.natural_gas.water_systems.energy_consumption,4427.233253313307
out.natural_gas.water_systems.energy_consumption_intensity,3.6288797158305792
out.propane.clothes_dryer.energy_consumption,0.0
out.propane.clothes_dryer.energy_consumption_intensity,0.0
out.propane.cooking_range.energy_consumption,0.0
out.propane.cooking_range.energy_consumption_intensity,0.0
out.propane.heating.energy_consumption,0.0
out.propane.heating.energy_consumption_intensity,0.0
out.propane.water_systems.energy_consumption,0.0
out.propane.water_systems.energy_consumption_intensity,0.0
out.electricity.total.energy_consumption,5987.56786179442
out.electricity.total.energy_consumption_intensity,4.9078425096675575
out.fuel_oil.total.energy_consumption,0.0
out.fuel_oil.total.energy_consumption_intensity,0.0
out.natural_gas.total.energy_consumption,23479.31852450053
out.natural_gas.total.energy_consumption_intensity,19.245343052869284
out.propane.total.energy_consumption,0.0
out.propane.total.energy_consumption_intensity,0.0
out.wood.total.energy_consumption,0.0
out.wood.total.energy_consumption_intensity,0.0
out.wood.heating.energy_consumption,0.0
out.wood.heating.energy_consumption_intensity,0.0
out.site_energy.total.energy_consumption,29466.886386294947
out.site_energy.total.energy_consumption_intensity,24.15318556253684
upgrade,0
metadata_index,262694
qoi_report.average_maximum_daily_timing_cooling_hour,13.885057471264368
qoi_report.average_maximum_daily_timing_heating_hour,14.702325581395348
qoi_report.average_maximum_daily_timing_overlap_hour,15.047619047619047
qoi_report.average_maximum_daily_use_cooling_kw,3.2239001541614
qoi_report.average_maximum_daily_use_heating_kw,2.2052556916988872
qoi_report.average_maximum_daily_use_overlap_kw,2.007947563439908
qoi_report.average_minimum_daily_use_cooling_kw,0.3247686083877725
qoi_report.average_minimum_daily_use_heating_kw,0.3578026842656289
qoi_report.average_minimum_daily_use_overlap_kw,0.28046190610292
qoi_report.average_of_top_ten_highest_peaks_timing_cooling_hour,14.0
qoi_report.average_of_top_ten_highest_peaks_timing_heating_hour,18.09090909090909
qoi_report.average_of_top_ten_highest_peaks_use_cooling_kw,8.033967535017565
qoi_report.average_of_top_ten_highest_peaks_use_heating_kw,7.391231340132699
qoi_report.peak_magnitude_timing_hour,5923.0
qoi_report.peak_magnitude_use_kw,10.069059537272556
in.door_area_ft_2,20.0
in.duct_unconditioned_surface_area_ft_2,390.4
in.floor_area_attic_ft_2,1220.0
in.floor_area_conditioned_ft_2,1220.0
in.floor_area_lighting_ft_2,1220.0
in.roof_area_ft_2,1364.0
in.wall_area_above_grade_conditioned_ft_2,1166.33
in.wall_area_above_grade_exterior_ft_2,1335.78
in.wall_area_below_grade_ft_2,0.0
in.window_area_ft_2,209.94
