name,bus,gen,cap,cf,units
PALO_VERDE,9mzqxj,ST,4209.6,0.33459181483630474,1
SPRINGERVILLE,9w1zzg,PV,1779.2,0.40833562838520154,1
SPRINGERVILLE,9w1zzg,ST,1779.2,0.40833562838520154,1
SANTAN,9w01f3,CC,1326.0,0.1740385877411734,1
HARQUAHALA_GENERATING_PROJECT,9mzqxj,CC,1325.1,0.1053229793423573,1
GLEN_CANYON_DAM,9w94m0,HT,1312.0,0.9796162174270141,1
WEST_PHOENIX,9w01f3,CC,1207.4,0.15847224045150282,1
WEST_PHOENIX,9w01f3,CT,1207.4,0.15847224045150282,1
WEST_PHOENIX,9w01f3,ST,1207.4,0.15847224045150282,1
RED_HAWK,9mzqxj,CC,1140.3,0.09063451312662443,1
BOWIE_POWER_STATION_LLC,9w1wf0,,1050.0,0.5517603783499737,1
HOOVER_DAM_AZ,9qqk6u,HT,1039.4,1.0,1
CHOLLA,9w1wf0,ST,839.9,0.4413557540725171,1
CORONADO,9w1zzg,ST,821.8,0.1886073625263931,1
COOLIDGE_GENERATION_STATION,9w01f3,CT,726.0,0.0952880955505972,1
ARLINGTON_VALLEY_ENERGY_FACILITY,9mzqxj,CC,713.0,0.056671409154856814,1
SOUTH_POINT_ENERGY_CENTER,9qndpr,CC,708.0,0.25358166189111747,1
MESQUITE_GENERATING_STATION_BLOCK_1,9mzqxj,CC,691.6,0.05497047204978818,1
MESQUITE_GENERATING_STATION_BLOCK_2,9mzqxj,CC,691.6,0.05497047204978818,1
APACHE_STATION,9w1wf0,CT,660.7,0.34718864950078826,1
APACHE_STATION,9w1wf0,ST,660.7,0.34718864950078826,1
GRIFFITH_ENERGY_LLC,9qndpr,CC,655.0,0.23459885386819485,1
DESERT_BASIN,9w01f3,CC,646.1,0.0848011550072188,1
GILA_RIVER_POWER_BLOCK_2,9mzqxj,CC,619.0,0.049200003179321695,1
GILA_RIVER_POWER_BLOCK_3,9mzqxj,CC,619.0,0.049200003179321695,1
GILA_RIVER_POWER_STATION,9mzqxj,CC,619.0,0.049200003179321695,1
SUNDEVIL_POWER_HOLDINGS_-_GILA_RIVER,9mzqxj,CC,619.0,0.049200003179321695,1
AGUA_FRIA,9w01f3,PV,613.5,0.08052237826486415,1
AGUA_FRIA,9w01f3,CT,613.5,0.08052237826486415,1
AGUA_FRIA,9w01f3,ST,613.5,0.08052237826486415,1
SUNDANCE,9w01f3,CT,605.0,0.07940674629216432,1
KYRENE,9w01f3,CC,573.7,0.07529859561622261,1
KYRENE,9w01f3,CT,573.7,0.07529859561622261,1
KYRENE,9w01f3,ST,573.7,0.07529859561622261,1
H_WILSON_SUNDT_GENERATING_STATION,9w01f3,CT,558.5,0.07330358314739467,1
H_WILSON_SUNDT_GENERATING_STATION,9w01f3,ST,558.5,0.07330358314739467,1
YUCCA,9mvgw4,CT,425.0,0.16382699868938402,1
YUCCA,9mvgw4,ST,425.0,0.16382699868938402,1
AGUA_CALIENTE_SOLAR_PROJECT,9mzqxj,PV,347.7,0.02763625380525065,1
OCOTILLO,9w01f3,PV,333.4,0.043759023493896834,1
OCOTILLO,9w01f3,CT,333.4,0.043759023493896834,1
OCOTILLO,9w01f3,ST,333.4,0.043759023493896834,1
SOLANA_GENERATING_STATION,9mzqxj,ES,280.0,0.022255251842019506,1
DAVIS_DAM,9qq5wv,HT,254.8,0.26705796038151136,1
SAGUARO,9w01f3,CT,184.5,0.02421577634860218,1
SAGUARO,9w01f3,ST,184.5,0.02421577634860218,1
MESQUITE_SOLAR_1,9mzqxj,PV,170.0,0.013512117189797557,1
MESQUITE_3,9mzqxj,PV,150.0,0.011922456343939021,1
HORSE_MESA,9w01f3,HT,129.5,0.016996981231132694,1
ARLINGTON_VALLEY_SOLAR_ENERGY_II,9mzqxj,PV,129.0,0.010253312455787558,1
BLACK_MOUNTAIN_GENERATING_STATION,9qndpr,CT,121.0,0.04333810888252149,1
NORTH_LOOP,9w01f3,CT,107.8,0.01414883843024019,1
MESQUITE_2,9mzqxj,PV,100.0,0.00794830422929268,1
PERRIN_RANCH_WIND_LLC,9w3h8n,WT,99.2,1.0,1
APACHE_SOLAR_1,9w1wf0,PV,90.0,0.047293746715712036,1
DEMOSS_PETRIE,9w01f3,CT,85.0,0.011156319726998295,1
RED_HORSE_2,9w1wf0,PV,81.0,0.04256437204414083,1
RED_HORSE_2,9w1wf0,WT,81.0,0.04256437204414083,1
DRY_LAKE_WIND_II_LLC,9w1wf0,WT,65.1,0.03420914345769837,1
MORMON_FLAT,9w01f3,HT,63.5,0.008334427090169313,1
DRY_LAKE_WIND_LLC,9w1wf0,WT,63.0,0.03310562270099842,1
YUMA_COGENERATION_ASSOCIATES,9mvgw4,CC,62.6,0.024130753218718683,1
BONNYBROOKE_PV,9w01f3,PV,50.0,0.006562541015881349,1
SANDSTONE_SOLAR,9w01f3,PV,45.0,0.005906286914293214,1
WADDELL,9w01f3,HT,40.0,0.005250032812705079,1
RED_ROCK,9w01f3,PV,40.0,0.005250032812705079,1
ROOSEVELT,9w01f3,HT,36.0,0.004725029531434571,1
FOOTHILLS_SOLAR_PLANT,9mvgw4,PV,35.0,0.013491635186184566,1
GILA_BEND,9mzqxj,PV,32.0,0.002543457353373658,1
RED_HORSE_III,9w1wf0,PV,30.0,0.015764582238570676,1
AVALON_SOLAR,9w01f3,PV,29.0,0.0038062737892111827,1
KAYENTA_SOLAR_PROJECT,9w94m0,PV,27.3,0.02038378257298589,1
NOVO_BIOPOWER_PLANT,9w1wf0,ST,27.2,0.014293221229637415,1
AVRA_VALLEY_SOLAR,9w01f3,PV,26.5,0.0034781467384171153,1
DOUGLAS,9w1wf0,ST,26.1,0.01371518654755649,1
HYDER_SOLAR,9mzqxj,PV,22.0,0.0017486269304443898,1
PICTURE_ROCKS_SOLAR_LLC,9w01f3,PV,20.0,0.0026250164063525397,1
SULPHUR_SPRINGS,9w1wf0,PV,20.0,0.010509721492380452,1
COPPER_CROSSING_SOLAR_LLC,9w01f3,PV,20.0,0.0026250164063525397,1
HEADGATE_ROCK,9qndpr,HT,19.5,0.006984240687679083,1
QUEEN_CREEK_SOLAR_FARM,9w01f3,PV,19.0,0.0024937655860349127,1
CHINO_SOLAR_VALLEY,9w01f3,PV,19.0,0.0024937655860349127,1
PALOMA_SOLAR,9mzqxj,PV,17.6,0.001398901544355512,1
HYDER_SOLAR_PLANT_PHASE_1,9mzqxj,PV,17.0,0.0013512117189797557,1
PALOMA_SOLAR_PLANT,9mzqxj,PV,17.0,0.0013512117189797557,1
COTTON_CENTER_SOLAR,9mzqxj,PV,17.0,0.0013512117189797557,1
RE_BAGDAD_SOLAR_I_LLC,9w01f3,PV,16.6,0.0021787636172726083,1
AVALON_SOLAR_II,9w01f3,PV,16.0,0.002100013125082032,1
SADDLE_MOUNTAIN_SOLAR_I,9mzqxj,PV,15.0,0.0011922456343939022,1
GILLESPIE_1,9mzqxj,PV,15.0,0.0011922456343939022,1
BAGDAD_SOLAR_PROJECT,9w01f3,PV,15.0,0.001968762304764405,1
BADGER_1,9mzqxj,PV,14.8,0.0011763490259353168,1
MOHAVE_ELECTRIC_AT_FORT_MOHAVE,9qndpr,PV,14.4,0.005157593123209169,1
HYDER_II,9mzqxj,PV,14.0,0.0011127625921009752,1
FORT_HUACHUCA_SOLAR_PV_PROJECT,9w01f3,PV,13.6,0.0017850111563197269,1
STEWART_MOUNTAIN,9w01f3,HT,13.0,0.0017062606641291508,1
DAVIS_MONTHAN_AFB_AZ_WEST_AIRFIELD,9w01f3,PV,12.6,0.0016537603360021,1
IRON_HORSE_BATTERY_STORAGE,9w01f3,PV,12.0,0.0015750098438115237,1
IRON_HORSE_BATTERY_STORAGE,9w01f3,ES,12.0,0.0015750098438115237,1
PRESCOTT_SOLAR_PLANT,9w01f3,PV,10.8,0.0014175088594303715,1
KINGMAN_1,9qndpr,PV,10.5,0.0037607449856733523,1
KINGMAN_1,9qndpr,WT,10.5,0.0037607449856733523,1
SR85,9mzqxj,PV,10.0,0.0007948304229292681,1
PIMA_ENERGY_STORAGE_SYSTEM,9w01f3,ES,10.0,0.0013125082031762699,1
VALENCIA_SOLAR,9w01f3,PV,10.0,0.0013125082031762699,1
PRESCOTT,9w01f3,PV,10.0,0.0013125082031762699,1
DIABLO_CANYON,9q603v,ST,2323.0,0.9904071626518866,1
AES_ALAMITOS_LLC,9q5bwz,CT,1922.0,0.281224394240899,1
AES_ALAMITOS_LLC,9q5bwz,ST,1922.0,0.281224394240899,1
HAYNES,9q5bwz,CC,1739.1,0.2544627180147489,1
HAYNES,9q5bwz,CT,1739.1,0.2544627180147489,1
HAYNES,9q5bwz,ST,1739.1,0.2544627180147489,1
CASTAIC,9q5sgb,HT,1682.0,0.5036229714354152,1
ORMOND_BEACH,9q5dy2,ST,1612.0,0.8638336637907936,1
DYNEGY_MOSS_LANDING_POWER_PLANT,9q92vz,CC,1398.0,0.8856509344314223,1
DYNEGY_MOSS_LANDING_POWER_PLANT,9q92vz,ST,1398.0,0.8856509344314223,1
AES_REDONDO_BEACH_LLC,9q5bwz,ST,1316.4,0.19261383588903197,1
GEYSERS_UNIT_5-20,9qben2,ST,1273.0,0.7182351613631234,1
LA_PALOMA_GENERATING_LLC,9q713t,CC,1200.0,0.17672788324177846,1
DYNEGY_MORRO_BAY_LLC,9q613c,,1056.0,6.25222024866785,1
HELMS_PUMPED_STORAGE,9qe6tq,HT,1053.0,0.5723759308582921,1
MOUNTAINVIEW_GENERATING_STATION,9qh8k2,CC,1036.8,0.9105919550324961,1
MOUNTAINVIEW_GENERATING_STATION,9qh8k2,ST,1036.8,0.9105919550324961,1
ENCINA,9mumuf,CT,999.6,0.8944166070150323,1
ENCINA,9mumuf,ST,999.6,0.8944166070150323,1
DELTA_ENERGY_CENTER,9qc26h,CC,943.5,0.2241944682064443,1
SCATTERGOOD,9q5cts,CC,876.0,0.5240174672489083,1
SCATTERGOOD,9q5cts,CT,876.0,0.5240174672489083,1
SCATTERGOOD,9q5cts,ST,876.0,0.5240174672489083,1
HIGH_DESERT_POWER_PLANT,9qhsdk,CC,852.0,0.6059743954480796,1
MARSH_LANDING_GENERATING_STATION,9qc26h,CT,828.0,0.19674935842600516,1
CPV_SENTINEL_ENERGY_PROJECT,9qj152,CT,800.0,0.4667989263624694,1
PASTORIA_ENERGY_FACILITY_LLC,9q5sgb,CC,779.0,0.23324749985029042,1
BLYTHE_SOLAR_POWER_PROJECT,9qndpr,,758.0,0.2714899713467049,1
SHASTA,9r0vxp,HT,714.0,0.4796775277124622,1
COLUSA_GENERATING_STATION,9r106e,CC,712.4,1.0,1
VALLEY_CA,9q5f6t,CC,690.5,0.5843771157752201,1
VALLEY_CA,9q5f6t,CT,690.5,0.5843771157752201,1
VALLEY_CA,9q5f6t,ST,690.5,0.5843771157752201,1
OTAY_MESA_GENERATING_PROJECT,9muccv,,689.0,0.33415781560696445,1
OTAY_MESA_GENERATING_PROJECT_2,9muccv,CC,688.5,0.3339153208206023,1
LOS_MEDANOS_ENERGY_CENTER,9qc26h,CC,678.3,0.16117764471057885,1
CPV_VACA_STATION_LLC,9qc63x,,670.0,2.9646017699115044,1
RUSSELL_CITY_ENERGY_CENTER,9q9jk9,CC,655.0,1.0,1
EDWARD_C_HYATT,9r1867,HT,644.1,0.9254310344827587,1
SUTTER_ENERGY_CENTER,9qct8r,CC,636.0,0.7878112225938313,1
METCALF_ENERGY_CENTER,9q97v8,CC,635.0,0.7055555555555556,1
ELK_HILLS_POWER_LLC,9q713t,CC,623.0,0.09175122604968998,1
GATEWAY_GENERATING_STATION,9qc26h,CC,619.7,0.14725311282197512,1
SUNRISE_POWER_LLC,9q713t,CC,605.4,0.08915921709547724,1
BLYTHE_ENERGY_INC,9qndpr,CC,591.0,0.21167621776504297,1
TOPAZ_SOLAR_FARM,9q713t,PV,585.9,0.08628738899279834,1
TOPAZ,9q713t,PV,585.9,0.08628738899279834,1
PALOMAR_ENERGY,9mudw2,CC,559.0,0.5050140030716415,1
HARBOR,9q5bwz,CC,548.1,0.08019723750438956,1
HARBOR,9q5bwz,CT,548.1,0.08019723750438956,1
SONORAN_WEST_SOLAR_EGS,9mvgw4,,540.0,0.20815665715827616,1
EL_SEGUNDO_ENERGY_CENTER_LLC,9q5cts,CC,537.4,0.32146916312735535,1
COSUMNES,9qcf5u,CC,530.0,0.6747294716740929,1
WALNUT_CREEK_ENERGY_PARK,9qh18k,CT,500.0,0.8686587908269632,1
AES_HUNTINGTON_BEACH_LLC,9mupsy,CT,436.0,0.7877145438121048,1
AES_HUNTINGTON_BEACH_LLC,9mupsy,ST,436.0,0.7877145438121048,1
PANOCHE_ENERGY_CENTER,9qd2ds,CT,432.0,0.3628727425451491,1
W_R_GIANELLI,9q9fy1,HT,424.0,0.3865086599817685,1
HYDROGEN_ENERGY_CALIFORNIA_LLC,9q713t,,421.0,0.062002032370657274,1
WATSON_COGENERATION,9q5bwz,CC,405.0,0.05925904249092825,1
EL_CENTRO,9mvffm,CC,388.3,0.18443051201671892,1
EL_CENTRO,9mvffm,ES,388.3,0.18443051201671892,1
EL_CENTRO,9mvffm,ST,388.3,0.18443051201671892,1
MAGNOLIA_POWER_PROJECT,9q5f6t,CC,387.6,0.3280297901150982,1
TRACY_COMBINED_CYCLE_POWER_PLANT,9q9w99,CC,336.1,0.4191818408580694,1
ALTAMONT_PASS_WINDPLANT,9q9w99,,333.0,0.41531554003492144,1
PIO_PICO_ENERGY_CENTER,9muccv,CT,321.0,0.15568165284446384,1
ANTELOPE_VALLEY_I,9q5zqv,PV,318.0,0.060043049733771385,1
SOLAR_STAR_1,9q5zqv,PV,318.0,0.060043049733771385,1
COLGATE,9qcxqg,HT,315.0,0.464464759657918,1
DESERT_SUNLIGHT_300_LLC,9mvgw4,PV,313.7,0.1209235987973171,1
LOS_ESTEROS_CRITICAL_ENERGY_CENTER,9q9m24,CC,306.1,0.5391932358640127,1
GRAYSON,9q5fm0,CC,300.9,1.0,1
GRAYSON,9q5fm0,CT,300.9,1.0,1
GRAYSON,9q5fm0,ST,300.9,1.0,1
WALNUT_ENERGY_CENTER,9q9fy1,CC,300.6,0.2740200546946217,1
KERN_RIVER_COGENERATION,9q713t,CT,300.0,0.044181970810444615,1
SYCAMORE_COGENERATION,9q713t,CT,300.0,0.044181970810444615,1
NEW_MELONES,9qcbq0,HT,300.0,0.18259281801582472,1
DESERT_STATELINE,9qq5wv,PV,299.5,0.31390839534639975,1
LODI_ENERGY_CENTER,9q9wtp,CC,288.9,0.5127795527156549,1
MOJAVE_SOLAR_PROJECT,9qhsdk,ST,280.0,0.19914651493598862,1
SOLAR_STAR_2,9q5zqv,PV,279.0,0.052679279483403195,1
DEVIL_CANYON,9qhe90,HT,276.2,0.8941404985432179,1
MCCOY_SOLAR_ENERGY_PROJECT,9qndpr,PV,270.6,0.09691977077363897,1
WHITE_ROCK_SLAB_CREEK,9qcggm,HT,266.5,0.23453313385549593,1
GLENARM,9q5fq8,CC,265.6,0.9533381191672649,1
GLENARM,9q5fq8,CT,265.6,0.9533381191672649,1
OCOTILLO_EXPRESS_LLC,9mvffm,WT,265.4,0.12605680630759,1
AV_SOLAR_RANCH_ONE,9q5sgb,PV,253.0,0.07575303910413797,1
COLLIERVILLE_POWERHOUSE,9qcbq0,HT,253.0,0.15398660986001217,1
LONG_BEACH_GENERATION_LLC,9q5bwz,CC,252.0,0.03687229310546646,1
LONG_BEACH_GENERATION_LLC,9q5bwz,CT,252.0,0.03687229310546646,1
HIDDEN_HILLS_SOLAR_PLANT_2,9qq5wv,,250.0,0.26202704119065084,1
RIO_MESA_SEGF_2,9mvgw4,,250.0,0.09636882275846119,1
GENESIS_SOLAR_ENERGY_PROJECT,9mvgw4,ST,250.0,0.09636882275846119,1
RIO_MESA_SOLAR_FACILITY_1,9mvgw4,,250.0,0.09636882275846119,1
HIDDEN_HILLS_SOLAR_PLANT_1,9qq5wv,,250.0,0.26202704119065084,1
CA_VALLEY,9q713t,PV,249.8,0.036788854361496884,1
CALIFORNIA_VALLEY_SOLAR_RANCH,9q713t,PV,249.8,0.036788854361496884,1
DESERT_SUNLIGHT_250_LLC,9mvgw4,PV,249.7,0.09625318017115103,1
CROCKETT_COGEN_PROJECT,9q9peh,CC,247.4,0.6908684724937169,1
MIDWAY_SUNSET_COGEN,9q713t,CT,234.0,0.0344619372321468,1
SOLANO_WIND,9qc26h,WT,228.2,0.054224883566200935,1
ALMOND_POWER_PLANT,9qcbq0,CT,223.5,0.1360316494217894,1
DYNEGY_OAKLAND_POWER_PLANT,9q8yyz,ST,223.5,0.502925292529253,1
RE_TRANQUILLITY,9qd2ds,PV,205.3,0.17244855102897944,1
CANYON_POWER_PLANT,9qh0rw,CT,200.0,0.7707129094412332,1
MT_SIGNAL,9mvffm,PV,199.9,0.09494632848864824,1
IMPERIAL_VALLEY_SOLAR_LLC,9mvffm,PV,199.9,0.09494632848864824,1
MARIPOSA_ENERGY_PROJECT,9q9w99,CT,199.6,0.24893988525816912,1
WOODLAND,9qcbq0,CC,199.0,0.12111990261716372,1
WOODLAND,9qcbq0,CT,199.0,0.12111990261716372,1
WOODLAND,9qcbq0,IC,199.0,0.12111990261716372,1
FOLSOM,9qcggm,HT,198.6,0.17477778755610315,1
RIVERSIDE_ENERGY_RESOURCE_CENTER,9qh3ky,CT,196.0,0.28848984397998234,1
SCA_COGEN_2,9qcem3,CC,193.4,0.3295841854124063,1
SCA_COGEN_2,9qcem3,CT,193.4,0.3295841854124063,1
MANZANA_WIND_LLC,9q5zqv,WT,189.0,0.035685963521015066,1
GARLAND,9q5sgb,PV,185.0,0.0553925384753578,1
REDDING_POWER,9r0vxp,CC,183.1,0.1230097413503527,1
REDDING_POWER,9r0vxp,CT,183.1,0.1230097413503527,1
EL_SEGUNDO_COGEN,9q5cts,CC,180.1,0.10773464138302326,1
SPRING_CREEK,9r0vxp,HT,180.0,0.12092710782667114,1
CALISTOGA_POWER_PLANT,9qben2,ST,176.4,0.0995260663507109,1
CENTINELA_SOLAR_ENERGY,9mvffm,PV,174.8,0.08302460340077895,1
BIG_CREEK_3,9qe6tq,HT,174.5,0.0948524215904767,1
SPA_COGEN_3,9qcem3,CC,173.9,0.2963531015678255,1
DON_PEDRO,9qcbq0,HT,170.8,0.10395617772367621,1
RICE_SOLAR_ENERGY,9qndpr,,170.0,0.06088825214899714,1
JAMES_B_BLACK,9r321k,HT,168.6,0.17435367114788003,1
PINYON_PINE_I,9q5zqv,WT,168.0,0.0317208564631245,1
ALTA_WIND_ENERGY_CENTER_V,9q5zqv,WT,168.0,0.0317208564631245,1
HUMBOLDT_BAY,9pr8ne,IC,167.0,0.8370927318295739,1
HUMBOLDT_BAY,9pr8ne,ST,167.0,0.8370927318295739,1
PINE_FLAT,9qdbm8,HT,165.0,0.24,1
ROSEVILLE_ENERGY_PARK,9qcts0,CC,164.0,0.7768829938417812,1
HIGH_WINDS_LLC,9qc26h,WT,162.0,0.03849443969204448,1
NORTH_SKY_RIVER_ENERGY_LLC,9q5zqv,WT,162.0,0.03058796873229863,1
JAYBIRD,9qcggm,HT,161.6,0.14221596409398926,1
CAMINO,9qcggm,HT,157.8,0.1388717768195019,1
DION_R_HOLM,9qd9xh,HT,156.8,0.19738167170191342,1
RICHMOND_COGEN,9q8yyz,CC,155.6,0.3501350135013501,1
RICHMOND_COGEN,9q8yyz,ST,155.6,0.3501350135013501,1
SONORA_FACILITY,9mvgw4,PV,155.1,0.05978721763934932,1
SOLAR_GEN_2,9mvgw4,PV,155.1,0.05978721763934932,1
ARKANSAS,9mvgw4,PV,155.1,0.05978721763934932,1
SPRINGBOK_2,9q5zqv,PV,155.0,0.02926626637966844,1
JUDGE_F_CARR,9r0vxp,HT,154.4,0.1037285858246557,1
DONALD_VON_RAESFELD_POWER_PLANT,9q9m24,CC,154.0,0.27127003699136865,1
PACIFIC_WIND_LLC,9q5zqv,WT,151.7,0.02864317812771421,1
ALTA_WIND_ENERGY_CENTER_II,9q5zqv,WT,150.0,0.02832219327064688,1
SHILOH_I_WIND_PROJECT,9qc26h,WT,150.0,0.035642999714856,1
ALTA_WIND_ENERGY_CENTER_I,9q5zqv,WT,150.0,0.02832219327064688,1
ALTA_WIND_VIII,9q5zqv,WT,150.0,0.02832219327064688,1
MUSTANG_HILLS_LLC,9q5zqv,WT,150.0,0.02832219327064688,1
SHILOH_WIND_PROJECT_2_LLC,9qc26h,WT,150.0,0.035642999714856,1
ALTA_WIND_ENERGY_CENTER_III,9q5zqv,WT,150.0,0.02832219327064688,1
INDIGO_ENERGY_FACILITY,9qj152,CT,149.7,0.08734974909557708,1
IMPERIAL_SOLAR_ENERGY_CENTER_WEST,9mvffm,PV,148.7,0.0706279091859029,1
CAMPO_VERDE_SOLAR,9mvffm,PV,147.4,0.07001044932079414,1
POE,9r13pb,HT,142.8,0.15384615384615385,1
MCCLURE,9qcbq0,CT,142.4,0.0866707242848448,1
MCCLURE,9qcbq0,ST,142.4,0.0866707242848448,1
PIT_5,9r321k,HT,141.6,0.14643226473629783,1
TRINITY,9r0vxp,HT,140.0,0.094054417198522,1
MIDWAY_PEAKING_LLC,9qd2ds,CT,139.8,0.11742965140697187,1
KERCKHOFF_2,9qd9xh,HT,139.5,0.17560422960725075,1
ALTA_WIND_X,9q5zqv,WT,138.0,0.02605641780899513,1
GILROY_PEAKING_ENERGY_CENTER,9q97v8,CT,135.0,0.15,1
HAAS,9qe6tq,HT,135.0,0.07338152959721693,1
PINE_TREE_WIND_POWER_PROJECT,9q5zqv,WT,135.0,0.02548997394358219,1
IVANPAH_3,9qq5wv,ST,133.4,0.1398176291793313,1
IVANPAH_2,9qq5wv,ST,133.4,0.1398176291793313,1
KING_CITY_POWER_PLANT,9q92vz,CC,133.2,0.08438390877415267,1
IVANPAH_1,9qq5wv,ST,133.0,0.13939838591342626,1
PINYON_PINE_II,9q5zqv,WT,132.0,0.024923530078169255,1
BLYTHE_SOLAR_II_LLC,9qndpr,PV,131.2,0.04699140401146131,1
CA_FLATS_SOLAR_130_LLC,9q613c,PV,130.0,0.7696862048549438,1
MALBURG,9q5cw0,CC,130.0,0.9167842031029618,1
GILROY_POWER_PLANT,9q97v8,CC,130.0,0.14444444444444443,1
IMPERIAL_CENTER_S,9mvffm,PV,128.9,0.06122352047116937,1
IMPERIAL_SOLAR_ENERGY_CENTER_SOUTH,9mvffm,PV,128.9,0.06122352047116937,1
ROCK_CREEK,9r13pb,HT,126.0,0.13574660633484162,1
CARSON_ICE-GEN_PROJECT,9qcem3,CC,125.5,0.21387184730743014,1
CARSON_ICE-GEN_PROJECT,9qcem3,CT,125.5,0.21387184730743014,1
MIDDLE_FORK,9qcggm,HT,122.4,0.10771803220980376,1
KINGS_RIVER,9qdbm8,CT,121.0,0.176,1
NILAND_GAS_TURBINE_PLANT,9mvgw4,CT,121.0,0.04664251021509522,1
RIPON_GENERATION_STATION,9q9wtp,CT,121.0,0.2147674831380902,1
PARKER_DAM,9qndpr,HT,120.0,0.04297994269340974,1
WINDSTAR_1,9q5zqv,WT,120.0,0.022657754616517502,1
ORANGE_GROVE_PEAKING_FACILITY,9mumuf,CT,118.0,0.1055833929849678,1
CARIBOU_2,9r13pb,HT,117.9,0.12702003878474466,1
BELDEN,9r13pb,HT,117.9,0.12702003878474466,1
KESWICK,9r0vxp,HT,117.0,0.07860262008733625,1
R_C_KIRKWOOD,9qd9xh,HT,115.5,0.145392749244713,1
THERMALITO,9r13pb,HT,115.1,0.12400344753285929,1
FOSTER_WHEELER_MARTINEZ,9qc0p1,CC,113.5,0.42911153119092627,1
CATALINA_1_2,9q5zqv,PV,110.0,0.020769608398474377,1
GEOTHERMAL_1,9qben2,ST,110.0,0.06206273978785827,1
CATALINA_SOLAR_LLC,9q5zqv,PV,110.0,0.020769608398474377,1
GEOTHERMAL_2,9qben2,ST,110.0,0.06206273978785827,1
PIT_7,9r321k,HT,109.8,0.11354705274043433,1
NRG_SOLAR_BLYTHE_II,9qndpr,PV,109.8,0.039326647564469915,1
QUINTO,9q9fy1,PV,108.0,0.09845031905195989,1
ACE_COGENERATION_FACILITY,9q5zqv,,108.0,0.020391979154865753,1
QUINTO_SOLAR_PV_PROJECT,9q9fy1,PV,108.0,0.09845031905195989,1
HARBOR_COGEN,9q5bwz,CC,107.4,0.015714620156853567,1
MIRAMAR_ENERGY_FACILITY,9mudw2,CT,106.0,0.09576294154846869,1
SPRINGBOK_1,9q5zqv,PV,105.0,0.019825535289452814,1
PIT_4,9r321k,HT,103.4,0.10692864529472597,1
SHILOH_III_WIND_PROJECT_LLC,9qc26h,WT,102.5,0.024356049805151603,1
ELECTRA,9qcf5u,HT,102.5,0.13049013367281986,1
SHILOH_IV_WIND_PROJECT_LLC,9qc26h,WT,102.5,0.024356049805151603,1
ALTA_WIND_ENERGY_CENTER_IV,9q5zqv,WT,102.0,0.01925909142403988,1
HENRIETTA_SOLAR_PROJECT,9q6tde,PV,102.0,0.09167715261549525,1
BROOKFIELD_TEHACHAPI_1,9q5zqv,WT,102.0,0.01925909142403988,1
HENRIETTA_SOLAR,9q6tde,PV,102.0,0.09167715261549525,1
HATCHET_RIDGE_WIND_PROJECT,9r321k,WT,101.2,0.1046535677352637,1
MOCCASIN,9qcbq0,HT,100.0,0.06086427267194157,1
GREAT_VALLEY_SOLAR_PORTFOLIO_HOLDINGS_LLC,9qd2ds,PV,100.0,0.08399832003359933,1
MARTINEZ_REFINING,9qc0p1,CC,100.0,0.3780718336483932,1
MARTINEZ_REFINING,9qc0p1,ST,100.0,0.3780718336483932,1
ASTORIA_1,9q5sgb,PV,100.0,0.029941912689382597,1
RE_MUSTANG_LLC,9q6tde,PV,100.0,0.08987956138774043,1
BIG_CREEK_4,9qd9xh,HT,100.0,0.12588116817724068,1
RE_MUSTANG_4,9q6tde,PV,100.0,0.08987956138774043,1
RE_MUSTANG,9q6tde,PV,100.0,0.08987956138774043,1
RE_MUSTANG_3,9q6tde,PV,100.0,0.08987956138774043,1
LARKSPUR_ENERGY_FACILITY,9muccv,CT,99.8,0.0484019593578738,1
RISING_TREE_WIND_FARM_III,9q5zqv,WT,99.0,0.01869264755862694,1
HENRIETTA_PEAKER,9q6tde,CT,98.0,0.08808197015998563,1
BALCH_2,9qe6tq,HT,97.2,0.05283470130999619,1
EXCHEQUER,9qd9xh,HT,94.5,0.11895770392749246,1
SOUTH_BELRIDGE_COGENERATION_FACILITY,9q713t,CT,94.2,0.01387313883447961,1
COACHELLA,9qj152,CT,92.4,0.05391527599486522,1
COSO_FINANCE_PARTNERS,9q5zqv,ST,92.2,0.017408708130357615,1
HANFORD_ENERGY_PARK_PEAKER,9qdbm8,CT,92.2,0.1341090909090909,1
SEGS_IX,9qhsdk,ST,92.0,0.06543385490753911,1
SEGS_VIII,9qhsdk,ST,92.0,0.06543385490753911,1
COSO_POWER_DEVELOPERS,9q5zqv,ST,90.0,0.01699331596238813,1
COSO_ENERGY_DEVELOPERS,9q5zqv,ST,90.0,0.01699331596238813,1
ALTA_WIND_XI,9q5zqv,WT,90.0,0.01699331596238813,1
BIG_CREEK_1,9qe6tq,HT,88.4,0.048051312714029466,1
GOLDEN_HILLS_WIND,9q9w99,WT,85.9,0.10713394861561489,1
SOLVERDE_1,9qhh0n,PV,85.0,0.15846383296047725,1
EQUILON_LOS_ANGELES_REFINING,9q5bwz,ST,83.0,0.012144445745054432,1
FRESNO_COGEN_PARTNERS,9qd9xh,CC,82.6,0.1039778449144008,1
FRESNO_COGEN_PARTNERS,9qd9xh,CT,82.6,0.1039778449144008,1
STANISLAUS,9qcbq0,HT,81.9,0.04984783931832015,1
PIT_3,9r321k,HT,80.1,0.08283350568769389,1
SECOND_IMPERIAL_GEOTHERMAL,9mvffm,ST,80.0,0.03799753016053956,1
RALSTON,9qcggm,HT,79.2,0.0696999031945789,1
PIT_6,9r321k,HT,79.2,0.08190279214064117,1
RISING_TREE_WIND_FARM,9q5zqv,WT,79.2,0.014954118046901553,1
VASCO_WINDS,9q9w99,WT,78.2,0.09753055624844102,1
MONTEZUMA_WIND_II,9qc26h,WT,78.2,0.018581883851344932,1
SONOMA_CALIFORNIA_GEOTHERMAL,9qben2,ST,78.0,0.044008124576844956,1
MCCLELLAN_CA,9qcem3,CT,77.0,0.1312201772324472,1
ASTORIA_2,9q5sgb,PV,75.0,0.02245643451703695,1
W_E_WARNE,9q5sgb,HT,74.2,0.022216899215521887,1
LOON_LAKE,9r4bc7,HT,74.1,0.49203187250996017,1
CARIBOU_1,9r13pb,HT,73.8,0.07950872656755009,1
CRESTA,9r13pb,HT,73.8,0.07950872656755009,1
DONNELLS,9qcbq0,HT,72.0,0.04382227632379793,1
SAN_FRANCISQUITO_1,9q5evq,HT,69.3,0.6226415094339622,1
PIT_1,9r321k,HT,69.2,0.07156153050672183,1
OXNARD,9q5dy2,CT,68.7,0.03681474733401211,1
LOS_ANGELES_REFINERY_WILMINGTON,9q5bwz,ST,68.5,0.010022825705255766,1
MOUNTAIN_VIEW_I2,9qj152,WT,66.6,0.03886101061967557,1
BUCKS_CREEK,9r13pb,HT,66.0,0.07110536522301228,1
SAN_GABRIEL_FACILITY,9qh3ky,CT,66.0,0.09714453929938181,1
SAN_GABRIEL_FACILITY,9qh3ky,ES,66.0,0.09714453929938181,1
ALPINE_SOLAR,9q5sgb,PV,66.0,0.019761662374992512,1
GIANERA,9q9m24,CT,64.6,0.11379249603663905,1
NORTH_BRAWLEY_GEOTHERMAL_PLANT,9mvgw4,ST,64.0,0.024670418626166063,1
ARGUS_COGEN_PLANT,9q5zqv,ST,62.5,0.011800913862769533,1
HEBER_GEOTHERMAL,9mvffm,ST,62.5,0.029685570437921534,1
NORTH_STAR_SOLAR,9qd2ds,PV,62.5,0.05249895002099958,1
MT_POSO_COGENERATION,9q713t,ST,62.0,0.009130940634158554,1
WHITEWATER_HILL_WIND_PARTNERS,9qj152,WT,61.5,0.03588516746411483,1
ALGONQUIN_POWER_SANGER_LLC,9qdbm8,CC,61.5,0.08945454545454545,1
LAKE_ONE,9q5f6t,CT,60.5,0.05120176032498308,1
CALPEAK_POWER_VACA_DIXON_PEAKER_PLANT,9qc63x,CT,60.5,0.2676991150442478,1
CALPEAK_POWER_PANOCHE_PEAKER_PLANT,9qd2ds,CT,60.5,0.05081898362032759,1
AGUA_MANSA_POWER_PLANT,9qh3ky,CT,60.5,0.08904916102443333,1
CALPEAK_POWER_BORDER_PEAKER_PLANT,9muccv,CT,60.5,0.02934186914981328,1
STOCKTON_COGEN,9q9wtp,,60.0,0.10649627263045794,1
FIVE_POINTS_1,9q6tde,PV,60.0,0.05392773683264426,1
REGULUS_SOLAR_PROJECT,9q713t,PV,60.0,0.008836394162088923,1
BARREN_RIDGE_1,9q5zqv,PV,60.0,0.011328877308258751,1
REGULUS,9q713t,PV,60.0,0.008836394162088923,1
OASIS_WIND,9q5zqv,WT,60.0,0.011328877308258751,1
CENTER_PEAKER,9q5bwz,CT,59.8,0.008749853681376566,1
CENTER_PEAKER,9q5bwz,ES,59.8,0.008749853681376566,1
GRAPELAND_PEAKER,9qh3ky,CT,59.8,0.08801884015307625,1
GRAPELAND_PEAKER,9qh3ky,ES,59.8,0.08801884015307625,1
CAMERON_RIDGE_LLC,9q5zqv,WT,59.6,0.011253351459537026,1
WOODLEAF,9qcxqg,HT,59.0,0.08699498672957828,1
CALPEAK_POWER_ENTERPRISE_PEAKER_PLANT,9mudw2,CT,58.9,0.053211672237781185,1
SALTON_SEA_POWER_LLC_-_UNIT_5,9mvgw4,ST,58.3,0.022473209467273148,1
ELLWOOD,9q713t,CT,58.0,0.008541847690019292,1
MOJAVE_COGEN,9q5zqv,,58.0,0.010951248064650127,1
THUMS,9q5bwz,CT,57.4,0.008398688985134028,1
HECATE_ENERGY_BEACON_SOLAR_3,9q5zqv,PV,56.0,0.010573618821041502,1
CARSON_COGENERATION,9q5bwz,CC,55.8,0.008164579187639003,1
DESERT_VIEW_POWER,9qj152,ST,55.5,0.032384175516396316,1
NAVAL_STATION_ENERGY_FACILITY,9mudw2,CC,55.2,0.04986900352335351,1
JOHN_L_FEATHERSTONE_PLANT,9mvgw4,ST,55.0,0.021201141006861463,1
WHEELABRATOR_SHASTA,9r1jcf,ST,54.9,0.38231197771587744,1
PHILLIPS_66_RODEO_REFINERY,9q9peh,ST,54.9,0.15330913152750628,1
ALAMEDA,9q8yyz,CT,54.8,0.12331233123312331,1
ROSAMOND_W_1,9q5zqv,PV,54.0,0.010195989577432877,1
ROSAMOND_W_2,9q5sgb,PV,54.0,0.016168632852266603,1
STOCKTON_BIOMASS,9q9wtp,ST,54.0,0.09584664536741215,1
SALTON_SEA_POWER_GEN_CO_-_UNIT_3,9mvgw4,ST,53.9,0.02077711818672423,1
DRUM_2,9qcxqg,HT,53.1,0.07829548805662047,1
CARDINAL_COGEN,9q9hgh,,53.0,nan,1
TIGER_CREEK,9qcf5u,HT,52.2,0.06645448758752387,1
GOAL_LINE_LP,9mudw2,CC,51.4,0.04643599241123859,1
VALERO_REFINERY_COGENERATION_UNIT_1,9qc0p1,CT,51.0,0.19281663516068054,1
ANTELOPE_DSR_1,9qhh0n,PV,50.0,0.09321401938851603,1
KUMEYAAY_WIND,9muccv,WT,50.0,0.02424947863620932,1
HECATE_ENERGY_BEACON_SOLAR_4,9q5zqv,PV,50.0,0.009440731090215627,1
PUENTE_HILLS_ENERGY_RECOVERY,9qh18k,CT,50.0,0.08686587908269632,1
ALPAUGH_50,9q713t,PV,50.0,0.007363661801740769,1
COMBUSTION_TURBINE_PROJECT_NO_2,9q9wtp,CT,50.0,0.08874689385871495,1
ESCONDIDO_POWER_PLANT,9mudw2,CT,49.9,0.04508085644593007,1
PANOCHE_PEAKER,9qd2ds,CT,49.9,0.04191516169676606,1
EL_CAJON_ENERGY_CENTER,9muccv,CT,49.9,0.0242009796789369,1
MCGRATH_PEAKER,9q5dy2,CT,49.8,0.02668667273993891,1
KERN_FRONT,9q713t,CT,49.8,0.007334207154533806,1
ROCKWOOD,9mvffm,CT,49.8,0.023653462524935876,1
ROCKWOOD,9mvffm,ST,49.8,0.023653462524935876,1
WALNUT,9q9fy1,CT,49.8,0.04539653600729261,1
BARRE_PEAKER,9mupsy,CT,49.8,0.08997289972899729,1
DOUBLE_C,9q713t,CT,49.8,0.007334207154533806,1
HIGH_SIERRA,9q713t,CT,49.8,0.007334207154533806,1
MIRA_LOMA_PEAKER,9qh3ky,CT,49.8,0.07329997056226081,1
CHOWCHILLA_II,9qd9xh,IC,49.6,0.062437059415911385,1
SAN_GORGONIO_WINDPLANT_WPP1993,9qj152,WT,49.5,0.028883183568677792,1
RIPON_MILL,9q9wtp,CT,49.5,0.0878594249201278,1
EXXONMOBIL_OIL_TORRANCE_REFINERY,9q5bwz,CT,49.3,0.007213508135315463,1
EXXONMOBIL_OIL_TORRANCE_REFINERY,9q5bwz,UNKNOWN,49.3,0.007213508135315463,1
DRUM_1,9qcxqg,HT,49.2,0.0725449719846653,1
MOUNTAIN_VIEW_IV,9qj152,WT,49.0,0.02859143423970125,1
CLEARWATER_POWER_PLANT,9qh3ky,CC,49.0,0.07212246099499559,1
YUBA_CITY_COGEN_PARTNERS,9qct8r,CT,49.0,0.0606961476526694,1
KERN_RIVER_EASTRIDGE_COGEN,9q713t,CT,48.8,0.007186933918498991,1
CUYAMACA_PEAK_ENERGY_PLANT,9muccv,CT,48.7,0.023618992191667878,1
KINGS_RIVER_PH,9qe6tq,HT,48.6,0.026417350654998097,1
WELLHEAD_POWER_DELANO_LLC,9q713t,CT,48.5,0.007142751947688546,1
E_F_OXNARD_ENERGY_FACILITY,9q5dy2,CT,48.5,0.025990032688494723,1
US_BORAX,9q5zqv,CT,48.2,0.009100864770967864,1
SALTON_SEA_POWER_GEN_CO_-_UNIT_4,9mvgw4,ST,47.5,0.018310076324107628,1
YUBA_CITY_ENERGY_CENTER,9qct8r,CT,47.3,0.058590362938189026,1
KING_CITY_PEAKING,9q92vz,CT,47.3,0.029965156794425084,1
CREED_ENERGY_CENTER,9qc63x,CT,47.0,0.2079646017699115,1
FEATHER_RIVER_ENERGY_CENTER,9qct8r,CT,47.0,0.058218753870927786,1
LAMBIE_ENERGY_CENTER,9qc26h,CT,47.0,0.011168139910654882,1
WOLFSKILL_ENERGY_CENTER,9qc63x,CT,47.0,0.2079646017699115,1
RIVERVIEW_ENERGY_CENTER,9qc26h,CT,47.0,0.011168139910654882,1
GOOSE_HAVEN_ENERGY_CENTER,9qc63x,CT,47.0,0.2079646017699115,1
RIDGETOP,9q5zqv,WT,46.8,0.008836524300441826,1
NARROWS_2,9qcxqg,HT,46.7,0.06885874373341197,1
RED_BLUFF,9r1jcf,IC,46.4,0.3231197771587744,1
BEAR_MOUNTAIN_COGEN,9q713t,CT,46.0,0.006774568857601508,1
MCKITTRICK_COGEN_FACILITY,9q713t,CT,46.0,0.006774568857601508,1
LIVE_OAK_COGEN,9q713t,CT,46.0,0.006774568857601508,1
GOLDEN_HILLS_NORTH_WIND_ENERGY_CENTER,9q9w99,WT,46.0,0.05737091544025942,1
BADGER_CREEK_LIMITED,9q713t,CT,46.0,0.006774568857601508,1
CHALK_CLIFF_COGEN,9q713t,CT,46.0,0.006774568857601508,1
CE_LEATHERS,9mvgw4,ST,45.5,0.017539125742039936,1
DEL_RANCH_COMPANY,9mvgw4,ST,45.5,0.017539125742039936,1
ELMORE_COMPANY,9mvgw4,ST,45.5,0.017539125742039936,1
RE_CAMELOT_LLC,9q5zqv,PV,45.0,0.008496657981194065,1
DILLON_WIND_LLC,9qj152,WT,45.0,0.026257439607888903,1
CENTURY_GENERATING_FACILITY,9qh3ky,CT,44.8,0.0659405357668531,1
DREWS_GENERATING_FACILITY,9qh3ky,CT,44.8,0.0659405357668531,1
CHULA_VISTA_I,9muccv,CT,44.0,0.0213395411998642,1
CHICAGO_PARK,9qcxqg,HT,44.0,0.06487761722205838,1
SAN_GORGONIO_WESTWINDS_II_LLC,9qj152,WT,43.4,0.025323841755163962,1
UCLA_SO_CAMPUS_COGEN_PROJECT,9q5f6t,CC,43.0,0.036391333784698714,1
BERRY_PLACERITA_COGEN,9q5epx,CT,42.8,0.5572916666666666,1
SAN_FRANCISQUITO_2,9q5evq,HT,42.0,0.37735849056603776,1
SALT_SPRINGS,9qcf5u,HT,42.0,0.05346912794398472,1
LAKE_HODGES_HYDROELECTRIC_FACILITY,9mudw2,HT,42.0,0.03794380702863854,1
FORBESTOWN,9r1867,HT,41.9,0.060201149425287356,1
CABAZON_WIND_PARTNERS,9qj152,WT,41.0,0.023923444976076555,1
NORTH_ISLAND_ENERGY_FACILITY,9mudw2,CC,40.3,0.03640798626795554,1
KERN_RIVER_3,9q5zqv,HT,40.1,0.007571466334352933,1
SPRINGS_GENERATING_STATION,9qh8k2,CT,40.0,0.03513086246267346,1
CUYAMA_SOLAR_LLC,9q713t,PV,40.0,0.005890929441392616,1
ELEVATION_SOLAR_C,9qhh0n,PV,40.0,0.07457121551081283,1
BUTT_VALLEY,9r13pb,HT,40.0,0.043094160741219564,1
CABAZON_WIND_FARM,9qj152,WT,39.7,0.023164896720737543,1
VULCAN-BN_GEOTHERMAL_POWER_COMPANY,9mvgw4,ST,39.6,0.015264821524940252,1
SALINAS_RIVER_COGENERATION,9q613c,CT,38.9,0.23031379514505623,1
BERRY_COGEN,9q713t,CT,38.7,0.005699474234547356,1
UNION_VALLEY,9qcggm,HT,38.6,0.033969902314529614,1
TOTAL_ENERGY_FACILITIES,9q5bwz,ST,38.4,0.005618635139880604,1
RIO_BRAVO_POSO,9q713t,,38.0,0.005596382969322984,1
BUENA_VISTA_ENERGY_LLC,9q9w99,WT,38.0,0.047393364928909956,1
CONTROL_GORGE,9qe6tq,HT,37.5,0.02038375822144915,1
UPPER_GORGE,9qe6tq,HT,37.5,0.02038375822144915,1
MIDDLE_GORGE,9qe6tq,HT,37.5,0.02038375822144915,1
FPL_ENERGY_MONTEZUMA_WINDS_LLC,9qc26h,WT,36.8,0.008744415930044673,1
HL_POWER,9r4bc7,ST,36.2,0.24037184594953523,1
KINGSBURG_COGEN,9qdbm8,CC,36.2,0.05265454545454546,1
COPCO_2,9r88yx,HT,36.0,0.07164179104477612,1
BREA_EXPANSION_PLANT,9qh0rw,CT,35.7,0.13757225433526013,1
SOUTHEAST_RESOURCE_RECOVERY,9q5bwz,CT,35.6,0.00520894299426431,1
UNIVERSITY_OF_CALIFORNIA_SAN_DIEGO,9mudw2,CC,35.5,0.03207155117896829,1
UNIVERSITY_OF_CALIFORNIA_SAN_DIEGO,9mudw2,ES,35.5,0.03207155117896829,1
CIVIC_CENTER,9q5cts,CC,34.5,0.02063767422384399,1
OAK_CREEK_ENERGY_SYSTEMS_I,9q5zqv,WT,34.5,0.006514104452248782,1
NEW-INDY_ONTARIO_MILL,9qh3ky,CT,34.0,0.05004415660877245,1
TESORO_WILMINGTON_CALCINER,9q5bwz,UNKNOWN,34.0,0.0049748331967692854,1
PILOT_KNOB,9mvgw4,HT,33.0,0.012720684604116878,1
HYPERION_TREATMENT_PLANT_CHP_PLANT,9q5cts,ST,33.0,0.0197403840401986,1
MOJAVE_SIPHON,9qhe90,HT,32.7,0.10585950145678215,1
EEL_RIVER_POWER,9pr8ne,ST,32.5,0.16290726817042606,1
AGNEWS_POWER_PLANT,9q9m24,CC,32.0,0.05636779989431037,1
LOST_HILLS,9q713t,PV,32.0,0.004712743553114092,1
BLACKWELL,9q713t,PV,32.0,0.004712743553114092,1
WILMINGTON_HYDROGEN_PLANT,9q5bwz,UNKNOWN,31.9,0.004667564087557064,1
OLS_ENERGY_CAMARILLO,9q5dy2,CC,31.1,0.016665773538395587,1
SAN_GORGONIO_FARMS_WIND_FARM,9qj152,WT,31.0,0.018088458396545687,1
BURNEY_FOREST_PRODUCTS,9r321k,ST,31.0,0.03205791106514995,1
BALCH_1,9qe6tq,HT,31.0,0.01685057346306463,1
SOUTHEAST_KERN_RIVER_COGEN,9q713t,CT,30.8,0.004536015669872314,1
OLS_ENERGY_CHINO,9qh3ky,CC,30.8,0.045334118339711515,1
WHEELABRATOR_NORWALK_ENERGY,9q5bwz,CC,30.7,0.0044919817394357955,1
FRIANT_HYDRO_FACILITY,9qd9xh,HT,30.6,0.038519637462235655,1
SPI_ANDERSON_2,9r1jcf,ST,30.2,0.21030640668523679,1
SEVILLE_2,9mvffm,PV,30.0,0.014249073810202337,1
MOJAVE_18,9q5zqv,WT,30.0,0.005664438654129376,1
MOJAVE_16,9q5zqv,WT,30.0,0.005664438654129376,1
MAMMOTH_PACIFIC_II,9qe6tq,ST,30.0,0.01630700657715932,1
ESCONDIDO_ENERGY_STORAGE,9mudw2,ES,30.0,0.027102719306170385,1
MUCK_VALLEY_HYDROELECTRIC,9r321k,HT,29.9,0.03092037228541882,1
MESA_WIND_POWER_CORP,9qj152,WT,29.9,0.01744660987279729,1
DIAMOND_VALLEY_LAKE,9qh8k2,HT,29.7,0.026084665378535044,1
GEO_EAST_MESA_III,9mvgw4,ST,29.6,0.011410068614601806,1
MOJAVE_4,9q5zqv,WT,29.0,0.005475624032325064,1
RIDGETOP_ENERGY_LLC,9q5zqv,WT,29.0,0.005475624032325064,1
OXNARD_PAPER_MILL,9q5dy2,CT,29.0,0.015540431916831896,1
COLTON_PLANT,9qh3ky,,29.0,0.04268472181336473,1
TPC_WINDFARMS_LLC,9q5zqv,WT,28.7,0.005418979645783769,1
WADHAM_ENERGY_LP,9qcjcp,ST,28.6,1.0,1
PE_BERKELEY,9q9peh,CC,28.5,0.07958670762356883,1
C_P_KELCO_SAN_DIEGO_PLANT,9mudw2,CT,28.0,0.02529587135242569,1
RIO_BRAVO_FRESNO,9qdbm8,ST,28.0,0.04072727272727273,1
WOODLAND_BIOMASS_POWER_LTD,9qct8r,ST,28.0,0.03468351294438251,1
RIO_BRAVO_ROCKLIN,9qcts0,ST,27.9,0.13216485078162007,1
WESTERN_POWER_STEAM_INC,9q713t,CC,27.7,0.004079468638164386,1
WESTERN_POWER_STEAM_INC,9q713t,CT,27.7,0.004079468638164386,1
SIERRA_PACIFIC_QUINCY_FACILITY,9qcxqg,ST,27.5,0.04054851076378649,1
PHILLIPS_66_CARBON_PLANT,9q9peh,ST,27.3,0.07623568835520804,1
DUTCH_FLAT_2,9qcxqg,HT,27.3,0.040253612503686226,1
JEFFERSON_SMURFIT_SANTA_CLARA_MILL,9q9hq4,CC,27.0,0.6521739130434783,1
HAYWORTH_SOLAR,9q713t,PV,27.0,0.003976377372940015,1
HAYWORTH_SOLAR_2,9q713t,PV,27.0,0.003976377372940015,1
ORMESA_I,9mvgw4,ST,26.4,0.010176547683293501,1
KERN_RIVER_1,9q713t,HT,26.4,0.003888013431319126,1
NRG_SOLAR_BORREGO_I,9qj152,PV,26.0,0.015170965106780255,1
COPCO_1,9r88yx,HT,26.0,0.051741293532338306,1
NTC_MCRD_ENERGY_FACILITY,9mudw2,CC,25.6,0.023127653807932063,1
ROBBS_PEAK,9qcggm,HT,25.5,0.022441256710375782,1
ONEILL,9q9fy1,HT,25.2,0.022971741112123974,1
MOJAVE_17,9q5zqv,WT,25.0,0.004720365545107814,1
RET_MODESTO_SOLAR,9qcbq0,PV,25.0,0.015216068167985392,1
WESTERN_GEOPOWER_UNIT_1,9qben2,,25.0,0.014105168133604152,1
PACIFIC-ULTRAPOWER_CHINESE_STATION,9qcbq0,ST,25.0,0.015216068167985392,1
AIDLIN_GEOTHERMAL_POWER_PLANT,9qben2,ST,25.0,0.014105168133604152,1
TULLOCH,9qcbq0,HT,24.2,0.01472915398660986,1
COVANTA_STANISLAUS_ENERGY,9q9fy1,CT,24.0,0.02187784867821331,1
ORMESA_II,9mvgw4,ST,24.0,0.009251406984812274,1
ETIWANDA,9qh3ky,HT,23.9,0.035178098322048865,1
BOWERMAN_POWER_LFG_LLC,9qh0rw,CT,23.8,0.09171483622350675,1
PARDEE,9qcf5u,HT,23.6,0.03004455760661999,1
MOJAVE_3,9q5zqv,WT,23.5,0.004437143612401344,1
IMPERIAL_VALLEY_SOLAR_COMPANY_1,9mvgw4,,23.0,0.00886593169377843,1
IMPERIAL_VALLEY_SOLAR_COMPANY_1_LLC,9mvgw4,PV,23.0,0.00886593169377843,1
SUNSHINE_GAS_PRODUCERS,9q5epx,CT,23.0,0.2994791666666667,1
MOJAVE_5,9q5zqv,WT,22.5,0.004248328990597032,1
VANDENBERG_SOLAR_PROJECT,9q603v,PV,22.5,0.00959283734811341,1
MOUNTAIN_VIEW_III,9qj152,WT,22.4,0.013070369938149142,1
DUTCH_FLAT,9qcxqg,HT,22.0,0.03243880861102919,1
GRIZZLY,9r13pb,HT,22.0,0.02370178840767076,1
TEHACHAPI_WIND_RESOURCE_II,9q5zqv,WT,21.9,0.004135040217514444,1
VICTORY_GARDEN_TEHACHAPI,9q5zqv,WT,21.1,0.003983988520070995,1
NRG_SOLAR_BLYTHE_LLC,9qndpr,PV,21.0,0.007521489971346705,1
ATWELL_ISLAND_SOLAR,9q713t,PV,20.2,0.0029749193679032707,1
ATWELL_ISLAND,9q713t,PV,20.2,0.0029749193679032707,1
TERMINUS_HYDROELECTRIC_PROJECT,9qe6tq,HT,20.1,0.010925694406696744,1
CORCORAN_IRRIGATION,9qdbm8,PV,20.0,0.02909090909090909,1
GIFFEN_SOLAR_PARK,9qd2ds,PV,20.0,0.016799664006719867,1
ROSAMOND_ONE,9q5zqv,PV,20.0,0.0037762924360862505,1
NICOLIS,9q713t,PV,20.0,0.002945464720696308,1
ALAMO_SOLAR,9qhsdk,PV,20.0,0.01422475106685633,1
BAYSHORE_SOLAR_A_LLC,9qhh0n,PV,20.0,0.037285607755406416,1
RIO_BRAVO_SOLAR_1_LLC,9q713t,PV,20.0,0.002945464720696308,1
W_ANTELOPE_SOLAR_PARK,9qhh0n,PV,20.0,0.037285607755406416,1
CORCORAN,9qdbm8,PV,20.0,0.02909090909090909,1
ADELANTO_I,9qhsdk,PV,20.0,0.01422475106685633,1
_4001_AND_2510_CLEARVISTA_SOLAR_AND_WIND,9q5zqv,,20.0,0.0037762924360862505,1
RE_KENT_SOUTH_LLC,9q6tde,PV,20.0,0.017975912277548085,1
ATWELL_ISLAND_WEST_SOLAR,9q713t,PV,20.0,0.002945464720696308,1
IMPERIAL_VALLEY_SOLAR_CO_IVSC_2_LLC,9mvgw4,PV,20.0,0.0077095058206768955,1
BAYSHORE_SOLAR_C_LLC,9qhh0n,PV,20.0,0.037285607755406416,1
REDWOOD_4_SOLAR_FARM,9q713t,PV,20.0,0.002945464720696308,1
JACUMBA_SOLAR_FARM,9mvffm,,20.0,0.00949938254013489,1
PORTAL_RIDGE_B,9qhh0n,,20.0,0.037285607755406416,1
CENTRAL_ANTELOPE_C,9qhh0n,PV,20.0,0.037285607755406416,1
LONE_VALLEY_SOLAR_PARK_II_LLC,9qhsdk,PV,20.0,0.01422475106685633,1
W_ANTELOPE_SOLAR,9qhh0n,PV,20.0,0.037285607755406416,1
KETTLEMAN_SOLAR_-CENTAURUS,9q6tde,PV,20.0,0.017975912277548085,1
WESTERN_ANTELOPE_BLUE_SKY_RANCH_A,9qhh0n,PV,20.0,0.037285607755406416,1
MIRA_LOMA_ENERGY_STORAGE_FACILITY,9qh3ky,ES,20.0,0.02943773918163085,1
CANTUA_SOLAR_STATION,9qd2ds,PV,20.0,0.016799664006719867,1
RE_KANSAS_SOLAR_LLC,9q6tde,PV,20.0,0.017975912277548085,1
JACUMBA_SOLAR_FARM_2,9mvffm,PV,20.0,0.00949938254013489,1
CALIPATRIA_SOLAR_FARM,9mvgw4,PV,20.0,0.0077095058206768955,1
KENT_SOUTH,9q6tde,PV,20.0,0.017975912277548085,1
ALGONQUIN_SKIC20_SOLAR_LLC,9q713t,PV,20.0,0.002945464720696308,1
WHITNEY_POINT_SOLAR,9q6tde,PV,20.0,0.017975912277548085,1
GATES_SOLAR_STATION,9q6tde,PV,20.0,0.017975912277548085,1
ADERA,9qd2ds,PV,20.0,0.016799664006719867,1
PORTAL_RIDGE_SOLAR_B_LLC,9qhh0n,PV,20.0,0.037285607755406416,1
GUERNSEY_SOLAR_STATION,9qdbm8,PV,20.0,0.02909090909090909,1
SOL_ORCHARD_EL_CENTRO_PV,9mvffm,PV,20.0,0.00949938254013489,1
KANSAS,9q6tde,PV,20.0,0.017975912277548085,1
SEPV_MOJAVE_W,9q5zqv,PV,20.0,0.0037762924360862505,1
TA-HIGH_DESERT_LLC,9qhh0n,PV,20.0,0.037285607755406416,1
FRONTIER_SOLAR_LLC,9q9fy1,PV,20.0,0.018231540565177756,1
CORCORAN_IRRIGATION_DISTRICT_SOLAR,9qdbm8,PV,20.0,0.02909090909090909,1
SEVILLE_SOLAR_1,9mvffm,PV,20.0,0.00949938254013489,1
NORTH_LANCASTER_RANCH,9qhh0n,PV,20.0,0.037285607755406416,1
BLUE_SKY_RANCH_B,9qhh0n,PV,20.0,0.037285607755406416,1
VICTOR_PHELAN_1,9qhkxd,PV,20.0,0.4,1
KINGBIRD_SOLAR_B,9q5zqv,PV,20.0,0.0037762924360862505,1
MARICOPA_WEST,9q713t,PV,20.0,0.002945464720696308,1
SKIC_SOLAR,9q713t,PV,20.0,0.002945464720696308,1
SIERRA_SOLAR_GREENWORKS,9qhh0n,PV,20.0,0.037285607755406416,1
ROSAMOND_TWO,9q5zqv,PV,20.0,0.0037762924360862505,1
SIERRA_SOLAR_GREENWORKS_2,9qhh0n,PV,20.0,0.037285607755406416,1
SHAFTER_SOLAR_LLC,9q713t,PV,20.0,0.002945464720696308,1
SIERRA_PACIFIC_BURNEY_FACILITY,9r321k,ST,20.0,0.020682523267838676,1
CED_WHITE_RIVER,9q713t,PV,20.0,0.002945464720696308,1
HURON_SOLAR_STATION,9q6tde,PV,20.0,0.017975912277548085,1
BAYSHORE_SOLAR_B_LLC,9qhh0n,PV,20.0,0.037285607755406416,1
LONG_BOAT_SOLAR,9qhsdk,PV,20.0,0.01422475106685633,1
HURON,9q6tde,PV,20.0,0.017975912277548085,1
EDOM_HILLS_PROJECT_1_LLC,9qj152,WT,20.0,0.011669973159061734,1
CORCORAN_SOLAR_3,9qdbm8,PV,20.0,0.02909090909090909,1
ANTELOPE_BIG_SKY_RANCH,9qhh0n,PV,20.0,0.037285607755406416,1
OASIS_SOLAR,9qhh0n,PV,20.0,0.037285607755406416,1
VEGA_SOLAR,9q9fy1,PV,20.0,0.018231540565177756,1
ALPAUGH_NORTH,9q713t,PV,20.0,0.002945464720696308,1
SUMMER_SOLAR,9qhh0n,PV,20.0,0.037285607755406416,1
NEXTERA_WESTSIDE_PV,9q6tde,PV,20.0,0.017975912277548085,1
RIO_BRAVO_SOLAR_II_LLC,9q713t,PV,20.0,0.002945464720696308,1
PUMPJACK_SOLAR_I,9q713t,PV,20.0,0.002945464720696308,1
SHAFTER,9q713t,PV,20.0,0.002945464720696308,1
CORCORAN_3,9qdbm8,,20.0,0.02909090909090909,1
WHITE_RIVER_SOLAR,9q713t,PV,20.0,0.002945464720696308,1
ADOBE,9q713t,PV,20.0,0.002945464720696308,1
RE_GARLAND_A,9q5sgb,PV,20.0,0.005988382537876519,1
KINGBIRD_SOLAR_A,9q5sgb,PV,20.0,0.005988382537876519,1
RIO_BRAVO_1,9q713t,PV,20.0,0.002945464720696308,1
SALTON_SEA_POWER_GEN_CO_-_UNIT_2,9mvffm,ST,20.0,0.00949938254013489,1
RIO_BRAVO_2,9q713t,PV,20.0,0.002945464720696308,1
AP_NORTH_LAKE_I,9qh8k2,PV,20.0,0.01756543123133673,1
RE_VICTOR_PHELAN_SOLAR_ONE_LLC,9qhkxd,PV,20.0,0.4,1
DUCOR_1,9q713t,PV,20.0,0.002945464720696308,1
SUN_CITY_PROJECT_LLC,9q6tde,PV,20.0,0.017975912277548085,1
EL_DORADO,9qcggm,HT,20.0,0.01760098565519669,1
DUCOR_4,9q713t,PV,20.0,0.002945464720696308,1
ISIS,9q6tde,,20.0,0.017975912277548085,1
HURON_SOLAR_FARM,9q6tde,,20.0,0.017975912277548085,1
CORCORAN_SOLAR,9qdbm8,PV,20.0,0.02909090909090909,1
RE_KANSAS_SOUTH_LLC,9q6tde,PV,20.0,0.017975912277548085,1
RE_OLD_RIVER_ONE_LLC,9q713t,PV,20.0,0.002945464720696308,1
PIONEER_GREEN_ENERGY,9q713t,PV,20.0,0.002945464720696308,1
BURFORD_GIFFEN,9qd2ds,,20.0,0.016799664006719867,1
CORONAL_LOST_HILLS,9q6tde,PV,20.0,0.017975912277548085,1
GRS_COYOTE_CANYON,9mupsy,CT,20.0,0.036133694670280034,1
SOLAR_BLYTHE_2,9qndpr,PV,20.0,0.0071633237822349575,1
CANTUA,9qd2ds,,20.0,0.016799664006719867,1
KERN_SOLAR_RANCH,9q713t,,20.0,0.002945464720696308,1
DUCOR_2,9q713t,PV,20.0,0.002945464720696308,1
STROUD_SOLAR_STATION,9qd2ds,PV,20.0,0.016799664006719867,1
CED_CORCORAN_2,9qdbm8,PV,19.8,0.028800000000000003,1
WHITE_RIVER_SOLAR_2,9q713t,PV,19.8,0.0029160100734893445,1
RISING_TREE_WIND_FARM_II,9q5zqv,WT,19.8,0.003738529511725388,1
CORCORAN_SOLAR_2,9qdbm8,PV,19.8,0.028800000000000003,1
DROP_4,9mvgw4,HT,19.6,0.007555315704263358,1
ALAMO,9q5sgb,HT,19.6,0.00586861488711899,1
WILDWOOD_SOLAR_I_LLC,9q713t,PV,19.5,0.0028718281026789,1
COLUMBIA_1,9qc26h,PV,19.2,0.004562303963501569,1
SIERRA_PACIFIC_LINCOLN_FACILITY,9qcts0,ST,19.2,0.09095215537659877,1
SAND_DRAG_LLC,9q6tde,PV,19.0,0.017077116663670684,1
UCI_FACILITIES_MANAGEMENT_CENTRAL_PLANT,9mupsy,CC,19.0,0.03432700993676603,1
RE_ADAMS_EAST_LLC,9qd2ds,PV,19.0,0.015959680806383873,1
ADAMS_E,9qd2ds,PV,19.0,0.015959680806383873,1
IRON_GATE,9r88yx,HT,19.0,0.03781094527363184,1
CASCADE_SOLAR,9qj152,PV,18.5,0.010794725172132104,1
DE_SABLA,9r13pb,HT,18.4,0.019823313940961,1
DIABLO_WIND_LLC,9q9w99,WT,18.0,0.022449488650536295,1
CATALINA_SOLAR_2_LLC,9q5zqv,PV,18.0,0.0033986631924776255,1
WESTLANDS_SOLAR_PV_FARM,9q6tde,PV,18.0,0.01617832104979328,1
BERRY_COGEN_TANNE_HILLS_18,9q713t,CT,17.6,0.002592008954212751,1
DINOSAUR_POINT,9q9fy1,WT,17.4,0.015861440291704648,1
SMUD_AT_GRUNDMAN,9qcem3,PV,17.0,0.028970688479890937,1
REDCREST_SOLAR_FARM,9q713t,PV,16.6,0.0024447357181779355,1
REDCREST_SOLAR,9q713t,PV,16.6,0.0024447357181779355,1
GREEN_POWER_I,9qj152,WT,16.5,0.009627727856225931,1
MCAGCC_COGEN_PLANT_1,9qj152,CT,16.4,0.009569377990430622,1
WISE,9qcggm,HT,16.4,0.014432808237261285,1
SAND_BAR_POWER_PLANT,9qcbq0,HT,16.2,0.009860012172854534,1
WINDPARK_UNLIMITED_2,9qj152,WT,16.1,0.009394328393044698,1
PLANT_NO_2_ORANGE_COUNTY,9mupsy,ST,16.0,0.028906955736224028,1
EDF_RENEWABLE_WINDFARM_V_INC,9qc26h,WT,15.5,0.0036831099705351205,1
FRENCH_MEADOWS,9r4bc7,HT,15.3,0.10159362549800798,1
SAN_DIEGO_STATE_UNIVERSITY,9mudw2,CC,15.1,0.013641702050772427,1
SAN_DIEGO_STATE_UNIVERSITY,9mudw2,PV,15.1,0.013641702050772427,1
FIVE_POINTS_SOLAR_STATION,9qd9xh,,15.0,0.0188821752265861,1
MORELOS,9q713t,PV,15.0,0.0022090985405222308,1
RE_COLUMBIA_TWO_LLC,9q5zqv,PV,15.0,0.002832219327064688,1
WESTSIDE_SOLAR_STATION,9q6tde,PV,15.0,0.013481934208161066,1
WOODMERE_SOLAR_FARM,9q713t,PV,15.0,0.0022090985405222308,1
DUCOR_3,9q713t,PV,15.0,0.0022090985405222308,1
WOODMERE_SOLAR_FARM_2,9q713t,PV,15.0,0.0022090985405222308,1
FIVE_POINTS_SOLAR_STATION_2,9q6tde,PV,15.0,0.013481934208161066,1
KINGS_BEACH,9r4bc7,ST,15.0,0.09960159362549802,1
PLES_I,9qe6tq,ST,15.0,0.00815350328857966,1
FORKS_OF_BUTTE_HYDRO_PROJECT,9r13pb,HT,14.5,0.015621633268692092,1
APPLE_CAMPUS_2_PV,9q9hq4,PV,14.4,0.3478260869565218,1
TROPICO,9q713t,PV,14.0,0.0020618253044874155,1
GASNA_27P,9qc63x,,14.0,0.061946902654867256,1
MILLERCOORS_IRWINDALE_BREWERY,9qh18k,PV,13.9,0.024148714384989577,1
MILLERCOORS_IRWINDALE_BREWERY,9qh18k,CT,13.9,0.024148714384989577,1
MILLERCOORS_IRWINDALE_BREWERY,9qh18k,ST,13.9,0.024148714384989577,1
CALABASAS_GAS_TO_ENERGY_FACILITY,9q5dy2,CT,13.8,0.007395102084561385,1
HALSEY,9qcggm,HT,13.6,0.01196867024553375,1
COALINGA_25D_COGEN,9q6tde,CT,13.6,0.012223620348732698,1
WEST_POINT_PH,9qcf5u,HT,13.6,0.017313812858052197,1
PARNASSUS_CENTRAL_UTILITY_PLANT,9q8yyc,CC,13.4,1.0,1
NIMBUS,9qcggm,HT,13.4,0.011792660388981784,1
HOUWELING_NURSERIES,9q5dy2,IC,13.2,0.007073575906971759,1
RUSH_CREEK,9qe6tq,HT,13.1,0.007120726205359569,1
CALIFORNIA_INSTITUTE_OF_TECHNOLOGY,9q5fq8,CC,13.0,0.0466618808327351,1
ROSEBURG_FOREST_PRODUCTS_BIOMASS,9r321k,ST,13.0,0.01344364012409514,1
UC_DAVIS_SOUTH_CAMPUS,9qc63x,PV,13.0,0.05752212389380531,1
A_G_WISHON,9qd9xh,HT,12.8,0.016112789526686808,1
NEWCASTLE,9qcggm,HT,12.7,0.011176625891049898,1
PEBBLY_BEACH,9mupsy,ES,12.7,0.022944896115627823,1
PEBBLY_BEACH,9mupsy,ST,12.7,0.022944896115627823,1
EL_NIDO_FACILITY,9qd2ds,ST,12.5,0.010499790004199917,1
AMPERSAND_CHOWCHILLA_BIOMASS_LLC,9qd9xh,ST,12.5,0.015735146022155085,1
CYMRIC_36W_COGEN,9q713t,CT,12.4,0.0018261881268317108,1
TAFT_26C_COGEN,9q713t,CT,12.4,0.0018261881268317108,1
SLY_CREEK,9qcxqg,HT,12.1,0.017841344736066054,1
COLEMAN_PH,9r1jcf,HT,12.1,0.08426183844011143,1
LOMA_LINDA_UNIVERSITY_COGEN,9qh8k2,CC,12.1,0.010627085894958721,1
LOMA_LINDA_UNIVERSITY_COGEN,9qh8k2,CT,12.1,0.010627085894958721,1
LOMA_LINDA_UNIVERSITY_COGEN,9qh8k2,ST,12.1,0.010627085894958721,1
ROLLINS,9qcxqg,HT,12.1,0.017841344736066054,1
MCKITTRICK_COGEN,9q713t,CT,12.0,0.0017672788324177846,1
SEPV_8,9qj152,PV,12.0,0.00700198389543704,1
ORION_SOLAR_I,9q5sgb,PV,12.0,0.0035930295227259114,1
FOTOWATIO,9q713t,,12.0,0.0017672788324177846,1
CITY_OF_CORCORAN,9qdbm8,PV,12.0,0.017454545454545455,1
CITY_OF_CORCORAN_SOLAR,9qdbm8,PV,12.0,0.017454545454545455,1
GOOSE_LAKE_SOLAR,9q713t,PV,12.0,0.0017672788324177846,1
ISABELLA_HYDRO_PROJECT,9q5zqv,HT,11.8,0.002228012537290888,1
H_GONZALES,9q5cw0,CT,11.8,0.08321579689703808,1
KAREN_AVENUE_WINDFARM,9qj152,WT,11.7,0.006826934298051114,1
MM_WEST_COVINA,9qh18k,CT,11.7,0.020326615705350937,1
MONTICELLO_DAM,9qc63x,HT,11.5,0.05088495575221239,1
CE_TURBO_LLC,9mvgw4,ST,11.5,0.004432965846889215,1
AMERESCO_OX_MOUNTAIN,9q9jb9,CT,11.4,1.0,1
PORTAL_RIDGE_C,9qhh0n,,11.4,0.021252796420581657,1
PORTAL_RIDGE_SOLAR_C_LLC,9qhh0n,PV,11.4,0.021252796420581657,1
POOLE,9qe6tq,HT,11.3,0.006142305810730011,1
NAVAL_AIR_WEAPONS_STATION_CHINA_LAKE,9q5zqv,PV,11.1,0.002095842302027869,1
SJ_SC_WPCP,9q9m24,IC,11.0,0.01937643121366919,1
SJ_SC_WPCP,9q9m24,ST,11.0,0.01937643121366919,1
FOOTHILL,9q5epx,HT,11.0,0.14322916666666669,1
HEBER_SOLAR,9mvffm,PV,10.9,0.0051771634843735155,1
CAMANCHE,9qcf5u,HT,10.8,0.013749204328453215,1
RANCHO_SECO_SOLAR_LLC,9qcf5u,PV,10.8,0.013749204328453215,1
USPS_PV,9q5cts,PV,10.7,0.006400669976670455,1
LOST_HILLS_COGENERATION_PLANT,9q713t,CT,10.5,0.0015463689783655615,1
MARIN_CLEAN_ENERGY_SOLAR_ONE,9q8yyz,PV,10.5,0.023627362736273628,1
OTAY,9muccv,CT,10.5,0.0050923905136039576,1
NARROWS_PH,9qcxqg,HT,10.2,0.015039811265113534,1
GIFFEN,9qd2ds,PV,10.0,0.008399832003359933,1
CASCADE_SOLAR_PARK,9qj152,,10.0,0.005834986579530867,1
HAT_CREEK_1,9r321k,HT,10.0,0.010341261633919338,1
LONE_VALLEY_SOLAR_PARK_I_LLC,9qhsdk,PV,10.0,0.007112375533428165,1
KELLY_RIDGE,9r1867,HT,10.0,0.014367816091954023,1
DROP_2_CA,9mvgw4,HT,10.0,0.0038547529103384478,1
BEARDSLEY,9qcbq0,HT,10.0,0.006086427267194157,1
JONES_FORK,9qcggm,HT,10.0,0.008800492827598346,1
HAYPRESS,9r4bc7,HT,10.0,0.06640106241699867,1
CHILDRENS_HOSPITAL,9mudw2,CT,10.0,0.009034239768723461,1
CHILDRENS_HOSPITAL,9mudw2,IC,10.0,0.009034239768723461,1
CHILDRENS_HOSPITAL,9mudw2,ST,10.0,0.009034239768723461,1
HAT_CREEK_2,9r321k,HT,10.0,0.010341261633919338,1
WESTERN_ANTELOPE_DRY_RANCH,9qhh0n,PV,10.0,0.018642803877703208,1
WESTERN_ANTELOPE_DRY_RANCH_2,9qhh0n,PV,10.0,0.018642803877703208,1
SEPV_PALMDALE_EAST,9qhh0n,PV,10.0,0.018642803877703208,1
SKIC_SOLAR_1,9q713t,,10.0,0.001472732360348154,1
COLUMBIA_3,9q5zqv,PV,10.0,0.0018881462180431253,1
MAMMOTH_PACIFIC_I,9qe6tq,ST,10.0,0.005435668859053107,1
ADELANTO_SOLAR_PROJECT,9qhkxd,PV,10.0,0.2,1
SALTON_SEA_POWER_GEN_CO_UNIT_1,9mvffm,ST,10.0,0.004749691270067445,1
ALGONQUIN_SKIC_10_SOLAR_LLC,9q713t,PV,10.0,0.001472732360348154,1
WEST_GATES_SOLAR_STATION,9q6tde,PV,10.0,0.008987956138774043,1
COMANCHE,9wve62,ST,1635.3,0.14070364729872745,1
CRAIG,9x5w98,ST,1427.6,0.7032512315270936,1
FORT_ST_VRAIN,9xkgmv,CC,1148.5,0.12472307892793537,1
FORT_ST_VRAIN,9xkgmv,CT,1148.5,0.12472307892793537,1
CHEROKEE,9wve62,CC,1006.4,0.08659215473701419,1
CHEROKEE,9wve62,ST,1006.4,0.08659215473701419,1
RAWHIDE,9xkgmv,CT,800.4,0.08692063767864124,1
RAWHIDE,9xkgmv,ST,800.4,0.08692063767864124,1
ROCKY_MOUNTAIN_ENERGY_CENTER,9wve62,CC,685.1,0.05894702425509581,1
RUSH_CREEK_WIND,9wve62,,600.0,0.05162489352365711,1
FRONT_RANGE_POWER_PLANT,9wve62,CC,554.3,0.04769279746693856,1
PAWNEE,9wve62,ST,552.3,0.047520714488526364,1
HAYDEN,9x5w98,ST,465.4,0.22926108374384235,1
PUEBLO_AIRPORT_GENERATING_STATION,9wve62,CC,440.0,0.03785825525068188,1
PUEBLO_AIRPORT_GENERATING_STATION,9wve62,CT,440.0,0.03785825525068188,1
SPINDLE_HILL_ENERGY_CENTER,9xkgmv,CT,420.0,0.045610529516528386,1
BLUE_SPRUCE_ENERGY_CENTER,9wve62,CT,397.8,0.03422730440618466,1
JM_SHAFER_GENERATING_STATION,9xkgmv,CC,396.9,0.04310195039311932,1
CEDAR_CREEK_WIND,9xkgmv,WT,300.5,0.03263324790408757,1
MANCHIEF_ELECTRIC_GENERATING_STATION,9wve62,CT,300.0,0.025812446761828554,1
CABIN_CREEK,9wve62,HT,300.0,0.025812446761828554,1
BRUSH_GENERATION_FACILITY,9wve62,CC,297.2,0.025571530592051486,1
BRUSH_GENERATION_FACILITY,9wve62,CT,297.2,0.025571530592051486,1
RAY_D_NIXON,9wve62,CT,282.6,0.0243153248496425,1
RAY_D_NIXON,9wve62,ST,282.6,0.0243153248496425,1
CEDAR_POINT_WIND,9wve62,WT,252.0,0.021682455279935987,1
GOLDEN_WEST_POWER_PARTNERS_LLC,9wve62,,250.0,0.021510372301523795,1
CEDAR_CREEK_II,9xkgmv,WT,248.3,0.02696451066417619,1
FOUNTAIN_VALLEY_POWER_FACILITY,9wve62,CT,228.0,0.0196174595389897,1
MARTIN_DRAKE,9wve62,CT,207.3,0.017836400712423532,1
MARTIN_DRAKE,9wve62,ST,207.3,0.017836400712423532,1
LOGAN_WIND_ENERGY,9xkgmv,WT,201.0,0.0218278962686243,1
LIMON_III_WIND_LLC,9wve62,WT,200.6,0.017259922734742694,1
MOUNT_ELBERT,9wve62,HT,200.0,0.017208297841219036,1
LIMON_WIND_I,9wve62,WT,200.0,0.017208297841219036,1
LIMON_WIND_II,9wve62,WT,200.0,0.017208297841219036,1
PEETZ_TABLE_WIND_ENERGY,9xkgmv,WT,199.5,0.021665001520350984,1
ARAPAHOE_COMBUSTION_TURBINE_PROJECT,9wve62,CC,194.0,0.016692048905982467,1
NORTHERN_COLORADO_WIND_LLC,9xkgmv,WT,174.3,0.018928369749359283,1
MORROW_POINT,9we1bp,HT,173.2,0.20606781677572872,1
COLORADO_GREEN_HOLDINGS_LLC,9wve62,WT,162.0,0.01393872125138742,1
LIMON_GENERATING_STATION,9wve62,CT,154.2,0.013267597635579876,1
FRANK_KNUTSON,9wve62,CT,154.2,0.013267597635579876,1
CAROUSEL_WIND_FARM_LLC,9wve62,,150.0,0.012906223380914277,1
VALMONT_COMBUSTION_TURBINE_PROJECT,9xkgmv,CT,142.2,0.015442422136310325,1
COMANCHE_SOLAR,9wve62,PV,120.0,0.010324978704731423,1
PLAINS_END_II_LLC,9wve62,IC,117.6,0.010118479130636793,1
PLAINS_END,9wve62,IC,114.0,0.00980872976949485,1
FORT_LUPTON,9xkgmv,CT,100.8,0.010946527083966814,1
COLORADO_HIGHLANDS_WIND,9xkgmv,WT,96.1,0.01043612353937709,1
FLATIRON,9xkgmv,HT,94.5,0.010262369141218888,1
BLUE_MESA,9we1bp,HT,86.4,0.10279595478881619,1
RIFLE_GENERATING_STATION,9x5w98,CC,84.0,0.041379310344827586,1
TWIN_BUTTES_WIND_PROJECT,9wve62,WT,75.0,0.006453111690457139,1
TWIN_BUTTES_II_WIND,9rcvn1,,75.0,0.10676156583629894,1
SPRING_CANYON_EXPANSION_WIND_ENERGY_CENTER,9xkgmv,WT,62.6,0.0067981408279397075,1
GEORGE_BIRDSALL,9wve62,ST,61.1,0.005257134990492416,1
PEAK_VIEW_WIND_FARM,9wve62,WT,60.8,0.005231322543730587,1
SPRING_CANYON,9xkgmv,WT,60.0,0.006515789930932627,1
BUSCH_RANCH_II_WIND_FARM,9wve62,WT,59.4,0.0051108644588420534,1
VALMONT,9xkgmv,CT,59.3,0.0064397723817384124,1
VALMONT,9xkgmv,ST,59.3,0.0064397723817384124,1
ALAMOSA,9wve62,CT,53.2,0.004577407225764264,1
HOOPER_SOLAR,9wve62,PV,52.0,0.004474157438716949,1
KIT_CARSON_WINDPOWER,9wve62,WT,51.0,0.004388115949510854,1
TITAN_SOLAR,9wve62,PV,50.0,0.004302074460304759,1
ESTES,9xkgmv,HT,45.0,0.00488684244819947,1
POLE_HILL,9xkgmv,HT,38.2,0.004148386256027106,1
THERMO_GREELEY,9xkgmv,,37.0,0.0040180704574084534,1
GRAZING_YAK_SOLAR,9wve62,PV,35.0,0.0030114521222133314,1
SAN_LUIS_VALLEY_SOLAR_RANCH,9wve62,PV,35.0,0.0030114521222133314,1
COLORADO_ENERGY_NATIONS_COMPANY,9wve62,ST,35.0,0.0030114521222133314,1
UNIVERSITY_OF_COLORADO,9xkgmv,CC,33.0,0.003583684462012945,1
SAN_ISABEL_SOLAR_LLC,9wve62,PV,30.0,0.0025812446761828557,1
COGENTRIX_OF_ALAMOSA,9wve62,PV,30.0,0.0025812446761828557,1
BISON_SOLAR_LLC,9xkgmv,PV,30.0,0.0032578949654663136,1
RIDGE_CREST_WIND_PARTNERS,9xkgmv,WT,29.7,0.0032253160158116504,1
BUSCH_RANCH_WIND_ENERGY_FARM,9wve62,WT,29.0,0.0024952031869767606,1
CRYSTAL,9we1bp,HT,28.0,0.03331350386674598,1
FRUITA,9x47er,CT,26.6,0.03923882578551409,1
TESLA,9wve62,HT,26.6,0.002288703612882132,1
GREEN_MOUNTAIN,9x5w98,HT,26.0,0.012807881773399015,1
GREATER_SANDHILL_I,9wve62,PV,19.0,0.0016347882949158084,1
SR_PLATTE_SOLAR_FARM,9xkgmv,PV,16.0,0.0017375439815820338,1
METRO_WASTEWATER_RECLAMATION_DISTRICT,9wve62,ST,15.0,0.0012906223380914279,1
SHOSHONE,9x5w98,HT,14.4,0.007093596059113301,1
SR_JENKINS_FT_LUPTON,9xkgmv,,13.0,0.0014117544850354026,1
VICTORY_SOLAR_LLC,9wve62,PV,12.8,0.0011013310618380185,1
EAGLE_VALLEY_CLEAN_ENERGY_LLC_BIOMASS,9x5w98,ST,12.6,0.006206896551724138,1
TOWAOC,9we1bp,HT,11.4,0.01356335514574658,1
AIRPORT_INDUSTRIAL,9wve62,ST,10.0,0.0008604148920609518,1
ROCKY_FORD,9wve62,ST,10.0,0.0008604148920609518,1
CLEAR_SPRING_RANCH_PV_PROJECT,9wve62,,10.0,0.0008604148920609518,1
BROWNLEE,9rg8bx,HT,675.0,0.3773268489015596,1
DWORSHAK,c2kx95,HT,465.0,0.08350393276586573,1
LANGLEY_GULCH_POWER_PLANT,9rg8bx,CC,318.5,0.1780423724076248,1
RATHDRUM_POWER_LLC,c2kx95,CC,301.5,0.05414287253528714,1
EVANDER_ANDREWS_POWER_COMPLEX,9rwgcr,CT,270.9,0.1719017704169046,1
CABINET_GORGE,c2kx95,HT,265.2,0.04762417842904859,1
PALISADES,9x3mfn,HT,176.4,0.11192893401015229,1
BENNETT_MOUNTAIN,9rwgcr,CT,172.8,0.1096516276413478,1
RATHDRUM,c2kx95,CT,166.4,0.02988183744567755,1
GOSHEN_PHASE_II,9rx7st,WT,124.5,0.18098560837331007,1
MEADOW_CREEK_PROJECT_COMPANY,9rx7st,WT,119.7,0.17400784997819452,1
CLEARWATER_PAPER_IPP_LEWISTON,c2kx95,ST,113.8,0.02043601623388284,1
LUCKY_PEAK_POWER_PLANT_PROJECT,9rwgcr,HT,101.2,0.06421727266958563,1
AMERICAN_FALLS,9rx7st,HT,92.4,0.13432184910597472,1
C_J_STRIKE,9rwgcr,HT,82.8,0.05254140491147915,1
GRAND_VIEW_SOLAR_TWO,9rwgcr,PV,80.0,0.050764642426549905,1
ROCKLAND_WIND_FARM,9rx7st,WT,79.2,0.1151330135194069,1
BLISS,9rwgcr,HT,75.0,0.04759185227489054,1
WOLVERINE_CREEK,9rx7st,WT,64.5,0.09376362843436546,1
LOWER_SALMON,9rwgcr,HT,60.0,0.03807348181991243,1
MILNER_HYDRO,9rwgcr,HT,59.5,0.037756202804746494,1
HORSE_BUTTE_WIND_I_LLC,9rx7st,WT,57.6,0.08373310074138683,1
TWIN_FALLS,9rwgcr,HT,52.7,0.03344120819848975,1
ALBENI_FALLS,c2kx95,HT,42.0,0.007542290701433035,1
ID_SOLAR,9rwgcr,PV,40.0,0.025382321213274953,1
HIGH_MESA_ENERGY_LLC,9rwgcr,WT,40.0,0.025382321213274953,1
ANDERSON_RANCH,9rwgcr,HT,40.0,0.025382321213274953,1
SMITH_FALLS_HYDRO_PROJECT,c2u6xt,HT,38.1,0.030560680195716693,1
GRACE,9x27ep,HT,33.0,0.26742301458670986,1
ONEIDA,9x27ep,HT,30.0,0.2431118314424635,1
MINIDOKA,9rx7st,HT,27.7,0.04026748073847943,1
SWAN_FALLS,9rkf69,HT,25.0,0.5555555555555556,1
GEM_STATE,9rx7st,HT,23.4,0.0340165721761884,1
MAINLINE_WINDFARM,9rwgcr,WT,23.0,0.014594834697633098,1
TWO_PONDS_WINDFARM,9rwgcr,WT,23.0,0.014594834697633098,1
COLD_SPRINGS_WINDFARM,9rwgcr,WT,23.0,0.014594834697633098,1
HAMMETT_HILL_WINDFARM,9rwgcr,WT,23.0,0.014594834697633098,1
RYEGRASS_WINDFARM,9rwgcr,WT,23.0,0.014594834697633098,1
DESERT_MEADOW_WINDFARM,9rwgcr,WT,23.0,0.014594834697633098,1
POWER_COUNTY_WIND_PARK_NORTH,9rx7st,WT,22.5,0.03270824247710423,1
POWER_COUNTY_WIND_PARK_SOUTH,9rx7st,WT,22.5,0.03270824247710423,1
CAMP_REED,9rwgcr,WT,22.5,0.01427755568246716,1
SAWTOOTH_WIND_PROJECT,9rwgcr,WT,22.4,0.014214099879433973,1
BURLEY_BUTTE_WINDPARK,9rwgcr,WT,21.3,0.013516086046068913,1
PAYNES_FERRY,9rwgcr,WT,21.0,0.01332571863696935,1
HOT_SPRINGS_WINDFARM_LLC,9rwgcr,WT,21.0,0.01332571863696935,1
SALMON_FALLS_WIND_PARK,9rwgcr,WT,21.0,0.01332571863696935,1
YAHOO_CREEK,9rwgcr,WT,21.0,0.01332571863696935,1
BENNETT_CREEK_WINDFARM_LLC,9rwgcr,WT,21.0,0.01332571863696935,1
MT_HOME_SOLAR_1_LLC,9rwgcr,PV,20.0,0.012691160606637476,1
AMERICAN_FALLS_SOLAR_II,9rx7st,PV,20.0,0.02907399331298154,1
AMERICAN_FALLS_SOLAR,9rx7st,PV,20.0,0.02907399331298154,1
ORCHARD_RANCH_SOLAR,9rwgcr,PV,20.0,0.012691160606637476,1
SIMCOE_SOLAR,9rwgcr,PV,20.0,0.012691160606637476,1
MURPHY_FLAT_SOLAR,9rkf69,PV,20.0,0.4444444444444444,1
MILNER_DAM_WIND_PARK_LLC,9rwgcr,WT,19.5,0.01237388159147154,1
CASSIA_GULCH_WIND_PARK_LLC,9rwgcr,WT,18.9,0.011993146773272415,1
RAFT_RIVER_GEOTHERMAL_POWER_PLANT,9rx7st,ST,18.0,0.026166593981683386,1
UPPER_SALMON_A,9rwgcr,HT,18.0,0.011422044545973729,1
TUANA_SPRINGS,9rwgcr,WT,16.8,0.01066057490957548,1
UPPER_SALMON_B,9rwgcr,HT,16.5,0.010470207500475918,1
SIMPLOT_LEASING_DON_PLANT,9rx7st,UNKNOWN,15.9,0.023113824683820325,1
ARROWROCK_HYDROELECTRIC_PROJECT,9rwgcr,HT,15.0,0.009518370454978107,1
SODA,9x27ep,HT,14.5,0.11750405186385737,1
POST_FALLS,c2kx95,HT,14.5,0.002603886075494738,1
OREGON_TRAIL_WIND_PARK,9rwgcr,WT,13.5,0.008566533409480296,1
LOWER_MALAD,9rwgcr,HT,13.5,0.008566533409480296,1
CASCADE,9rwgcr,HT,12.4,0.007868519576115236,1
THOUSAND_SPRINGS_WIND_PARK,9rwgcr,WT,12.0,0.0076146963639824854,1
GOLDEN_VALLEY_WIND_PARK_LLC,9rwgcr,WT,12.0,0.0076146963639824854,1
SHOSHONE_FALLS,9rwgcr,HT,11.5,0.007297417348816549,1
FOSSIL_GULCH,9rwgcr,WT,10.5,0.006662859318484675,1
PILGRIM_STAGE_WIND_PARK,9rwgcr,WT,10.5,0.006662859318484675,1
CASSIA_WIND_FARM_LLC,9rwgcr,WT,10.5,0.006662859318484675,1
TUANA_GULCH_WIND_PARK,9rwgcr,WT,10.5,0.006662859318484675,1
RUPERT_COGEN_PROJECT,9rx7st,,10.4,0.0151184765227504,1
GLENNS_FERRY_COGEN_FACILITY,9rwgcr,,10.4,0.006599403515451488,1
AMALGAMATED_SUGAR_TWIN_FALLS,9rwgcr,ST,10.2,0.006472491909385113,1
BLACK_CANYON,9rg8bx,HT,10.2,0.0057018279389569005,1
COLSTRIP,c8h5zm,ST,2363.4,0.49004727544165216,1
NOXON_RAPIDS,c2kx95,HT,569.5,0.10226987034443127,1
LIBBY,c2kx95,HT,525.0,0.09427863376791293,1
HUNGRY_HORSE,c2r8x7,HT,428.0,0.4789615040286482,1
YELLOWTAIL,c8h5zm,HT,268.8,0.05573525752674795,1
KERR,c2r8x7,HT,207.6,0.2323187108325873,1
DAVE_GATES_GENERATING_STATION,c2r8x7,CT,203.1,0.22728290062667858,1
NATURENER_RIM_ROCK_ENERGY,c82vu4,WT,189.0,0.16557161629434955,1
FORT_PECK,c8h5zm,HT,179.7,0.03726051256531475,1
JUDITH_GAP_WIND_ENERGY_CENTER,c82vu4,WT,135.0,0.11826544021024968,1
HARDIN_GENERATOR_PROJECT,c8h5zm,ST,115.7,0.02399021315418429,1
NATURENER_GLACIER_WIND_ENERGY_1,c82vu4,WT,106.5,0.09329829172141918,1
NATURENER_GLACIER_WIND_ENERGY_2,c82vu4,WT,103.5,0.09067017082785808,1
THOMPSON_FALLS,c2kx95,HT,98.1,0.017616636138347158,1
CULBERTSON_GENERATION_STATION,c8h5zm,CT,91.0,0.018868706975201127,1
GLENDIVE_GT,c8h5zm,CT,83.7,0.01735506344861906,1
STILLWATER_WIND_LLC,c82vu4,WT,79.7,0.06982041173893999,1
LEWIS_CLARK,c8h5zm,IC,68.6,0.014224102181305464,1
LEWIS_CLARK,c8h5zm,ST,68.6,0.014224102181305464,1
YELLOWSTONE_ENERGY_LP,c8h5zm,ST,68.0,0.014099693124326117,1
MORONY,c82vu4,HT,63.0,0.05519053876478318,1
COCHRANE,c82vu4,HT,60.4,0.052912833990363554,1
RAINBOW,c82vu4,HT,59.0,0.05168637757336837,1
BASIN_CREEK_PLANT,c2r8x7,IC,54.9,0.06143688451208594,1
RYAN,c82vu4,HT,52.8,0.04625492772667542,1
CANYON_FERRY,c82vu4,HT,49.8,0.04362680683311432,1
COLSTRIP_ENERGY_LP,c8h5zm,ST,46.1,0.009558762544579913,1
SPION_KOP_WIND_FARM,c82vu4,WT,40.0,0.03504161191414805,1
HOLTER,c82vu4,HT,38.4,0.03363994743758213,1
OREG_2_INC,c8h5zm,UNKNOWN,30.0,0.006220452848967405,1
DIAMOND_WILLOW_WIND_FACILITY,c8h5zm,WT,30.0,0.006220452848967405,1
OREG_1_INC,c8h5zm,UNKNOWN,30.0,0.006220452848967405,1
GREENFIELD_WIND_-_MT,c82vu4,WT,25.0,0.021901007446342532,1
BIG_TIMBER_WIND_FARM,c82vu4,WT,25.0,0.021901007446342532,1
BLACK_EAGLE,c82vu4,HT,24.0,0.02102496714848883,1
MILES_CITY_GT,c8h5zm,CT,23.3,0.004831218379364685,1
HAUSER,c82vu4,HT,17.7,0.015505913272010513,1
GORDON_BUTTE_WIND_LLC,c82vu4,WT,17.7,0.015505913272010513,1
TURNBULL_HYDRO,c82vu4,HT,13.0,0.011388523872098117,1
MYSTIC,c82vu4,HT,12.0,0.010512483574244415,1
MUSSELSHELL_WIND_PROJECT,c82vu4,WT,10.0,0.008760402978537012,1
FAIRFIELD_WIND,c82vu4,WT,10.0,0.008760402978537012,1
MUSSELSHELL_WIND_PROJECT_TWO_LLC,c82vu4,WT,10.0,0.008760402978537012,1
SAN_JUAN,9wdb95,ST,1848.0,0.4878048780487805,1
FOUR_CORNERS,9wdb95,ST,1636.2,0.43189737092176117,1
HOBBS_GENERATING_STATION,9wve62,CC,665.6,0.05726921521557696,1
HOBBS_GENERATING_STATION,9wve62,CT,665.6,0.05726921521557696,1
LUNA_ENERGY_FACILITY,9w1zzg,CC,650.0,0.14917837143119436,1
CUNNINGHAM,9wve62,CT,519.2,0.044672741195804624,1
CUNNINGHAM,9wve62,ST,519.2,0.044672741195804624,1
RIO_GRANDE,9w1zzg,CT,372.5,0.08549068208941522,1
RIO_GRANDE,9w1zzg,ST,372.5,0.08549068208941522,1
AFTON_GENERATING_STATION,9w1zzg,CC,287.0,0.06586798861654274,1
MADDOX,9wve62,CT,212.0,0.018240795711692178,1
MADDOX,9wve62,ST,212.0,0.018240795711692178,1
NEW_MEXICO_WIND_ENERGY_CENTER,9wve62,WT,204.0,0.017552463798043417,1
PYRAMID,9w1zzg,CT,186.0,0.04268796474800331,1
VALENCIA_ENERGY_FACILITY,9wdb95,CC,159.5,0.04210220673635308,1
VALENCIA_ENERGY_FACILITY,9wdb95,CT,159.5,0.04210220673635308,1
REEVES,9we1bp,ST,154.0,0.18322427126710292,1
RIO_BRAVO,9we1bp,CT,150.0,0.17846519928613921,1
SAN_JUAN_MESA,9wve62,WT,120.0,0.010324978704731423,1
RED_MESA_WIND_LLC,9wdb95,WT,102.4,0.027029880688417274,1
HIGH_LONESOME_MESA_LLC,9we1bp,WT,100.0,0.1189767995240928,1
ARAGONNE_WIND_LLC,9wve62,WT,90.0,0.007743734028548567,1
LORDSBURG_GENERATING,9w1zzg,CT,88.0,0.020196456439915543,1
CAPROCK_WIND_FARM,9wve62,WT,80.0,0.006883319136487614,1
BLUFFVIEW,9we1bp,CC,67.0,0.07971445568114217,1
MACHO_SPRINGS,9w1zzg,PV,52.2,0.011980170751858994,1
MACHO_SPRINGS_POWER_I,9w1zzg,WT,50.4,0.011567061415587993,1
LCEC_GENERATION_LLVC,9wve62,IC,46.5,0.0040009292480834265,1
LA_LUZ_ENERGY_CENTER,9wdb95,CT,42.3,0.011165663604687993,1
CIMARRON_SOLAR_FACILITY,9wve62,PV,30.6,0.002632869569706513,1
NAVAJO_DAM,9we1bp,HT,30.0,0.03569303985722784,1
ELEPHANT_BUTTE,9w1zzg,HT,27.9,0.006403194712200496,1
WILDCAT_WIND,9wve62,WT,27.3,0.002348932655326399,1
QUAY_COUNTY,9wve62,ST,27.0,0.00232312020856457,1
RATON,9wve62,,21.0,0.001806871273327999,1
ROADRUNNER_SOLAR,9w1zzg,PV,20.2,0.004636004773707886,1
ABIQUIU_DAM,9we1bp,HT,15.6,0.018560380725758475,1
FORD_UTILITIES_CENTER,9we1bp,CT,14.8,0.017608566329565735,1
FORD_UTILITIES_CENTER,9we1bp,ST,14.8,0.017608566329565735,1
LAS_CRUCES_CENTENNIAL_SOLAR_FARM,9w1zzg,,12.0,0.002754062241806665,1
SUNE_EPE2_LLC,9w1zzg,PV,12.0,0.002754062241806665,1
SPS5_HOPI,9we1bp,PV,10.1,0.012016656751933372,1
SPS4_MONUMENT,9wve62,PV,10.1,0.0008690190409815613,1
SPS3_LEA,9wve62,PV,10.0,0.0008604148920609518,1
SPS2_JAL,9wve62,PV,10.0,0.0008604148920609518,1
SPS1_DOLLARHIDE,9wve62,PV,10.0,0.0008604148920609518,1
SUNE_EPE1_LLC,9w1zzg,PV,10.0,0.002295051868172221,1
JOHN_DAY,c245ue,HT,2160.0,0.31398999883707407,1
THE_DALLES,c21g7y,HT,1819.7,0.5555996580361505,1
BONNEVILLE,c21g7y,HT,1162.0,0.3547874938935027,1
MCNARY,c26crp,HT,990.5,0.08974928191513461,1
HERMISTON_POWER_PARTNERSHIP,c26crp,CC,689.4,0.06246658753386552,1
HERMISTON_GENERATING_PLANT,c26crp,CC,621.2,0.05628698023794207,1
BEAVER,c237sz,CC,610.7,0.08988416761108577,1
BEAVER,c237sz,CT,610.7,0.08988416761108577,1
KLAMATH_COGENERATION_PLANT,9r3wzq,CC,501.5,0.7306235431235432,1
CARTY_GENERATING_STATION,c26crp,CC,500.0,0.04530503882641828,1
PORT_WESTWARD,c237sz,CC,483.0,0.07108900107443003,1
BIGLOW_CANYON_WIND_FARM,c245ue,WT,449.7,0.0653709733689964,1
HELLS_CANYON,9rg8bx,HT,391.5,0.21884957236290456,1
ROUND_BUTTE,9rcvn1,HT,372.5,0.5302491103202847,1
KLONDIKE_WINDPOWER_III_PHASE_2,c245ue,WT,297.5,0.04324630771019886,1
KLONDIKE_WINDPOWER_III_PHASE_1,c245ue,WT,297.5,0.04324630771019886,1
COYOTE_SPRINGS,c26crp,CC,296.0,0.02682058298523962,1
HORSESHOE_BEND_WIND_LLC,c245ue,WT,290.0,0.04215606465868124,1
SOUTH_HURLBURT_WIND_LLC,c245ue,WT,290.0,0.04215606465868124,1
COYOTE_SPRINGS_II,c26crp,CC,287.0,0.026005092286364093,1
NORTH_HURLBURT_WIND_LLC,c245ue,WT,265.0,0.03852192115362252,1
PORT_WESTWARD_UNIT_2,c237sz,IC,225.6,0.03320430360743564,1
LEANING_JUNIPER_WIND_POWER_II,c245ue,WT,201.0,0.02921851378067217,1
MONTAGUE_WIND_POWER_FACILITY_LLC,c245ue,WT,200.0,0.029073148040469822,1
OXBOW,9rg8bx,HT,190.0,0.1062105204315501,1
FPL_ENERGY_VANSYCLE_LLC_OR,c26crp,WT,122.8,0.011126917535768329,1
LOOKOUT_POINT,9rb6wg,HT,120.0,0.18387986515476554,1
KLAMATH_EXPANSION_PROJECT,9r3wzq,CT,117.6,0.17132867132867133,1
CARMEN_SMITH,9rcvn1,HT,114.3,0.16270462633451957,1
LEANING_JUNIPER,c245ue,WT,110.4,0.016048377718339342,1
PELTON,9rcvn1,HT,109.8,0.15629893238434164,1
ARLINGTON_WIND_POWER_PROJECT,c245ue,WT,103.0,0.014972671240841959,1
HAY_CANYON_WIND_POWER_LLC,c245ue,WT,100.8,0.01465286661239679,1
ELKHORN_VALLEY_WIND_FARM,9rg8bx,WT,100.7,0.05629157582872156,1
DETROIT,9rb6wg,HT,100.0,0.15323322096230463,1
VANSYCLE_II_WIND_ENERGY_CENTER,c26crp,WT,98.9,0.008961336679865536,1
STAR_POINT_WIND_PROJECT_LLC,c245ue,WT,98.7,0.014347598557971858,1
PEBBLE_SPRINGS_WIND_LLC,c245ue,WT,98.7,0.014347598557971858,1
JOHN_C_BOYLE,9r88yx,HT,98.7,0.1964179104477612,1
WHEAT_FIELD_WIND_POWER_PROJECT,c245ue,WT,97.0,0.014100476799627865,1
GREEN_PETER,9rb6wg,HT,80.0,0.12258657676984369,1
KLONDIKE_WINDPOWER_II,c245ue,WT,75.0,0.010902430515176184,1
WILLOW_CREEK_ENERGY_CENTER,c245ue,WT,72.0,0.010466333294569136,1
EURUS_COMBINE_HILLS_TURBINE_RANCH_2,c26crp,WT,66.1,0.005989326132852496,1
IP_SPRINGFIELD_OREGON,9rb6wg,ST,65.0,0.099601593625498,1
GALA_SOLAR,9rcvn1,PV,56.3,0.0801423487544484,1
GALA_SOLAR_2,c245ue,PV,56.3,0.008184091173392255,1
DILLARD_COMPLEX,9r88yx,ST,51.5,0.10248756218905472,1
OAK_GROVE,c21g7u,HT,51.0,0.35966149506346967,1
CONDON_WINDPOWER_LLC,c245ue,WT,49.8,0.007239213862076986,1
LOST_CREEK,9r88yx,HT,49.0,0.09751243781094528,1
AIRPORT_SOLAR,9r3wzq,PV,47.3,0.06891025641025642,1
COMBINE_HILLS_I,c26crp,WT,43.0,0.0038962333390719717,1
TOKETEE_FALLS,9r88yx,HT,42.6,0.08477611940298507,1
NORTH_FORK,c21g7u,HT,40.8,0.2877291960507757,1
BIOMASS_ONE_LP,9r88yx,ST,40.0,0.07960199004975124,1
LEMOLO_2,9r88yx,HT,38.5,0.07661691542288557,1
GEORGIA-PACIFIC_TOLEDO_MILL,9rb6wg,ST,37.3,0.05715599141893962,1
GEORGIA-PACIFIC_WAUNA_MILL,c237sz,ST,36.0,0.005298559086292922,1
NEAL_HOT_SPRINGS_GEOTHERMAL_PROJECT,9rg8bx,ST,33.0,0.018447090390742913,1
PROSPECT_2,9r88yx,HT,32.0,0.06368159203980099,1
LEMOLO_1,9rb6wg,HT,32.0,0.04903463070793748,1
HILLS_CREEK,9rb6wg,HT,30.0,0.045969966288691384,1
COUGAR,9rb6wg,HT,26.0,0.0398406374501992,1
CLEARWATER_2,9r88yx,HT,26.0,0.051741293532338306,1
VANSYCLE,c26crp,WT,25.0,0.002265251941320914,1
KLONDIKE_WIND_POWER,c245ue,WT,24.5,0.0035614606349575533,1
PHP_1,c21g7y,HT,23.7,0.007236199316072301,1
EVERGREEN_BIOPOWER_LLC,9rb6wg,ST,21.0,0.03217897640208397,1
FOSTER,9rb6wg,HT,20.0,0.030646644192460923,1
SENECA_SUSTAINABLE_ENERGY_LLC,9rb6wg,ST,19.8,0.030340177750536317,1
WARM_SPRINGS_POWER_ENTERPRISES,9rcvn1,HT,19.6,0.027900355871886124,1
FARADAY,c21g7u,HT,19.2,0.13540197461212974,1
RIVER_MILL,c21g7u,HT,18.8,0.1325811001410437,1
BIG_CLIFF,9rb6wg,HT,18.0,0.027581979773214832,1
SLIDE_CREEK,9rb6wg,HT,18.0,0.027581979773214832,1
GREEN_SPRINGS,9r88yx,HT,17.2,0.03422885572139303,1
SULLIVAN,9rb6wg,HT,15.4,0.02359791602819491,1
DEXTER,9rb6wg,HT,15.0,0.022984983144345692,1
CLEARWATER_1,9r88yx,HT,15.0,0.029850746268656716,1
COVANTA_MARION_INC,9rb6wg,CT,13.1,0.020073551946061904,1
WASTE_MANAGEMENT_COLUMBIA_RIDGE_LFGTE,c245ue,CT,12.8,0.0018606814745900687,1
STONE_CREEK,c21g7u,HT,12.0,0.0846262341325811,1
PHP_2,c21g7y,HT,11.8,0.003602833414753298,1
FISH_CREEK,9r88yx,HT,11.0,0.021890547263681594,1
UNIV_OF_OREGON_CENTRAL_POWER_STATION,9rb6wg,CC,11.0,0.016855654305853507,1
SODA_SPRINGS,9rb6wg,HT,11.0,0.016855654305853507,1
VALE_AIR_SOLAR_CENTER_LLC,9rg8bx,PV,10.0,0.005590027391134216,1
OR_SOLAR_3_LLC,9r3wzq,PV,10.0,0.01456876456876457,1
THUNDEREGG_SOLAR_CENTER_LLC,9rg8bx,PV,10.0,0.005590027391134216,1
ELBE_SOLAR_CENTER,9rcvn1,PV,10.0,0.014234875444839857,1
OR_SOLAR_6_LLC,9r3wzq,PV,10.0,0.01456876456876457,1
PROSPECTOR_WINDFARM_BURNT_RIVER,9rg8bx,WT,10.0,0.005590027391134216,1
WILLOW_SPRING_WINDFARM,9rg8bx,,10.0,0.005590027391134216,1
GARRETT_SOLAR,9r3wzq,PV,10.0,0.01456876456876457,1
OPEN_RANGE_SOLAR_CENTER_LLC,9rg8bx,PV,10.0,0.005590027391134216,1
CHOPIN_WIND_LLC,c26crp,WT,10.0,0.0009061007765283656,1
FOUR_MILE_CANYON_WINDFARM_LLC,c26crp,WT,10.0,0.0009061007765283656,1
FOUR_CORNERS_WINDFARM_LLC,c26crp,WT,10.0,0.0009061007765283656,1
ADAMS_SOLAR_CENTER,9rcvn1,PV,10.0,0.014234875444839857,1
DURBIN_CREEK_WINDFARM_BURNT_CREEK,9rg8bx,WT,10.0,0.005590027391134216,1
BENSON_CREEK_WINDFARM_BURNT_RIVER,9rg8bx,WT,10.0,0.005590027391134216,1
OR_SOLAR_8_LLC,9r3wzq,PV,10.0,0.01456876456876457,1
BEAR_CREEK_SOLAR_CENTER,9rcvn1,PV,10.0,0.014234875444839857,1
WYEAST_SOLAR,c245ue,PV,10.0,0.0014536574020234912,1
JEFF_CREEK_WINDFARM_BURN_RIVER,9rg8bx,WT,10.0,0.005590027391134216,1
INTERMOUNTAIN_POWER_PROJECT,9rpbwn,CC,1640.0,0.727111505209488,1
INTERMOUNTAIN_POWER_PROJECT,9rpbwn,ST,1640.0,0.727111505209488,1
HUNTER,9wbmjr,ST,1577.2,0.8208597897366503,1
LAKE_SIDE_POWER_PLANT,9x0mgn,CC,1385.0,0.9665038381018841,1
HUNTINGTON,9x0gc5,ST,1037.3,0.8732216516541795,1
CURRANT_CREEK,9x06gc,CC,649.0,0.8225602027883396,1
BONANZA,9x47er,ST,499.5,0.7368343413482815,1
GADSBY,9x0ryy,CT,492.1,0.5788730737560287,1
GADSBY,9x0ryy,ST,492.1,0.5788730737560287,1
WEST_VALLEY_GENERATION_PROJECT,9x0ryy,CT,217.0,0.2552640865780496,1
MILFORD_WIND_CORRIDOR_I_LLC,9rpbwn,WT,203.5,0.09022389714032365,1
FLAMING_GORGE,9x47er,HT,151.8,0.2239268328662045,1
NEBO_POWER_STATION,9x06gc,CC,140.0,0.17743979721166034,1
MILFORD_WIND_CORRIDOR_STAGE_II_LLC,9rpbwn,WT,102.0,0.045222788738638886,1
ESCALANTE_SOLAR_I_LLC,9rpbwn,PV,80.0,0.035468853912657944,1
ENTERPRISE_SOLAR_LLC,9qw0kp,PV,80.0,0.43173232595790606,1
THREE_PEAKS_POWER,9wbmjr,PV,80.0,0.04163630685958155,1
ESCALANTE_SOLAR_II_LLC,9rpbwn,PV,80.0,0.035468853912657944,1
GRANITE_MOUNTAIN_SOLAR_EAST_LLC,9wbmjr,PV,80.0,0.04163630685958155,1
UTAH_RED_HILLS_RENEWABLE_ENERGY_PARK,9wbmjr,PV,80.0,0.04163630685958155,1
IRON_SPRINGS_SOLAR_LLC,9wbmjr,PV,80.0,0.04163630685958155,1
ESCALANTE_SOLAR_III_LLC,9rpbwn,PV,80.0,0.035468853912657944,1
MILLCREEK_POWER_GENERATION,9qw0kp,CT,80.0,0.43173232595790606,1
LATIGO_WIND_PARK,9wdr2q,,62.1,nan,1
SUNNYSIDE_COGEN_ASSOCIATES,9x0gc5,ST,58.1,0.04890984089569829,1
SAGE_SOLAR_I-III,9x3mfn,PV,57.6,0.03654822335025381,1
GRANITE_MOUNTAIN_SOLAR_WEST_LLC,9wbmjr,PV,50.4,0.02623087332153638,1
PAVANT_SOLAR_II_LLC,9rpbwn,PV,50.0,0.02216803369541122,1
PAVANT_SOLAR_LLC,9wbmjr,PV,50.0,0.02602269178723847,1
US_MAGNESIUM,9x0mgn,CT,48.0,0.03349616189811584,1
BLUNDELL,9wbmjr,ST,44.8,0.023316331841365667,1
MURRAY_TURBINE,9x0ryy,CT,42.0,0.049405952240912834,1
KENNECOTT_POWER_PLANT,9x0ryy,CC,38.2,0.04493588989530644,1
KENNECOTT_POWER_PLANT,9x0ryy,CT,38.2,0.04493588989530644,1
KENNECOTT_POWER_PLANT,9x0ryy,ST,38.2,0.04493588989530644,1
KENNECOTT_POWER_PLANT,9x0ryy,UNKNOWN,38.2,0.04493588989530644,1
WHITEHEAD,9x0gc5,IC,31.0,0.026096472767067933,1
BOUNTIFUL_CITY,9x0ryy,CT,30.4,0.03576049876485119,1
BOUNTIFUL_CITY,9x0ryy,IC,30.4,0.03576049876485119,1
BOUNTIFUL_CITY,9x0ryy,ST,30.4,0.03576049876485119,1
TESORO_SLC_COGENERATION_PLANT,9x0ryy,CT,30.4,0.03576049876485119,1
CUTLER,9x27ep,HT,30.0,0.2431118314424635,1
ENEL_COVE_FORT,9wbmjr,ST,25.0,0.013011345893619235,1
PAVANT_SOLAR_III,9rpbwn,PV,20.0,0.008867213478164486,1
SPANISH_FORK_WIND_PARK_2_LLC,9x0gc5,WT,18.9,0.015910430170889802,1
BYU_CENTRAL_HEATING_PLANT,9x0gc5,CT,16.5,0.013890058085697448,1
LOGAN_CITY,9x27ep,CT,15.9,0.12884927066450566,1
LOGAN_CITY,9x27ep,ST,15.9,0.12884927066450566,1
HURRICANE_CITY_POWER,9qw0kp,IC,15.1,0.08148947652455477,1
HURRICANE_CITY_POWER,9qw0kp,ST,15.1,0.08148947652455477,1
HEBER_CITY,9x0gc5,IC,14.1,0.011869686000505092,1
HEBER_CITY,9x0gc5,ST,14.1,0.011869686000505092,1
THERMO_NO_1,9wbmjr,ST,14.0,0.007286353700426772,1
JORDANELLE_DAM_HYDROELECTRIC_PROJECT,9x0ryy,,13.0,0.015292318550758735,1
PROVO_POWER_PLANT,9x0gc5,IC,12.0,0.01010186042596178,1
BLOOMINGTON_POWER_PLANT,9qw0kp,ST,10.2,0.055045871559633024,1
GRAND_COULEE,c2e2u0,HT,6809.0,0.662669949684188,1
CHIEF_JOSEPH,c2e2u0,HT,2456.2,0.2390439022491265,1
TRANSALTA_CENTRALIA_GENERATION,c237sz,CC,1459.8,0.21485657094917798,1
TRANSALTA_CENTRALIA_GENERATION,c237sz,ST,1459.8,0.21485657094917798,1
ROCKY_REACH,c26crp,HT,1299.6,0.11775685691762638,1
COLUMBIA_GENERATING_STATION,c26crp,ST,1200.0,0.10873209318340386,1
BOUNDARY,c2u6xt,HT,1118.6,0.897248736664795,1
WANAPUM,c26crp,HT,1098.0,0.09948986526281453,1
PRIEST_RAPIDS,c26crp,HT,955.6,0.08658699020505062,1
LOWER_MONUMENTAL,c26crp,HT,810.0,0.0733941628987976,1
LITTLE_GOOSE,c2kx95,HT,810.0,0.1454584635276371,1
LOWER_GRANITE,c2kx95,HT,810.0,0.1454584635276371,1
WELLS,c2e2u0,HT,774.0,0.0753277340366517,1
CHEHALIS_GENERATING_FACILITY,c237sz,CC,698.0,0.1027331733953461,1
GRAYS_HARBOR_ENERGY_FACILITY,c237sz,CC,697.8,0.1027037369559778,1
ROCK_ISLAND,c26crp,HT,629.4,0.05702998287469532,1
ICE_HARBOR,c26crp,HT,603.0,0.05463787682466044,1
ROSS,c2967d,HT,450.0,0.32629976071350886,1
LOWER_SNAKE_RIVER_WIND_ENERGY_PROJECT,c2kx95,WT,342.7,0.06154150055669288,1
MINT_FARM_GENERATING_STATION,c237sz,CC,319.0,0.04695112079242895,1
FREDERICKSON_POWER_LP,c237sz,CC,318.3,0.04684809325463992,1
MOSSYROCK,c237sz,HT,300.0,0.044154659052441016,1
FERNDALE_GENERATING_STATION,c2c10y,CC,285.5,0.3773460216759186,1
GOLDENDALE_GENERATING_STATION,c245ue,CC,284.3,0.04132747993952785,1
WILD_HORSE,c26crp,PV,273.1,0.024745612206989665,1
WILD_HORSE,c26crp,WT,273.1,0.024745612206989665,1
TUCANNON_RIVER_WIND_FARM,c2kx95,WT,266.8,0.04791150378910319,1
WINDY_FLATS_WIND_PROJECT,c245ue,WT,262.2,0.038114897081055935,1
RIVER_ROAD_GEN_PLANT,c21g7y,CC,248.0,0.07572056668295066,1
SWIFT_1,c237sz,HT,240.0,0.03532372724195281,1
MARENGO_WIND_PLANT,c2kx95,WT,210.6,0.037819200517185646,1
GORGE,c2967d,HT,207.3,0.1503154231020231,1
WHITE_CREEK_WIND_FARM,c245ue,WT,204.0,0.02965461100127922,1
BIG_HORN_WIND_PROJECT,c245ue,WT,199.0,0.028927782300267473,1
DIABLO,c2967d,HT,182.4,0.1322601696758756,1
FREDERICKSON,c237sz,CT,177.8,0.026168994598413375,1
FPL_ENERGY_VANSYCLE_LLC_WA,c26crp,WT,176.9,0.016028922736786785,1
ENCOGEN,c2c10y,CC,176.4,0.2331482950039651,1
WHITEHORN,c2c10y,CT,169.2,0.22363203806502774,1
MAYFIELD,c237sz,HT,162.0,0.023843515888318147,1
HOPKINS_RIDGE_WIND,c2kx95,WT,156.6,0.028121969615343172,1
JUNIPER_CANYON_I_WIND_PROJECT,c245ue,WT,151.2,0.021979299918595183,1
MARCH_POINT_COGENERATION,c2967d,CC,139.8,0.10137045899499675,1
MARCH_POINT_COGENERATION,c2967d,CT,139.8,0.10137045899499675,1
TUOLUMNE_WIND_PROJECT,c245ue,WT,136.3,0.019813350389580184,1
MERWIN,c237sz,HT,136.0,0.020016778770439926,1
YALE,c237sz,HT,134.0,0.019722414376756987,1
SUMAS_POWER_PLANT,c2c10y,CC,125.5,0.16587364525508855,1
H_M_JACKSON,c2967d,HT,111.8,0.08106736277282287,1
LOWER_BAKER,c2967d,HT,111.2,0.08063229642520485,1
PALOUSE,c2kx95,WT,105.3,0.018909600258592823,1
UPPER_BAKER,c2967d,HT,104.8,0.07599158871727939,1
GOODNOE_HILLS,c245ue,WT,103.4,0.015030817536922899,1
SAGEBRUSH_POWER_PARTNERS,c237sz,WT,100.7,0.014821247221936035,1
HARVEST_WIND_PROJECT,c245ue,WT,98.9,0.014376671706012329,1
NINE_CANYON,c26crp,WT,95.9,0.008689506446907027,1
SUMMER_FALLS_POWER_PLANT,c2e2u0,HT,92.0,0.008953684149059376,1
VANTAGE_WIND_ENERGY_LLC,c26crp,WT,90.0,0.00815490698875529,1
BOX_CANYON,c2u6xt,HT,90.0,0.07219058313948824,1
CUSHMAN_2,c237sz,HT,84.6,0.012451613852788366,1
LONG_LAKE,c2kx95,HT,70.0,0.012570484502388391,1
COWLITZ_FALLS,c237sz,HT,70.0,0.010302753778902904,1
LAGRANDE,c237sz,HT,64.0,0.009419660597854084,1
SIMPSON_TACOMA_KRAFT_BIOMASS,c237sz,ST,64.0,0.009419660597854084,1
WEYERHAEUSER_LONGVIEW_WA,c237sz,ST,62.4,0.009184169082907732,1
NORTHEAST,c2kx95,CT,61.8,0.011097942032108607,1
CONSUMER_PRODUCTS_CAMAS_LLC,c21g7y,,61.5,0.018777479237909137,1
CHELAN,c2e2u0,HT,59.2,0.005761501104612121,1
KETTLE_FALLS_GENERATING_STATION,c2e2u0,CT,57.9,0.00563498165467976,1
KETTLE_FALLS_GENERATING_STATION,c2e2u0,ST,57.9,0.00563498165467976,1
ALDER,c237sz,HT,50.0,0.007359109842073503,1
LINDEN_WIND_ENERGY_PROJECT,c245ue,WT,50.0,0.0072682870101174555,1
BIG_HORN_WIND_II,c245ue,WT,50.0,0.0072682870101174555,1
LONGVIEW_FIBRE,c237sz,CT,45.0,0.0066231988578661525,1
LONGVIEW_FIBRE,c237sz,ST,45.0,0.0066231988578661525,1
CUSHMAN_1,c237sz,HT,43.2,0.006358270903551506,1
LITTLE_FALLS,c2kx95,HT,43.2,0.007757784721473979,1
SNOQUALMIE_2,c237sz,HT,38.7,0.005695951017764891,1
NINE_MILE,c2kx95,HT,37.6,0.006752145961282908,1
ROOSEVELT_BIOGAS_1,c245ue,CT,36.5,0.005305849517385742,1
CEDAR_FALLS,c237sz,HT,30.0,0.004415465905244101,1
SIERRA_PACIFIC_BURLINGTON_FACILITY,c2967d,ST,28.0,0.020303096222173883,1
PACKWOOD,c237sz,HT,27.5,0.004047510413140426,1
MAIN_CANAL_HEADWORKS,c2e2u0,HT,26.8,0.002608247121682514,1
WHEELABRATOR_SPOKANE,c2kx95,CT,26.0,0.004669037100887116,1
BOULDER_PARK,c2kx95,IC,24.6,0.004417627410839349,1
TWIN_FALLS_HYDRO,c237sz,HT,24.0,0.003532372724195281,1
ELECTRON,c237sz,HT,22.8,0.003355754087985517,1
ADAMS_NIELSON_SOLAR,c26crp,PV,19.2,0.0017397134909344619,1
SIERRA_PACIFIC_ABERDEEN,c237sz,ST,18.0,0.002649279543146461,1
UPRIVER_DAM_HYDRO_PLANT,c2kx95,HT,17.6,0.00316057896060051,1
SOUTH_FORK_TOLT,c2967d,HT,16.8,0.01218185773330433,1
UNIVERSITY_OF_WASHINGTON_POWER_PLANT,c2967d,ST,15.0,0.010876658690450295,1
MONROE_STREET,c2kx95,HT,14.8,0.0026577595805049744,1
TIETON_DAM_HYDRO_ELECTRIC_PROJECT,c237sz,HT,13.8,0.0020311143164122867,1
ROZA,c26crp,HT,12.9,0.0011688700017215916,1
WYNOOCHEE,c237sz,HT,12.8,0.0018839321195708168,1
SNOQUALMIE,c237sz,HT,12.8,0.0018839321195708168,1
CHANDLER,c26crp,HT,12.0,0.0010873209318340387,1
KOMA_KULSHAN_ASSOCIATES,c2967d,HT,12.0,0.008701326952360236,1
YELM,c237sz,HT,12.0,0.0017661863620976406,1
UPPER_FALLS,c2kx95,HT,10.0,0.0017957835003411988,1
MCNARY_DAM_FISH_ATTRACTION_PROJECT,c26crp,HT,10.0,0.0009061007765283656,1
SDS_LUMBER_GORGE_ENERGY_DIVISION,c21g7y,ST,10.0,0.0030532486565705915,1
JIM_BRIDGER,9x6z6m,ST,2441.9,0.9821026383526383,1
LARAMIE_RIVER_STATION,9xkgmv,ST,1710.0,0.18570001303157987,1
DAVE_JOHNSTON,9xkgmv,ST,922.2,0.10014769123843448,1
NAUGHTON,9x3mfn,ST,832.0,0.5279187817258884,1
DRY_FORK_STATION,c8h5zm,ST,483.7,0.10029443476818445,1
WYODAK,c8h5zm,ST,402.3,0.08341627270465289,1
EKOLA_FLATS,9xkgmv,WT,250.9,0.02724686156118327,1
TOP_OF_THE_WORLD_WINDPOWER_PROJECT,9xkgmv,WT,200.0,0.021719299769775425,1
GLENROCK,9xkgmv,WT,165.6,0.01798358020937405,1
SEVEN_MILE_HILL,9xkgmv,WT,146.2,0.015876808131705833,1
WYOMING_WIND_ENERGY_CENTER,9x3mfn,WT,144.0,0.09137055837563451,1
SHUTE_CREEK_FACILITY,9x3mfn,CT,144.0,0.09137055837563451,1
CHEYENNE_PRAIRIE_GENERATING_STATION,9xkgmv,CC,140.0,0.015203509838842796,1
CHEYENNE_PRAIRIE_GENERATING_STATION,9xkgmv,CT,140.0,0.015203509838842796,1
NEIL_SIMPSON_II,c8h5zm,CT,130.0,0.026955295678858755,1
NEIL_SIMPSON_II,c8h5zm,ST,130.0,0.026955295678858755,1
HIGH_PLAINS,9xkgmv,WT,122.1,0.013259632509447896,1
WYGEN_III,c8h5zm,ST,116.0,0.024052417682673966,1
ROLLING_HILLS,9xkgmv,WT,115.8,0.01257547456669997,1
DUNLAP,9xkgmv,WT,111.0,0.01205421137222536,1
CAMPBELL_HILL_WINDPOWER,9xkgmv,WT,99.0,0.010751053386038835,1
WYGEN_2,c8h5zm,ST,95.0,0.01969810068839678,1
SWEETWATER_SOLAR,9x3mfn,PV,92.0,0.0583756345177665,1
WYGEN_1,c8h5zm,ST,90.0,0.018661358546902214,1
MOUNTAIN_WIND_POWER_II_LLC,9x3mfn,WT,80.0,0.050761421319796954,1
PIONEER_WIND_PARK_LLC,9xkgmv,WT,80.0,0.008687719907910169,1
FREMONT_CANYON,9xkgmv,HT,66.8,0.007254246123104991,1
MOUNTAIN_WIND_POWER_LLC,9x3mfn,WT,61.0,0.038705583756345176,1
SEMINOE,9xkgmv,HT,51.6,0.00560357934060206,1
ROCK_RIVER_I_LLC,9xkgmv,WT,50.0,0.005429824942443856,1
SILVER_SAGE_WINDPOWER,9xkgmv,WT,42.0,0.0045610529516528385,1
ALCOVA,9xkgmv,HT,41.4,0.004495895052343512,1
FOOTE_CREEK_I,9xkgmv,WT,41.4,0.004495895052343512,1
FMC_WESTVACO,9x3mfn,ST,41.0,0.02601522842639594,1
NEIL_SIMPSON_GAS_TURBINE_2,c8h5zm,CT,40.0,0.008293937131956539,1
GLENDO,9xkgmv,HT,38.0,0.0041266669562573305,1
KORTES,9xkgmv,HT,36.0,0.0039094739585595764,1
MCFADDEN_RIDGE,9xkgmv,WT,35.2,0.0038225967594804748,1
GENERAL_CHEMICAL,9x3mfn,ST,30.0,0.01903553299492386,1
HAPPY_JACK_WINDPOWER_PROJECT,9xkgmv,WT,29.4,0.003192737066156987,1
BARBER_CREEK,c8h5zm,CT,22.5,0.0046653396367255535,1
HARTZOG,c8h5zm,CT,22.5,0.0046653396367255535,1
ARVADA,c8h5zm,CT,22.5,0.0046653396367255535,1
BUFFALO_BILL,9x6z6m,HT,18.0,0.007239382239382239,1
CASPER_WIND_FARM,9xkgmv,WT,17.0,0.001846140480430911,1
BOYSEN,9x6z6m,HT,15.0,0.006032818532818533,1
SIMPLOT_PHOSPHATES,9x6z6m,UNKNOWN,11.5,0.004625160875160875,1
FONTENELLE,9x3mfn,HT,10.0,0.006345177664974619,1
