name,type,latitude,longitude,node
"Valley Center 2",PV,33.233067,-117.001487,9mudw2
"Desert Green Solar Farm, LLC",PV,33.26524,-116.327979,9mudw2
"Solar Borrego I",PV,33.293521,-116.352258,9mudw2
"Ramona 2",PV,33.010667,-116.874251,9mudw2
"SDCWA-Twin Oaks",PV,33.210648,-117.178261,9mudw2
"Valley Center",PV,33.249653,-117.02176,9mudw2
"Granger",PV,33.269396,-117.057731,9mudw2
"Jacumba Solar Farm",PV,32.618331,-116.132302,9mudw2
"Vallecitos Water District",PV,33.210674,-117.176837,9mudw2
"Genentech-Oceanside Hybrid",PV,33.212308,-117.301917,9mudw2
"Ocotillo Wells",PV,33.081506,-116.085629,9mudw2
"Ramona 1",PV,33.010432,-116.872109,9mudw2
"Valley Center 1",PV,33.230008,-117.003108,9mudw2
"Ramona Solar Energy",PV,33.019293,-116.860202,9mudw2
"Expressway Solar C2",PV,34.584613,-117.342225,9mupsy
"Navajo Solar Power Generation Station 1, LLC",PV,34.550338,-117.192742,9mupsy
"Expressway Solar B",PV,34.58338,-117.341455,9mupsy
"Powhatan Solar Power Generation Station 1, LLC",PV,34.496399,-117.143443,9mupsy
"Expressway Solar A",PV,34.582289,-117.341622,9mupsy
"PVN Milliken, LLC",PV,34.038508,-117.565779,9mupsy
"Colton Solar Two, LLC",PV,34.042263,-117.361811,9mupsy
"Colton Solar One, LLC",PV,34.094045,-117.319013,9mupsy
"Mitchell Solar, LLC",PV,34.765216,-117.323349,9mupsy
"Otoe Solar Power Generation Station 1, LLC",PV,34.544533,-117.192798,9mupsy
"Stateline Solar",PV,35.587142,-115.428453,9mupsy
"SEPV9 Power Plant",PV,34.189891,-116.091639,9mupsy
"Newberry Solar 1, LLC",PV,34.853599,-116.683863,9mupsy
"Adelanto Solar Project",PV,34.547517,-117.440508,9mupsy
"Lone Valley Solar Park I, LLC",PV,34.398252,-116.869667,9mupsy
"RE Victor Phelan Solar One, LLC",PV,34.51231,-117.481927,9mupsy
"Victor Valley CC CPV Solar",PV,34.480112,-117.257817,9mupsy
"SEPV 2",PV,34.174111,-116.152878,9mupsy
"Crafton Hills College Solar Farm",PV,34.043323,-117.097058,9mupsy
"Rudy Solar, LLC",PV,34.766753,-117.323333,9mupsy
"Watts 3115",PV,34.601219,-117.643653,9mupsy
"SunEdison Walmart Apple Valley DC",PV,34.594302,-117.194878,9mupsy
"Cascade Solar",PV,34.166356,-116.235876,9mupsy
"Nunn",PV,34.50918,-117.153822,9mupsy
"SEPV 8",PV,34.171191,-116.153642,9mupsy
"Madelyn Solar, LLC",PV,34.768035,-117.323327,9mupsy
"Adelanto Solar II, LLC",PV,34.553839,-117.369657,9mupsy
"SCE-Snowline-White Road (South)",PV,34.412889,-117.469435,9mupsy
"SCE-Snowline-Duncan Road (South)",PV,34.471409,-117.561967,9mupsy
"Sheep Creek Community Solar Farm",PV,34.571844,-117.575966,9mupsy
"Victor Mesa Linda D2",PV,34.509602,-117.387321,9mupsy
"Victor Mesa Linda C2",PV,34.511014,-117.387081,9mupsy
"Victor Mesa Linda B2",PV,34.512587,-117.387399,9mupsy
"Victor Dry Farm Ranch A",PV,34.497624,-117.470659,9mupsy
"Victor Dry Farm Ranch B",PV,34.497824,-117.4723,9mupsy
"Sunray 3",PV,34.862847,-116.831184,9mupsy
"Sunray 2",PV,34.858925,-116.814282,9mupsy
"Lockhart Solar PV, LLC",PV,35.027723,-117.356338,9mupsy
"CA Institute for Women",PV,33.947505,-117.639748,9mupsy
"Longboat Solar, LLC",PV,34.904059,-117.103149,9mupsy
"Target Shafter",PV,34.112021,-117.273426,9mupsy
"Phelan Pinon Hills CSD Solar",PV,34.578988,-117.579412,9mupsy
"Hudson-High Desert Hybrid",PV,34.625739,-117.369334,9mupsy
"Alamo Solar",PV,34.685814,-117.345262,9mupsy
"Lone Valley Solar Park II, LLC",PV,34.406096,-116.862059,9mupsy
"Adelanto Solar, LLC",PV,34.553793,-117.377244,9mupsy
"Industry Solar Power Generation Station 1, LLC",PV,34.552307,-117.456763,9mupsy
"Coronus Adelanto West 2",PV,34.548893,-117.467441,9mupsy
"Coronus Adelanto West 1",PV,34.54982,-117.466688,9mupsy
"SCE-Snowline-White Road (North)",PV,34.418022,-117.469811,9mupsy
"SCE-Snowline-White Rd (Central)",PV,34.415766,-117.46979,9mupsy
"SCE-Snowline-Duncan Road (North)",PV,34.474054,-117.563433,9mupsy
"BCE Los Alamitos 2",PV,33.787047,-118.047406,9mupsy
"BCE Los Alamitos 1",PV,33.788017,-118.065589,9mupsy
"Arizona Western College PV",PV,32.686077,-114.495993,9mvgw4
"Crown Cooling Facility",PV,32.967109,-115.532695,9mvgw4
"Titan Solar 1 (CA)",PV,33.101457,-116.00026,9mvgw4
"Valencia 2",PV,32.910699,-115.512279,9mvgw4
"Valencia 3",PV,32.885328,-115.537213,9mvgw4
"Centinela State Prison",PV,32.825456,-115.775311,9mvgw4
"Calipatria State Prison",PV,33.166494,-115.495569,9mvgw4
"Community Solar 1",PV,32.983337,-115.481892,9mvgw4
"Mount Signal Solar Farm II",PV,32.660359,-115.629932,9mvgw4
"Wister Solar",PV,33.273731,-115.505335,9mvgw4
"Heber Solar",PV,32.714021,-115.540541,9mvgw4
"Imperial Valley Solar, LLC",PV,32.675733,-115.596466,9mvgw4
"Wistaria Ranch Solar",PV,32.661415,-115.606286,9mvgw4
"Centinela Solar Energy",PV,32.690795,-115.644149,9mvgw4
"Imperial Solar Energy Center South",PV,32.658612,-115.668611,9mvgw4
"Mount Signal Solar Farm V",PV,32.668292,-115.559746,9mvgw4
"Drew Solar LLC",PV,32.69098,-115.667807,9mvgw4
"Imperial Solar Energy Center West",PV,32.7622,-115.783372,9mvgw4
"Imperial Valley Solar Company 1, LLC",PV,33.245914,-115.495117,9mvgw4
"Midway Solar Farm III",PV,33.158419,-115.531909,9mvgw4
"IVC Solar",PV,32.831965,-115.506304,9mvgw4
"USG 2",PV,32.790409,-115.863285,9mvgw4
"Valencia 1 Solar CA",PV,33.043676,-115.627653,9mvgw4
"SEPV Imperial Dixieland East",PV,32.793446,-115.772764,9mvgw4
"SEPV Imperial Dixieland West",PV,32.793358,-115.781481,9mvgw4
"Solar Gen 2 Solar Facility",PV,33.085561,-115.471515,9mvgw4
"Midway Solar Farm I",PV,33.165607,-115.54926,9mvgw4
"Sol Orchard El Centro PV",PV,32.800989,-115.546392,9mvgw4
"Imperial Valley Solar Co (IVSC) 2, LLC",PV,33.252638,-115.497801,9mvgw4
"Calipatria Solar Farm",PV,33.165624,-115.531885,9mvgw4
"Seville 2",PV,33.109168,-116.002991,9mvgw4
"Seville 1",PV,33.116481,-116.001614,9mvgw4
"Campo Verde Solar",PV,32.745065,-115.726842,9mvgw4
"Midway Solar Farm II",PV,33.165443,-115.54063,9mvgw4
"Citizens Imperial Solar",PV,33.186401,-115.428877,9mvgw4
"USG 1",PV,32.793208,-115.857433,9mvgw4
"Hyder II Hybrid",PV,33.026566,-113.356482,9mvgw4
"Hyder Solar Hybrid",PV,33.027149,-113.348204,9mvgw4
"Foothills Solar Plant Hybrid",PV,32.6395,-114.431353,9mvgw4
"Agua Caliente Solar Project",PV,32.981357,-113.498003,9mvgw4
"Redwood Coast Airport Microgrid",PV,40.967375,-124.104405,9pr8ne
"Maclay Solar Project",PV,34.319539,-118.431426,9q5fm0
"Radiance Solar 5",PV,34.664956,-118.286848,9q5fm0
"Occidental College Solar Project",PV,34.128028,-118.206682,9q5fm0
"L-8 Solar Project",PV,34.654383,-117.973256,9q5fm0
"Little Rock Pham Solar",PV,34.600019,-117.949057,9q5fm0
"Vinam",PV,34.669019,-118.061156,9q5fm0
"Rutan",PV,34.64378,-118.162135,9q5fm0
"Arrache 8083",PV,34.647943,-118.061071,9q5fm0
"Arrache 4013",PV,34.650621,-118.051936,9q5fm0
"Heliocentric",PV,34.654388,-117.971144,9q5fm0
"TA-High Desert, LLC",PV,34.707428,-118.304671,9q5fm0
"Horn",PV,34.708588,-118.274109,9q5fm0
"Radiance Solar 4",PV,34.665582,-118.288133,9q5fm0
"Irwindale Brew Yard, LLC",PV,34.122638,-117.939375,9q5fm0
"Ma",PV,34.69513,-118.062578,9q5fm0
"AV Solar Ranch One",PV,34.792128,-118.435099,9q5fm0
"SEPV Palmdale East",PV,34.612272,-117.939586,9q5fm0
"SEPV 1",PV,34.618626,-117.939522,9q5fm0
"Division 2",PV,34.708936,-118.129736,9q5fm0
"Division 1",PV,34.708325,-118.12854,9q5fm0
"Kettering Solar 2",PV,34.701868,-118.124822,9q5fm0
"Kettering Solar 1",PV,34.701058,-118.124893,9q5fm0
"Rodeo Solar D2",PV,34.711913,-118.291986,9q5fm0
"Rodeo Solar C2",PV,34.712088,-118.290546,9q5fm0
"Lancaster Baptist Church",PV,34.696333,-118.06252,9q5fm0
"SEPV 18",PV,34.613611,-117.936188,9q5fm0
"Western Antelope Dry Ranch",PV,34.72545,-118.308755,9q5fm0
"TA-Acacia, LLC",PV,34.69278,-118.327867,9q5fm0
"Sierra Solar Greenworks",PV,34.698237,-118.337643,9q5fm0
"Elevation Solar C",PV,34.726891,-118.302936,9q5fm0
"Western Antelope Blue Sky B",PV,34.727199,-118.313086,9q5fm0
"Summer North Solar",PV,34.727542,-118.296354,9q5fm0
"Summer Solar A2",PV,34.723656,-118.293789,9q5fm0
"Lancaster Dry Farm Ranch B",PV,34.716572,-118.291834,9q5fm0
"North Lancaster Ranch",PV,34.721409,-118.311349,9q5fm0
"Lancaster WAD B",PV,34.779062,-118.19108,9q5fm0
"Arrache 4006",PV,34.655113,-118.051145,9q5fm0
"Lancaster Little Rock",PV,34.603161,-117.936631,9q5fm0
"Summer Solar C2",PV,34.723647,-118.291641,9q5fm0
"Summer Solar D2",PV,34.723625,-118.290664,9q5fm0
"Western Antelope Blue Sky Ranch A",PV,34.687307,-118.319773,9q5fm0
"Antelope Expansion 1B",PV,34.716546,-118.261109,9q5fm0
"CSP Los Angeles",PV,34.693768,-118.234071,9q5fm0
"Green Beanworks C PV",PV,34.597412,-117.93146,9q5fm0
"Solar Star 1",PV,34.814214,-118.388961,9q5fm0
"Alpine Solar",PV,34.796534,-118.510081,9q5fm0
"Bolthouse S&P and Rowen Farms Solar",PV,34.564433,-117.694466,9q5fm0
"Las Virgenes",PV,34.131487,-118.701239,9q5fm0
"Summer Solar B2",PV,34.723645,-118.29251,9q5fm0
"Antelope Expansion 2",PV,34.742062,-118.302515,9q5fm0
"Central Antelope Dry Ranch B, LLC",PV,34.705692,-118.301453,9q5fm0
"Antelope DSR 3",PV,34.736999,-118.304021,9q5fm0
"San Pablo Raceway",PV,34.722176,-118.28079,9q5fm0
"Weymouth Solar Plant",PV,34.108438,-117.785098,9q5fm0
"One Ten Partners PV",PV,34.6156,-117.936612,9q5fm0
"Green Beanworks B PV",PV,34.688092,-117.989692,9q5fm0
"AVS Lancaster 1",PV,34.74775,-117.973128,9q5fm0
"Lancaster",PV,34.743518,-117.972926,9q5fm0
"Green Beanworks D PV",PV,34.655127,-118.082255,9q5fm0
"Las Virgenes Municipal Water District",PV,34.132314,-118.699522,9q5fm0
"Antelope DSR 1",PV,34.656363,-118.281831,9q5fm0
"Antelope Expansion 3B",PV,34.720171,-118.322228,9q5fm0
"Bayshore Solar C, LLC",PV,34.680778,-118.318921,9q5fm0
"Portal Ridge Solar C, LLC",PV,34.714777,-118.27427,9q5fm0
"Solar Oasis, LLC",PV,34.649011,-118.084924,9q5fm0
"Central Antelope Dry Ranch C",PV,34.720632,-118.302392,9q5fm0
"Antelope Expansion 3A",PV,34.727487,-118.322374,9q5fm0
"Antelope DSR 2",PV,34.686845,-118.311932,9q5fm0
"Bayshore Solar A, LLC",PV,34.666021,-118.304269,9q5fm0
"Summer Solar, LLC",PV,34.714915,-118.311318,9q5fm0
"Solverde 1",PV,34.655834,-118.294219,9q5fm0
"Antelope Big Sky Ranch",PV,34.692615,-118.286334,9q5fm0
"Portal Ridge Solar B, LLC",PV,34.71651,-118.282251,9q5fm0
"US-TOPCO (Soccer Center)",PV,34.661601,-118.086905,9q5fm0
"Bayshore Solar B, LLC",PV,34.678046,-118.30456,9q5fm0
"Solar Star California, XLIV, LLC",PV,34.511888,-117.916406,9q5fm0
"Castaic Lake Phase II",PV,34.434336,-118.510139,9q5fm0
"Morgan Lancaster 1",PV,34.662403,-118.084668,9q5fm0
"California State Univ at Channel Islands",PV,34.168862,-119.053959,9q5sgb
"Topaz Solar Farm",PV,35.368633,-120.03261,9q613c
"California Valley Solar Ranch",PV,35.317457,-119.925656,9q613c
"Vintner Solar",PV,35.557914,-120.681818,9q613c
"Stenner Creek Solar",PV,35.319611,-120.69101,9q613c
"Firestone Walker Brewery-Phase 1",PV,35.596047,-120.689531,9q613c
"Atascadero State Hospital",PV,35.4706,-120.634865,9q613c
"CA-DGS-California Men's Colony",PV,35.321552,-120.69217,9q613c
"Valentine Solar, LLC",PV,34.91039,-118.391826,9q713t
"BigBeau Solar, LLC",PV,34.915421,-118.35518,9q713t
"City of Rosamond (CA)",PV,34.836239,-118.147733,9q713t
"RE Gaskell West 5, LLC",PV,34.84588,-118.543361,9q713t
"RE Gaskell West 4, LLC",PV,34.843833,-118.53007,9q713t
"Rabbitbrush Solar, LLC",PV,34.873741,-118.353732,9q713t
"Cuyama Solar, LLC",PV,34.901577,-119.590942,9q713t
"RE Gaskell West 3, LLC",PV,34.825784,-118.582129,9q713t
"RE Gaskell West 2, LLC",PV,34.829087,-118.568594,9q713t
"Wonderful Huller & Shellling",PV,35.575751,-119.786573,9q713t
"Solar Star 2",PV,34.829726,-118.441152,9q713t
"Wonderful Orchards-Belridge",PV,35.501224,-119.748744,9q713t
"Gaskell West 1 Solar Facility",PV,34.836923,-118.550114,9q713t
"Willow Spring Solar, LLC",PV,34.825924,-118.332041,9q713t
"Edwards Sanborn E2",PV,34.944318,-118.087282,9q713t
"Kern Valley SP",PV,35.762638,-119.313552,9q713t
"Calibrant Bakersfield, LLC",PV,35.442009,-119.093343,9q713t
"Wheeler Ridge",PV,35.081223,-119.318176,9q713t
"RE Columbia Two, LLC",PV,35.012711,-118.182571,9q713t
"RE Camelot, LLC",PV,35.02331,-118.172402,9q713t
"Edwards Sanborn S1",PV,35.018581,-118.124089,9q713t
"Edwards Sanborn S3",PV,34.991851,-118.100955,9q713t
"Edwards Sanborn S4",PV,34.973444,-118.08851,9q713t
"Edwards Sanborn E1A",PV,34.96308,-118.096328,9q713t
"Edwards Sanborn E3",PV,34.942287,-118.135456,9q713t
"Vandenberg Solar Project",PV,34.745094,-120.510241,9q713t
"Solar Star California, XLI, LLC",PV,34.830259,-118.392372,9q713t
"Golden Fields Solar I, LLC",PV,34.840448,-118.391134,9q713t
"Wonderful Orchards-Westside",PV,35.734373,-119.732276,9q713t
"Berrenda Mesa Water District",PV,35.692748,-119.989681,9q713t
"Golden Field Solar III, LLC",PV,34.830055,-118.371047,9q713t
"Bakersfield PV 1",PV,35.3268,-118.978771,9q713t
"Eagle Creek",PV,35.213746,-119.39509,9q713t
"Springbok Solar Farm 2",PV,35.24881,-117.973623,9q713t
"Hecate Energy Beacon Solar 3",PV,35.248541,-118.009058,9q713t
"Springbok Solar Farm 1",PV,35.251658,-117.956571,9q713t
"Beacon Solar Plant Site 2",PV,35.259453,-117.998736,9q713t
"Hecate Energy Beacon Solar 1",PV,35.268579,-118.014746,9q713t
"Hecate Energy Beacon Solar 4",PV,35.251895,-118.025072,9q713t
"Beacon Solar Plant Site 5",PV,35.247032,-118.034774,9q713t
"Woodmere Solar Farm",PV,35.323547,-118.820816,9q713t
"Algonquin SKIC 20 Solar, LLC",PV,35.1246,-119.240648,9q713t
"Wildwood Solar I, LLC",PV,35.61905,-119.568936,9q713t
"Pumpjack Solar I",PV,35.416024,-119.638251,9q713t
"Orion Solar II",PV,35.148877,-118.885279,9q713t
"Orion Solar I",PV,35.146166,-118.887207,9q713t
"EAFB-North Base",PV,34.982066,-117.892042,9q713t
"Blackwell Solar Park",PV,35.608789,-119.844433,9q713t
"RE Astoria 2",PV,34.829497,-118.470955,9q713t
"Edwards Air Force Base",PV,34.907637,-117.920591,9q713t
"RE Rio Grande Solar, LLC",PV,35.048908,-118.163909,9q713t
"Naval Air Weapons Station China Lake",PV,35.634879,-117.652331,9q713t
"Regulus Solar Project",PV,35.299856,-118.846316,9q713t
"Catalina Solar, LLC",PV,34.929474,-118.333067,9q713t
"Pine Tree Solar Project",PV,35.229696,-118.193516,9q713t
"Nickel 1 Solar Facility",PV,35.647639,-119.716317,9q713t
"Improvement Dst No. 4",PV,35.402755,-119.038053,9q713t
"Adobe Solar",PV,35.103963,-118.954207,9q713t
"RE Rosamond One, LLC",PV,34.904113,-118.251246,9q713t
"RE Columbia 3, LLC",PV,35.017969,-118.171566,9q713t
"RE Rosamond Two, LLC",PV,34.903488,-118.242989,9q713t
"SEPV Mojave West",PV,35.020441,-118.278367,9q713t
"Bakersfield 111",PV,35.31479,-118.988977,9q713t
"RE Old River One, LLC",PV,35.218894,-119.0791,9q713t
"Lost Hills/Blackwell",PV,35.625756,-119.854284,9q713t
"Springbok 3 Solar Farm Hybrid",PV,35.283293,-118.010494,9q713t
"RE Garland A",PV,34.821143,-118.497643,9q713t
"Algonquin SKIC 10 Solar, LLC",PV,35.127755,-119.249344,9q713t
"CDCR (CA)-Wasco State Prison",PV,35.590887,-119.404787,9q713t
"Bakersfield Industrial PV 1",PV,35.329997,-118.993189,9q713t
"Delano Land 1",PV,35.759177,-119.348351,9q713t
"RE Barren Ridge 1",PV,35.205168,-118.069512,9q713t
"Redwood 4 Solar Farm",PV,35.315109,-118.811155,9q713t
"Castor Solar",PV,35.21097,-119.387524,9q713t
"RE Garland",PV,34.822187,-118.527993,9q713t
"Cal City Solar 1",PV,35.141539,-117.964708,9q713t
"North Kern State Prison Phase II",PV,35.777221,-119.308162,9q713t
"California City",PV,35.157379,-117.983395,9q713t
"Kingbird B Solar, LLC",PV,34.820843,-118.441155,9q713t
"Wonderful Lost Hills",PV,35.668165,-119.876218,9q713t
"Rio Bravo Solar II, LLC",PV,35.423854,-119.628933,9q713t
"Hayworth Solar",PV,35.328168,-118.82064,9q713t
"Redcrest Solar Farm",PV,35.321135,-118.812196,9q713t
"RE Astoria",PV,34.844248,-118.446156,9q713t
"Kingbird A Solar, LLC",PV,34.824081,-118.441196,9q713t
"Wildwood Solar II",PV,35.631892,-119.576691,9q713t
"Windhub Solar A, LLC",PV,35.021659,-118.28987,9q713t
"North Rosamond Solar, LLC",PV,34.870398,-118.366582,9q713t
"Morelos del Sol",PV,35.728102,-119.896814,9q713t
"Maricopa West Solar PV, LLC",PV,35.112311,-119.326746,9q713t
"Cottonwood Solar, LLC (Goose Lake)",PV,35.590715,-119.576132,9q713t
"Catalina Solar 2, LLC",PV,34.926989,-118.357016,9q713t
"Shafter Solar, LLC",PV,35.450699,-119.127026,9q713t
"Coronal Lost Hills",PV,35.727086,-119.905588,9q713t
"Chevron-Lost Hills Hybrid",PV,35.609422,-119.7013,9q713t
"Rio Bravo Solar 1, LLC",PV,35.415837,-119.629409,9q713t
"Sunset Reservoir North Basin",PV,37.750828,-122.483522,9q8yyc
"CA Flats Solar 150, LLC",PV,35.829895,-120.294871,9q92vz
"Monterey Regional Water Pollution Control Agency",PV,36.708224,-121.76899,9q92vz
"CA Flats Solar 130, LLC",PV,35.872013,-120.339384,9q92vz
"Panoche Valley Solar Farm",PV,36.629772,-120.891311,9q92vz
"Enerparc CA1, LLC",PV,36.831899,-121.404082,9q92vz
"Hollister Solar, LLC",PV,36.862421,-121.428902,9q92vz
"D'Arrigo Brothers-Phase 4",PV,36.614777,-121.634165,9q92vz
"Graniterock Quarry",PV,36.875559,-121.603662,9q92vz
"Wright Solar Park",PV,37.018864,-120.961889,9q9fy1
"Sun Harvest Solar NDP1",PV,37.057787,-120.649009,9q9fy1
"Merced 1 PV",PV,36.989439,-120.878325,9q9fy1
"Mission Solar, LLC",PV,37.267336,-120.483318,9q9fy1
"Merced Solar, LLC",PV,37.268698,-120.483314,9q9fy1
"Quinto Solar PV Project",PV,37.120708,-121.038838,9q9fy1
"Vega Solar",PV,36.928591,-120.805293,9q9fy1
"2097 Helton Solar Project",PV,37.350917,-120.50723,9q9fy1
"Hellyer Solar Farm",PV,37.286885,-121.814147,9q9hq4
"Malech Solar Farm",PV,37.228465,-121.738711,9q9hq4
"Guadalupe Solar Farm",PV,37.268874,-121.861077,9q9hq4
"City of Hayward WWTP",PV,37.633492,-122.139854,9q9m24
"Whitethorn Solar, LLC",PV,37.69203,-121.717394,9q9m24
"Foothill Sanitary Landfill-Solar Array",PV,38.042111,-120.936076,9q9wtp
"Kettleman Solar Project",PV,38.121389,-121.140603,9q9wtp
"Manteca Land PV",PV,37.840203,-121.215228,9q9wtp
"Bear Creek Solar",PV,38.135935,-121.148813,9q9wtp
"Silveira Ranch Road Solar",PV,38.156019,-122.566002,9q8yyz
"American Canyon Solar",PV,38.160723,-122.213851,9qben2
"Soscol Ferry Solar",PV,38.237461,-122.275553,9qben2
"Lavio Solar",PV,38.194832,-122.663198,9qben2
"Cloverdale Solar Center",PV,38.769502,-123.020736,9qben2
"Cloverdale Solar I",PV,38.774443,-123.017277,9qben2
"Windsor Floating Solar",PV,38.539113,-122.815051,9qben2
"Dissigno Healdsburg FPV, LLC",PV,38.583694,-122.864523,9qben2
"Stage Gulch Solar",PV,38.21671,-122.542807,9qben2
"CSD 2-Heritage High",PV,37.920586,-121.755782,9qc0p1
"Byron Highway Solar",PV,37.847138,-121.616824,9qc0p1
"California PV Energy at ISD WWTP",PV,38.00172,-121.703675,9qc0p1
"Bio-Rad",PV,38.025122,-122.274498,9qc0p1
"Marin Clean Energy Solar One",PV,37.94522,-122.378508,9qc0p1
"Columbia Solar Energy, LLC",PV,38.019462,-121.86437,9qc0p1
"CSD 2-Freedom High",PV,37.972281,-121.720347,9qc0p1
"Lake Herman",PV,38.097105,-122.140918,9qc63x
"Genentech Vacaville Meter #1",PV,38.386449,-121.948811,9qc63x
"Grassland 1&2 Solar Project",PV,38.500651,-121.692985,9qc63x
"Putah Creek Solar Farm",PV,38.520977,-121.994077,9qc63x
"Yolo County Solar Project",PV,38.657468,-121.733703,9qc63x
"CDCR (CA)-Solano State Prison",PV,38.325498,-121.98267,9qc63x
"Vaca Dixon Solar Station",PV,38.410856,-121.926425,9qc63x
"Mariani Packing Vacaville Solar",PV,38.400022,-121.964362,9qc63x
"UC Davis South Campus",PV,38.520096,-121.740353,9qc63x
"SunEdison Anheuser Busch Fairfield",PV,38.231937,-122.092698,9qc63x
"Vacaville",PV,38.400027,-121.962908,9qc63x
"Grassland 3&4 Solar Project",PV,38.50153,-121.693001,9qc63x
"North Bay Solar 1",PV,38.301001,-121.965191,9qc63x
"Central 40",PV,37.248616,-121.108704,9qcbq0
"Frontier Solar, LLC",PV,37.366707,-121.151644,9qcbq0
"Robert O Schulz Solar Farm",PV,37.858419,-120.895417,9qcbq0
"Axium Modesto Solar",PV,37.736402,-120.988417,9qcbq0
"Sonora 1",PV,37.890378,-120.525809,9qcbq0
"Sierra Pacific Chinese Camp",PV,37.882971,-120.455445,9qcbq0
"Wildflower Solar 1",PV,38.70464,-121.47783,9qcem3
"RE McKenzie 5, LLC",PV,38.309456,-121.292343,9qcem3
"RE McKenzie 4, LLC",PV,38.304692,-121.292451,9qcem3
"RE McKenzie 2, LLC",PV,38.306491,-121.294925,9qcem3
"RE McKenzie 3, LLC",PV,38.304693,-121.289996,9qcem3
"SMUD at Fleshman",PV,38.237911,-121.338061,9qcem3
"Sacramento Regional County Sanitation PV",PV,38.436229,-121.466262,9qcem3
"SMUD at Lawrence",PV,38.338753,-121.431259,9qcem3
"SCDA Solar 1",PV,38.700215,-121.586726,9qcem3
"RE McKenzie 6, LLC",PV,38.309187,-121.290032,9qcem3
"RE McKenzie 1, LLC",PV,38.305711,-121.28454,9qcem3
"SMUD at Van Conett",PV,38.253092,-121.279023,9qcem3
"RE Dillard 1, LLC",PV,38.469518,-121.182478,9qcem3
"RE Dillard 3, LLC",PV,38.463103,-121.180088,9qcem3
"RE Dillard 2, LLC",PV,38.466028,-121.178084,9qcem3
"Green Acres Solar Facility 2",PV,38.28355,-121.461629,9qcem3
"Green Acres Solar Facility 1",PV,38.282099,-121.465542,9qcem3
"Solar Star California II, LLC",PV,38.516214,-121.475657,9qcem3
"RE Kammerer 1, LLC",PV,38.363565,-121.385352,9qcem3
"RE Bruceville 1, LLC",PV,38.347677,-121.41057,9qcem3
"Rancho Seco Solar, LLC",PV,38.343177,-121.116734,9qcem3
"Sacramento Soleil, LLC",PV,38.450118,-121.164255,9qcem3
"FAA NorCal TRACON",PV,38.56146,-121.259196,9qcem3
"Intel Folsom",PV,38.644086,-121.172447,9qcem3
"SMUD at Grundman",PV,38.36581,-121.414346,9qcem3
"Aerojet I",PV,38.613694,-121.162278,9qcem3
"Aerojet II",PV,38.611219,-121.168241,9qcem3
"Rancho Seco Solar II, LLC",PV,38.34787,-121.111904,9qcem3
"Sacramento Fairbain Water Treatment Plant",PV,38.554789,-121.417088,9qcem3
"Sacramento (SMUD)",PV,38.585226,-121.467197,9qcem3
"Depot Park Solar System",PV,38.515353,-121.401009,9qcem3
"Deer Creek 2",PV,38.629169,-120.982653,9qcggm
"El Dorado County",PV,38.69854,-120.830676,9qcggm
"El Dorado Solar, LLC",PV,38.638284,-121.056063,9qcggm
"2127 Harris Solar Project",PV,39.291776,-121.669962,9qct8r
"Madera Community Hospital",PV,36.941045,-120.046435,9qd9xh
"CA - Madera USD - Madera South HS",PV,36.957241,-120.034258,9qd9xh
"Westlands Solar PV Farm",PV,36.127567,-120.142064,9qd9xh
"RE Adams East, LLC",PV,36.613282,-120.383494,9qd9xh
"North Star Solar",PV,36.730527,-120.415146,9qd9xh
"2081 Terzian Solar Project",PV,36.66739,-119.416708,9qd9xh
"Citizen B",PV,36.721849,-120.430096,9qd9xh
"DSH (CA)-Coalinga State Hospital",PV,36.126665,-120.243255,9qd9xh
"CDCR (CA)-Pleasant Valley State Prison",PV,36.126063,-120.247782,9qd9xh
"Little Bear Solar 1, LLC",PV,36.716336,-120.414267,9qd9xh
"Whitney Point Solar",PV,36.374847,-120.134212,9qd9xh
"NextEra Westside PV",PV,36.382014,-120.1345,9qd9xh
"San Joaquin Solar",PV,36.522085,-120.146373,9qd9xh
"National Raisin",PV,36.620589,-119.668046,9qd9xh
"Fresno Solar",PV,36.616892,-120.105121,9qd9xh
"Little Bear 3",PV,36.716376,-120.391855,9qd9xh
"Little Bear 4",PV,36.709025,-120.414381,9qd9xh
"Little Bear 5",PV,36.709126,-120.396648,9qd9xh
"Moonlight Packing-Phase 2",PV,36.585029,-119.470066,9qd9xh
"Firebaugh-CCS-PV-1",PV,36.73465,-120.614743,9qd9xh
"Tranquillity ID",PV,36.648126,-120.24633,9qd9xh
"Fifth Standard Solar PV, LLC (Hybrid)",PV,36.159538,-120.111946,9qd9xh
"CA - Fresno County - Juvenile Hall",PV,36.659011,-119.732805,9qd9xh
"RE Tranquillity",PV,36.570855,-120.399372,9qd9xh
"Sealed Air Madera Solar Project",PV,36.946456,-120.077629,9qd9xh
"Great Valley Solar Portfolio Holdings, LLC",PV,36.585348,-120.383854,9qd9xh
"Giffen Solar Park",PV,36.554384,-120.339146,9qd9xh
"Five H Farms Solar Array",PV,37.10966,-120.298292,9qd9xh
"Wonderful Orchards-New Columbia",PV,36.825592,-120.318359,9qd9xh
"DGS Valley State Prison",PV,37.087619,-120.150381,9qd9xh
"Pacific Ethanol Madera Solar Array",PV,36.91629,-119.971615,9qd9xh
"Madera 1 PV",PV,37.056276,-120.167303,9qd9xh
"Borden Solar Farm",PV,36.941297,-119.963177,9qd9xh
"Adera Solar",PV,37.120529,-120.324509,9qd9xh
"City of Madera WWTP",PV,36.942735,-120.158887,9qd9xh
"Huron Solar Station",PV,36.177598,-120.109391,9qd9xh
"Gates Solar Station",PV,36.175836,-120.115552,9qd9xh
"CalRenew-1",PV,36.759626,-120.365926,9qd9xh
"Five Points Solar Station",PV,36.395424,-120.107782,9qd9xh
"Stroud Solar Station",PV,36.52382,-120.123306,9qd9xh
"West Gates Solar Station",PV,36.141884,-120.132734,9qd9xh
"Westside Solar Station",PV,36.37817,-120.123959,9qd9xh
"Cantua Solar Station",PV,36.424422,-120.341163,9qd9xh
"Giffen",PV,36.527411,-120.313283,9qd9xh
"La Joya Del Sol",PV,36.678879,-119.79754,9qd9xh
"Gap Pacific Distribution Center",PV,36.783741,-119.714009,9qd9xh
"Five Points Solar Park",PV,36.391972,-120.243421,9qd9xh
"Oro Loma",PV,36.876816,-120.667732,9qd9xh
"Aspiration G",PV,36.54837,-120.345676,9qd9xh
"Dover Dairy",PV,36.41493,-119.553614,9qdbm8
"Luciana",PV,35.817328,-119.063026,9qdbm8
"Ivanhoe Solar",PV,36.387268,-119.255203,9qdbm8
"Guernsey Solar Station",PV,36.163408,-119.650315,9qdbm8
"RE Kansas South, LLC",PV,36.221314,-119.829948,9qdbm8
"Corcoran Solar",PV,36.142132,-119.572919,9qdbm8
"Sand Drag, LLC",PV,35.980693,-120.102349,9qdbm8
"Corcoran Solar 2",PV,36.141488,-119.582386,9qdbm8
"RE Kent South, LLC",PV,36.221972,-119.910352,9qdbm8
"Henrietta Solar Project",PV,36.214536,-119.806731,9qdbm8
"RE Mustang, LLC",PV,36.230414,-119.912225,9qdbm8
"CED Avenal",PV,35.996053,-120.151899,9qdbm8
"Corcoran Solar 3",PV,36.147519,-119.588717,9qdbm8
"CID Solar, LLC",PV,36.129361,-119.541797,9qdbm8
"Sun City Project, LLC",PV,35.985182,-120.101408,9qdbm8
"Hanford 1 and 2",PV,36.30665,-119.629057,9qdbm8
"RE Kansas Solar, LLC",PV,36.244432,-119.829726,9qdbm8
"Kettleman Solar-Centaurus",PV,36.060918,-119.945024,9qdbm8
"CID Solar (CA)",PV,36.140871,-119.566235,9qdbm8
"Lemoore 1",PV,36.25728,-119.797435,9qdbm8
"Westside Solar Power PV1",PV,36.217782,-119.906783,9qdbm8
"CDCR (CA)-Corcoran State Prison",PV,36.064473,-119.5605,9qdbm8
"American Kings Solar, LLC",PV,36.249391,-119.900317,9qdbm8
"Aquamarine",PV,36.204642,-119.917678,9qdbm8
"Mustang Two",PV,36.203455,-119.900562,9qdbm8
"Slate Hybrid",PV,36.211961,-119.87457,9qdbm8
"Almond",PV,36.148542,-119.914298,9qdbm8
"Cottonwood Solar, LLC (City of Corcoran)",PV,36.136117,-119.558863,9qdbm8
"Avenal Park",PV,35.990852,-120.106656,9qdbm8
"Java Solar, LLC",PV,36.231328,-119.811814,9qdbm8
"CED Ducor 1",PV,35.855438,-119.068501,9qdbm8
"Atwell Island",PV,35.815505,-119.451017,9qdbm8
"Alpaugh 50",PV,35.901922,-119.438642,9qdbm8
"Alpaugh North",PV,35.909054,-119.426903,9qdbm8
"Kingsburg Solar",PV,36.505254,-119.540118,9qdbm8
"Exeter Solar",PV,36.265953,-119.128349,9qdbm8
"White River Solar",PV,35.874844,-119.451879,9qdbm8
"Solar Photovoltaic Project #42",PV,36.028665,-119.073924,9qdbm8
"Tropico Solar PV Plant",PV,35.831023,-119.049593,9qdbm8
"Nicolis Solar PV Plant",PV,35.82219,-119.039789,9qdbm8
"Castle Rock Vineyards",PV,35.801176,-119.110889,9qdbm8
"Porterville Solar",PV,36.100484,-119.038005,9qdbm8
"Atwell Island West Solar",PV,35.81509,-119.459675,9qdbm8
"Farmersville",PV,36.318418,-119.213989,9qdbm8
"City of Tulare Water Facility",PV,36.186375,-119.377771,9qdbm8
"White River Solar 2",PV,35.871483,-119.464992,9qdbm8
"CED Ducor 3",PV,35.845551,-119.057005,9qdbm8
"CED Ducor 2",PV,35.846421,-119.065818,9qdbm8
"CED Ducor 4",PV,35.850283,-119.026032,9qdbm8
"RE-VFO, LLC",PV,36.35362,-119.400731,9qdbm8
"FTF-PackingShed",PV,36.547339,-119.431282,9qdbm8
"Porterville 6 and 7",PV,36.09401,-119.037477,9qdbm8
"Lindsay Solar",PV,36.211927,-119.133777,9qdbm8
"Tulare 1 and 2",PV,36.20446,-119.417946,9qdbm8
"Dinuba Wastewater Treatment Plant",PV,36.538178,-119.426157,9qdbm8
"Owens Valley Solar Project 11",PV,36.268424,-117.983017,9qe6tq
"Munro Valley Solar",PV,36.264822,-117.995482,9qe6tq
"Trona Solar III",PV,35.804912,-117.349841,9qe6tq
"Arlington Energy Center II",PV,33.706592,-114.785766,9qj152
"Blythe Mesa Solar II",PV,33.575483,-114.739432,9qj152
"EMWD-Moreno Valley RWRF",PV,33.861247,-117.214039,9qj152
"Athos Solar Project",PV,33.753074,-115.345924,9qj152
"Diamond Valley Solar Project",PV,33.712238,-117.073016,9qj152
"Tequesquite Landfill Solar PV Project",PV,33.97533,-117.405786,9qj152
"AP North Lake I, LP",PV,33.741677,-117.011471,9qj152
"Palo Verde College",PV,33.666084,-114.65691,9qj152
"Solar Blythe 2",PV,33.624294,-114.699178,9qj152
"North Palm Springs 4A",PV,33.908674,-116.560154,9qj152
"McCoy Solar Energy Project Hybrid",PV,33.703743,-114.764833,9qj152
"Solar Blythe, LLC",PV,33.591974,-114.742253,9qj152
"Garnet Solar Generation Station I, LLC",PV,33.89107,-116.543137,9qj152
"Venable Solar 1",PV,33.598564,-114.571681,9qj152
"Venable Solar 2",PV,33.597048,-114.571952,9qj152
"Desert Sunlight 300, LLC",PV,33.823568,-115.394115,9qj152
"Chuckawalla Valley State Prison",PV,33.565266,-114.903852,9qj152
"Colgreen North Shore Solar Farm",PV,33.547372,-115.978082,9qj152
"Blythe Solar 110, LLC",PV,33.673669,-114.738061,9qj152
"Blythe Solar II, LLC",PV,33.684154,-114.739769,9qj152
"EMWD-San Jacinto RWRF NEM",PV,33.798117,-117.016669,9qj152
"EMWD-Sun City RWRF",PV,33.696106,-117.218434,9qj152
"Desert Harvest, LLC",PV,33.795587,-115.371453,9qj152
"Desert Harvest II, LLC",PV,33.794421,-115.342448,9qj152
"SunAnza",PV,33.557208,-116.642211,9qj152
"Blythe Solar III, LLC Hybrid",PV,33.659951,-114.736616,9qj152
"Blythe Solar IV, LLC",PV,33.681889,-114.769528,9qj152
"Maverick Solar, LLC",PV,33.698716,-115.229063,9qj152
"Maverick Solar 4, LLC",PV,33.688378,-115.199522,9qj152
"SE Athos II, LLC",PV,33.74373,-115.313258,9qj152
"Oberon Solar Project",PV,33.725692,-115.375223,9qj152
"Maverick Solar 6, LLC",PV,33.74024,-115.35214,9qj152
"EMWD-Perris Valley RWRF",PV,33.755136,-117.200101,9qj152
"EMWD - San Jacinto RES BCT",PV,33.803545,-117.02362,9qj152
"RCWD PV Project",PV,33.536297,-117.196963,9qj152
"SunEdison Ironwood State Prison",PV,33.566907,-114.918045,9qj152
"Valley Sanitary District WTP Solar",PV,33.717775,-116.198272,9qj152
"Soboba Community Solar Project",PV,33.770206,-116.904249,9qj152
"North Palm Springs 1A",PV,33.923347,-116.594548,9qj152
"Ironwood Solar, LLC",PV,33.565188,-114.918553,9qj152
"Desert Hot Springs Solar",PV,33.923044,-116.530143,9qj152
"Chuckawalla Solar",PV,33.568471,-114.917988,9qj152
"Mohave Electric Cooperative at Joy Lane",PV,34.994777,-114.553771,9qndpr
"OE_AZ1",PV,33.771081,-113.654525,9qndpr
"Jacobson 5 MW Solar",PV,35.303874,-114.01518,9qndpr
"La Senita",PV,35.241588,-114.004585,9qndpr
"Gray Hawk Solar",PV,35.349159,-113.914259,9qndpr
"Mohave Electric at Fort Mohave",PV,34.983955,-114.55634,9qndpr
"Black Mountain Solar, LLC",PV,35.022825,-114.162449,9qndpr
"Searchlight Solar",PV,35.486403,-114.934023,9qqk6u
"Mountain View Solar",PV,36.386503,-114.952156,9qqk6u
"Silver State Solar Power North",PV,35.62505,-115.350152,9qqk6u
"Silver State Solar Power South",PV,35.607882,-115.337278,9qqk6u
"Techren Solar IV, LLC",PV,35.892361,-114.936029,9qqk6u
"Nellis Air Force Base Solar Array",PV,36.256491,-115.054411,9qqk6u
"CM48",PV,35.781022,-114.992615,9qqk6u
"Apex Solar PV Power Project",PV,36.392197,-114.964727,9qqk6u
"Copper Mountain Solar 2",PV,35.785768,-114.961632,9qqk6u
"Techren Solar III, LLC",PV,35.844998,-114.972093,9qqk6u
"Copper Mountain Solar 5, LLC",PV,35.771769,-114.976657,9qqk6u
"Playa Solar 2",PV,36.410661,-114.912141,9qqk6u
"CM10",PV,35.786467,-114.997984,9qqk6u
"Boulder Solar Power, LLC",PV,35.836256,-114.9816,9qqk6u
"Techren Solar I, LLC",PV,35.852813,-114.968555,9qqk6u
"Techren Solar II, LLC",PV,35.867654,-114.955521,9qqk6u
"Playa Solar 1, LLC",PV,36.400079,-114.901877,9qqk6u
"Nellis Solar PV II",PV,36.207622,-115.04642,9qqk6u
"Boulder Solar II, LLC",PV,35.84781,-114.945912,9qqk6u
"Moapa Southern Paiute",PV,36.525935,-114.75462,9qqk6u
"Techren Solar V",PV,35.901334,-114.926483,9qqk6u
"Copper Mountain Solar 4, LLC",PV,35.788794,-114.979682,9qqk6u
"Harry Allen Solar Energy, LLC",PV,36.425518,-114.923188,9qqk6u
"Yellow Pine Solar",PV,36.057741,-115.79137,9qqk6u
"River Mountains Solar",PV,36.031854,-114.927786,9qqk6u
"Copper Mountain Solar 3",PV,35.881832,-114.965487,9qqk6u
"Spectrum Solar PV Power Project",PV,36.23712,-114.87362,9qqk6u
"Las Vegas WPCF Solar Plant",PV,36.134709,-115.03527,9qqk6u
"Townsite Solar Project Hybrid",PV,35.938777,-114.886585,9qqk6u
"NVSS-II",PV,36.275343,-115.972339,9qw0kp
"Bloomington Solar I",PV,37.043952,-113.627719,9qw0kp
"Sunshine Valley Solar",PV,36.515032,-116.515336,9qw0kp
"Enerparc CA2, LLC",PV,39.69908,-122.175386,9r106e
"Butte College Main Campus Solar",PV,39.651561,-121.650012,9r13pb
"Gridley Main Two",PV,39.373289,-121.681455,9r13pb
"Gridley Main",PV,39.373372,-121.684357,9r13pb
"Sierra Pacific Industries (2042-RD)",PV,40.122194,-122.189406,9r1jcf
"Shasta Solar Farm",PV,41.031259,-121.425306,9r1jcf
"Bly Solar Center",PV,42.37664,-121.020118,9r3wzq
"OR Solar 5, LLC",PV,42.031034,-121.611061,9r3wzq
"Chiloquin Solar, LLC",PV,42.611487,-121.862597,9r3wzq
"OR Solar 3, LLC",PV,42.022228,-121.425629,9r3wzq
"Klamath Falls Solar 2 (CSG)",PV,42.182954,-121.763455,9r3wzq
"Old Mill Solar",PV,42.408186,-121.043107,9r3wzq
"Oregon University System OIT Klamath Falls",PV,42.260185,-121.785776,9r3wzq
"NorWest Energy 4, LLC",PV,42.207084,-121.351576,9r3wzq
"OR Solar 8, LLC",PV,42.239049,-121.58562,9r3wzq
"Woodline Solar",PV,42.236037,-121.577258,9r3wzq
"HL Solar",PV,40.372677,-120.264829,9r4bc7
"Western 102 Power Plant",PV,39.560389,-119.509091,9r4bc7
"Turquoise Liberty Solar",PV,39.580532,-119.517431,9r4bc7
"Turquoise Nevada, LLC",PV,39.587008,-119.527319,9r4bc7
"Fish Springs",PV,40.080627,-119.963667,9r4bc7
"PSREC/SIAD Solar",PV,40.150274,-120.124711,9r4bc7
"Ft. Churchill PV",PV,39.121494,-119.140914,9r4bc7
"Luning Energy",PV,38.545208,-118.193732,9r4bc7
"EGP Stillwater Solar PV II, LLC",PV,39.537086,-118.563667,9r4bc7
"Tungsten Mountain",PV,39.666486,-117.681253,9r4bc7
"Patua Acquisition Project, LLC",PV,39.582548,-119.068946,9r4bc7
"Stillwater Facility",PV,39.542771,-118.560936,9r4bc7
"OR Solar 2, LLC",PV,42.521494,-122.828455,9r88yx
"Eagle Point Solar",PV,42.400782,-122.830308,9r88yx
"Rock Garden Solar, LLC",PV,43.394159,-120.954844,9r3wzq
"Airport Solar",PV,42.166668,-120.409479,9r3wzq
"OR Solar 6, LLC",PV,42.211172,-120.371519,9r3wzq
"Black Cap Solar Plant",PV,42.175092,-120.362663,9r3wzq
"Fort Rock I",PV,43.316651,-121.00914,9r3wzq
"BC Solar",PV,42.172667,-120.362524,9r3wzq
"Garrett Solar",PV,42.147793,-120.420207,9r3wzq
"Fort Rock IV",PV,43.397002,-120.948912,9r3wzq
"Alkali Solar, LLC",PV,43.31856,-121.002206,9r3wzq
"Outback Solar at Christmas Valley",PV,43.235275,-120.486327,9r3wzq
"Sheep Solar",PV,44.827488,-122.948339,9rb6wg
"Interstate Solar",PV,45.129636,-122.899589,9rb6wg
"Labish Solar, LLC",PV,44.985089,-122.941138,9rb6wg
"Case Creek Solar",PV,45.172331,-122.912379,9rb6wg
"Kale Patch Solar",PV,45.083174,-122.90282,9rb6wg
"St Louis Solar",PV,45.120234,-122.936268,9rb6wg
"Pika Solar",PV,45.088004,-122.772281,9rb6wg
"Brush Creek Solar",PV,44.985426,-122.812712,9rb6wg
"Silverton Solar",PV,45.014302,-122.807152,9rb6wg
"Rafael Solar",PV,44.859872,-123.008155,9rb6wg
"Drift Creek Solar",PV,44.970522,-122.802471,9rb6wg
"Kaiser Creek Solar (CSG)",PV,45.143578,-122.607851,9rb6wg
"Tickle Creek Solar",PV,45.3733,-122.264946,9rb6wg
"Thomas Creek Solar",PV,45.131375,-122.619444,9rb6wg
"Minke Solar",PV,45.171211,-122.624282,9rb6wg
"Dunn Road Solar",PV,45.431494,-122.286481,9rb6wg
"Mt. Hope Solar",PV,45.126464,-122.608112,9rb6wg
"Sulus Solar 17",PV,45.349163,-122.429474,9rb6wg
"Day Hill Solar, LLC",PV,45.268845,-122.329109,9rb6wg
"SSD Clackamas 1, LLC",PV,45.420938,-122.333268,9rb6wg
"SSD Clackamas 4, LLC",PV,45.105651,-122.662012,9rb6wg
"SSD Clackamas 7, LLC",PV,45.181767,-122.591971,9rb6wg
"Sulus Solar 35",PV,45.141533,-122.649541,9rb6wg
"Sulus Solar 29",PV,45.458507,-122.289444,9rb6wg
"Brightwood Solar, LLC",PV,45.383402,-122.079111,9rb6wg
"Sandy River Solar (CSG)",PV,45.43149,-122.295791,9rb6wg
"Bighorn Solar",PV,44.967035,-122.957862,9rb6wg
"Bristol Solar",PV,45.144867,-122.786688,9rb6wg
"SSD Marion 3, LLC",PV,44.984203,-122.960193,9rb6wg
"Cosper Creek Solar (CSG)",PV,45.058885,-123.497377,9rb6wg
"O'Neill Creek Solar",PV,45.471659,-123.13974,9rb6wg
"Milford Solar OR",PV,45.559908,-123.071525,9rb6wg
"Yamhill Solar, LLC",PV,45.10838,-123.278175,9rb6wg
"Bellevue Solar Project",PV,45.112295,-123.234291,9rb6wg
"Mill Creek Solar (OR)",PV,45.168553,-123.135107,9rb6wg
"Dayton Cutoff Solar",PV,45.169611,-123.13626,9rb6wg
"Ballston Solar, LLC",PV,45.076462,-123.394093,9rb6wg
"Grand Ronde Solar",PV,45.053049,-123.609457,9rb6wg
"Butler Solar, LLC",PV,45.101472,-123.41943,9rb6wg
"Sulus Solar 33",PV,45.079018,-123.40303,9rb6wg
"Sulus Solar 28",PV,45.103864,-123.515506,9rb6wg
"Williams Acres Solar",PV,45.137367,-122.800157,9rb6wg
"Sesqui-C Solar (CSG)",PV,45.323454,-123.175434,9rb6wg
"Colton Solar",PV,45.170298,-122.472865,9rb6wg
"Baldock Solar Highway",PV,45.269653,-122.771784,9rb6wg
"Oregon University System Rabbit Field",PV,44.566239,-123.295743,9rb6wg
"Firwood Solar, LLC",PV,45.379532,-122.229859,9rb6wg
"Palmer Creek Solar, LLC",PV,45.184296,-123.103751,9rb6wg
"Valley Creek Solar",PV,45.03301,-123.09691,9rb6wg
"Red Prairie Solar",PV,45.086377,-123.422801,9rb6wg
"Duus Solar, LLC",PV,45.318494,-122.331678,9rb6wg
"SSD Marion 6, LLC",PV,45.255099,-122.803325,9rb6wg
"SSD Marion 1, LLC",PV,45.137896,-122.914407,9rb6wg
"Boring Solar, LLC",PV,45.430769,-122.28454,9rb6wg
"Sulus Solar 22",PV,44.974004,-122.776207,9rb6wg
"Greenpark Solar",PV,44.876176,-122.935312,9rb6wg
"Sulus Solar 25",PV,45.268993,-122.82176,9rb6wg
"Carnes Creek Solar (CSG)",PV,45.076112,-122.933266,9rb6wg
"Fruitland Creek Solar (CSG)",PV,44.929836,-122.937619,9rb6wg
"River Valley Solar",PV,45.128043,-122.828527,9rb6wg
"SSD Marion 5, LLC",PV,45.113431,-122.793289,9rb6wg
"Steel Bridge Solar, LLC",PV,45.067675,-123.470971,9rb6wg
"OSLH, LLC",PV,44.059598,-121.229434,9rcvn1
"NorWest Energy 2, LLC",PV,44.068482,-121.228347,9rcvn1
"Solar Star Oregon II",PV,44.185237,-120.916008,9rcvn1
"Tumbleweed Solar, LLC",PV,44.19398,-121.23007,9rcvn1
"Elbe Solar Center",PV,44.61898,-121.206217,9rcvn1
"Adams Solar Center",PV,44.673117,-121.125151,9rcvn1
"Bear Creek Solar Center",PV,44.06044,-121.238169,9rcvn1
"Suntex Solar, LLC",PV,43.552737,-119.689962,9rg8bx
"Brush Solar Center",PV,44.466797,-118.205391,9rg8bx
"Baker City Solar",PV,44.7018,-117.763861,9rg8bx
"Murphy Flat Solar",PV,43.211407,-116.441859,9rg8bx
"Riley",PV,43.554283,-119.684458,9rg8bx
"Thunderegg Solar Center, LLC",PV,43.932783,-116.988348,9rg8bx
"West Hines Solar I, LLC",PV,43.499962,-119.146275,9rg8bx
"Grove Solar Center, LLC",PV,43.936046,-117.384902,9rg8bx
"Hyline Solar Center, LLC",PV,44.150366,-117.000996,9rg8bx
"Open Range Solar Center, LLC",PV,43.796958,-117.06293,9rg8bx
"Vale Air Solar Center, LLC",PV,43.961698,-117.259276,9rg8bx
"Railroad Solar Center, LLC",PV,43.999105,-117.100477,9rg8bx
"Starvation",PV,43.503691,-119.149256,9rg8bx
"Vale Solar Center",PV,44.158147,-117.443681,9rg8bx
"Ontario Solar Center",PV,44.113233,-117.026613,9rg8bx
"Morgan Solar Center",PV,43.950218,-117.072991,9rg8bx
"Battle Mountain Solar Project",PV,40.720895,-117.063807,9rkf69
"Pavant Solar II, LLC",PV,39.158924,-112.353087,9rpbwn
"Pavant Solar, LLC",PV,39.151744,-112.343248,9rpbwn
"Pavant Solar III",PV,39.157077,-112.373955,9rpbwn
"Jackpot Solar, LLC",PV,42.200942,-114.630973,9rwgcr
"Clif Bar Bakery of Twin Falls",PV,42.5382,-114.410983,9rwgcr
"Simcoe Solar",PV,43.325088,-115.939035,9rwgcr
"Mt. Home Solar 1, LLC",PV,43.147282,-115.721926,9rwgcr
"Grand View Solar Two",PV,43.015967,-116.015811,9rwgcr
"Orchard Ranch Solar",PV,43.468911,-116.289494,9rwgcr
"Black Mesa Solar, LLC",PV,42.898192,-115.199159,9rwgcr
"ID Solar",PV,43.440923,-116.32853,9rwgcr
"American Falls Solar",PV,42.830953,-112.742728,9rx7st
"American Falls Solar II",PV,42.825716,-112.749122,9rx7st
"Davis Monthan AFB (AZ) West Airfield",PV,32.170516,-110.897011,9w01f3
"Mesquite Solar 5, LLC",PV,33.355906,-112.915082,9w01f3
"UASTP I",PV,32.099521,-110.811275,9w01f3
"Avalon Solar II",PV,32.042663,-110.959069,9w01f3
"Valencia Solar",PV,32.145812,-110.87957,9w01f3
"Tech Park Solar",PV,32.099647,-110.81571,9w01f3
"Mesa Solar Array",PV,33.345243,-111.601785,9w01f3
"RE Ajo 1, LLC",PV,32.365016,-112.831304,9w01f3
"Mesquite Solar 3, LLC",PV,33.340897,-112.950747,9w01f3
"Badger 1",PV,33.49817,-112.813276,9w01f3
"Gila Bend Hybrid",PV,32.948588,-112.769774,9w01f3
"Desert Star Hybrid",PV,33.144218,-112.661591,9w01f3
"Luke Solar",PV,33.52506,-112.382458,9w01f3
"Paloma Solar Hybrid",PV,33.020959,-112.661797,9w01f3
"Saddle Mountain Solar I",PV,33.381248,-113.18452,9w01f3
"Mesquite Solar 1",PV,33.345446,-112.923848,9w01f3
"Arlington Valley Solar Energy II",PV,33.298671,-112.827225,9w01f3
"Queen Creek Solar Farm",PV,33.268352,-111.613368,9w01f3
"Lake Pleasant WTP",PV,33.82314,-112.24089,9w01f3
"Mesquite Solar 2, LLC",PV,33.331271,-112.923389,9w01f3
"Cotton Center Solar Hybrid",PV,33.034607,-112.661625,9w01f3
"Gilbert Solar Facility I, LLC",PV,33.356339,-111.803663,9w01f3
"Sun Streams, LLC",PV,33.354277,-112.839341,9w01f3
"Cogenra-TEP",PV,32.101847,-110.813116,9w01f3
"Sun Streams 2",PV,33.319211,-112.816655,9w01f3
"FRB Solar Farm",PV,32.107057,-110.824225,9w01f3
"Prairie Fire",PV,32.117216,-110.819418,9w01f3
"Avra Valley Solar",PV,32.371832,-111.283242,9w01f3
"Picture Rocks Solar, LLC",PV,32.370827,-111.238244,9w01f3
"Avalon Solar",PV,32.03087,-110.958585,9w01f3
"Prescott Airport",PV,34.677792,-112.40593,9w01f3
"RE Bagdad Solar I, LLC",PV,34.587837,-113.175721,9w01f3
"Prescott Solar Plant",PV,34.689322,-112.402614,9w01f3
"Chino Solar Valley",PV,34.724115,-112.432264,9w01f3
"Rio Rico Solar",PV,31.494163,-111.006063,9w01f3
"East Line Solar",PV,32.831954,-111.573906,9w01f3
"Saint Solar",PV,32.85423,-111.502706,9w01f3
"Roger Road WWTP",PV,32.289889,-111.032982,9w01f3
"Walmart Casa Grande",PV,32.868853,-111.771846,9w01f3
"Red Rock",PV,32.554828,-111.280849,9w01f3
"Bonnybrooke PV",PV,33.051117,-111.340769,9w01f3
"Sandstone Solar",PV,33.041452,-111.451962,9w01f3
"Poseidon Solar, LLC",PV,33.158993,-111.481623,9w01f3
"Iron Horse Battery Storage Hybrid",PV,32.101778,-110.819001,9w01f3
"Gato Montes Solar, LLC",PV,32.105004,-110.822521,9w01f3
"Broadway 2 - Tucson Phase II",PV,32.242474,-111.258304,9w01f3
"Raptor Ridge",PV,32.141669,-110.883906,9w01f3
"Wilmot Energy Center, LLC",PV,32.034942,-110.898385,9w01f3
"Pinal Central Energy Center Hybrid",PV,32.875696,-111.546455,9w01f3
"Buckeye Union HS District 201",PV,33.417858,-112.574539,9w01f3
"Kayenta Solar Project",PV,36.787247,-110.2405,9w1wf0
"Apache Solar 1",PV,32.068285,-109.888694,9w1wf0
"Red Horse III",PV,32.268153,-110.151375,9w1wf0
"Sulphur Springs",PV,32.066676,-109.921281,9w1wf0
"Red Horse 2",PV,32.257451,-110.156832,9w1wf0
"Fort Huachuca Solar PV Project",PV,31.555551,-110.320155,9w1wf0
"Holloman Solar Facility",PV,32.921032,-106.07365,9w1zzg
"SunE EPE1, LLC",PV,32.03587,-106.336854,9w1zzg
"Otero Solar",PV,32.976818,-105.971754,9w1zzg
"Alamogordo Solar Energy Center",PV,32.866111,-106.000164,9w1zzg
"Newman Solar",PV,31.976693,-106.429706,9w1zzg
"City of Truth or Consequences PV",PV,33.12037,-107.290215,9w1zzg
"Columbus Solar Project",PV,31.867725,-107.589071,9w1zzg
"Fort Bliss (DEA EPIC)",PV,31.830723,-106.37295,9w1zzg
"Montana Solar Facility",PV,31.82018,-106.215198,9w1zzg
"Buena Vista Energy Center",PV,32.074682,-106.330553,9w1zzg
"Deming Solar Energy Center",PV,32.168645,-107.755631,9w1zzg
"Springerville",PV,34.294474,-109.27154,9w1zzg
"Macho Springs",PV,32.571177,-107.484685,9w1zzg
"SunE EPE2, LLC",PV,32.247934,-106.911337,9w1zzg
"Hatch Solar Energy Center I, LLC",PV,32.628623,-107.259863,9w1zzg
"Alta Luna",PV,32.569775,-107.468255,9w1zzg
"WSMR I",PV,32.395888,-106.476041,9w1zzg
"Roadrunner Solar",PV,31.803112,-106.670383,9w1zzg
"Silver City WWTP PV Project",PV,32.713045,-108.247714,9w1zzg
"Buckhorn Solar Plant",PV,38.022942,-112.73169,9wbmjr
"Greenville Solar Plant",PV,38.255972,-112.733195,9wbmjr
"Granite Peak Solar Plant",PV,38.402586,-112.98796,9wbmjr
"South Milford Solar Plant",PV,38.315789,-113.055263,9wbmjr
"Three Peaks Power",PV,37.828521,-113.128184,9wbmjr
"Milford 2",PV,38.384919,-112.983949,9wbmjr
"Sigurd Solar LLC",PV,38.839245,-112.011672,9wbmjr
"Granite Mountain Solar East, LLC",PV,37.770381,-113.223662,9wbmjr
"Enterprise Solar, LLC",PV,37.644379,-113.605565,9wbmjr
"Utah Red Hills Renewable Energy Park",PV,37.889661,-112.88916,9wbmjr
"Fiddler's Canyon #2",PV,37.733834,-113.252136,9wbmjr
"Cove Mountain Solar",PV,37.622616,-113.619905,9wbmjr
"Fiddler's Canyon #2",PV,37.793583,-113.284938,9wbmjr
"Granite Mountain Solar West, LLC",PV,37.78565,-113.280225,9wbmjr
"Quichapa 3",PV,37.649561,-113.241425,9wbmjr
"Beryl Solar Plant",PV,37.639133,-113.645298,9wbmjr
"Quichapa 2",PV,37.667926,-113.189969,9wbmjr
"Quichapa 1",PV,37.653467,-113.217567,9wbmjr
"Fiddler's Canyon #3",PV,37.731072,-113.219489,9wbmjr
"Fiddler's Canyon #1",PV,37.751759,-113.252052,9wbmjr
"Cedar Valley Solar Plant",PV,37.808244,-113.089112,9wbmjr
"Cove Mountain Solar 2",PV,37.635878,-113.63954,9wbmjr
"Milford Solar 1",PV,38.510653,-113.034401,9wbmjr
"Iron Springs Solar, LLC",PV,37.724927,-113.159433,9wbmjr
"Escalante Solar III, LLC",PV,38.50471,-112.987725,9wbmjr
"Escalante Solar II, LLC",PV,38.498494,-113.023345,9wbmjr
"Escalante Solar I, LLC",PV,38.523761,-113.034505,9wbmjr
"Milford Flat Solar Plant",PV,38.28921,-113.009231,9wbmjr
"Laho Solar Plant",PV,38.292719,-113.034944,9wbmjr
"Bluewater CDEC 1",PV,35.241876,-107.951872,9wdb95
"Grants CDEC 2",PV,35.141868,-107.820351,9wdb95
"Route 66 Energy Center, LLC",PV,35.091382,-107.612736,9wdb95
"Cibola",PV,35.255802,-107.248622,9wdb95
"City of Gallup Solar",PV,35.523792,-108.772724,9wdb95
"Red Mesa Solar Project",PV,37.121344,-109.411275,9we1bp
"SMPA Solar 1 Community Solar",PV,38.272479,-108.784235,9we1bp
"Syncarpha El Rito",PV,36.331185,-106.190017,9we1bp
"Cortez Solar 2, LLC",PV,37.375766,-108.613798,9we1bp
"Santa Fe Solar Energy Center",PV,35.56181,-106.084661,9we1bp
"Cuba 2.5ac, LLC",PV,36.017694,-106.945626,9we1bp
"Encino Solar Energy Center",PV,35.351205,-106.859923,9we1bp
"Rio Rancho High School",PV,35.266414,-106.666462,9we1bp
"Sue Cleveland High School",PV,35.312237,-106.638322,9we1bp
"Los Alamos PV Site",PV,35.876095,-106.310933,9we1bp
"Sandoval Solar Energy Center",PV,35.282857,-106.811036,9we1bp
"Carrizozo Solar",PV,33.61193,-105.749189,9we1bp
"Hayhurst New Mexico Solar",PV,32.071808,-104.162831,9we1bp
"SPS5 Hopi",PV,32.344036,-104.235371,9we1bp
"Alcalde Solar Array",PV,36.091437,-106.041373,9we1bp
"Cortez Solar 3, LLC",PV,37.303841,-108.578668,9we1bp
"Rio Communities Solar Energy Center",PV,34.637939,-106.702024,9we1bp
"Santolina Solar Energy Center",PV,35.012696,-106.861003,9we1bp
"Facebook 1 Solar Energy Center",PV,34.833568,-106.781415,9we1bp
"Vista Solar Energy Center",PV,34.741071,-106.657429,9we1bp
"Rio De Oro Solar Energy Center",PV,34.692096,-106.68709,9we1bp
"Meadow Lake Solar Energy Center",PV,34.809736,-106.517086,9we1bp
"Los Lunas Solar Energy Center",PV,34.832842,-106.772227,9we1bp
"CNMEC Solar Energy Center",PV,34.780886,-106.055866,9we1bp
"Britton Solar Energy Center",PV,35.016505,-106.097148,9we1bp
"South Valley Solar Energy Center",PV,34.985493,-106.73097,9we1bp
"Facebook 2 Solar Energy Center",PV,35.07915,-106.864956,9we1bp
"Cortez Solar 1, LLC",PV,37.360783,-108.524225,9we1bp
"Albuquerque Solar Energy Center",PV,35.168929,-106.600068,9we1bp
"City of Rio Rancho WWTP",PV,35.181566,-106.8107,9we1bp
"RC Energy AA, LLC Solar Facility",PV,35.152623,-106.54712,9we1bp
"Eubank Landfill Solar Array",PV,35.048353,-106.529276,9we1bp
"Facebook 3 Solar Energy Center",PV,35.075381,-106.864677,9we1bp
"Manzano Solar",PV,34.746459,-106.65424,9we1bp
"Oak Leaf Solar XXVI, LLC",PV,39.900919,-104.65987,9wve62
"Airport 1 Solar (DIA)",PV,39.902087,-104.673424,9wve62
"Oak Leaf Solar XVIII, LLC",PV,39.897466,-104.665644,9wve62
"DIA 8",PV,39.902015,-104.665053,9wve62
"Denver Int Airport",PV,39.838186,-104.672815,9wve62
"Pikes Peak Solar Garden 1, LLC (CSG)",PV,38.773243,-104.745628,9wve62
"Clear Spring Ranch PV Project",PV,38.601802,-104.693851,9wve62
"Grazing Yak Solar",PV,38.972311,-104.252782,9wve62
"Carson Solar I",PV,38.723262,-104.78253,9wve62
"Denver Intl Airport IV Solar",PV,39.898897,-104.665092,9wve62
"Palmer Solar",PV,38.632448,-104.662188,9wve62
"Fremont CO 1, LLC",PV,38.465877,-105.213344,9wve62
"Oak Leaf Solar XXIII, LLC (CSG)",PV,39.804353,-104.617114,9wve62
"AFA Solar Farm",PV,38.956966,-104.80653,9wve62
"City & County of Denver at Denver Int'l",PV,39.902944,-104.659383,9wve62
"Oak Leaf Solar XXIV LLC (CSG)",PV,39.654044,-104.531178,9wve62
"San Luis Solar Garden",PV,37.071093,-106.005206,9wve62
"Greater Sandhill I",PV,37.687956,-105.884814,9wve62
"Cogentrix of Alamosa",PV,37.598777,-105.949741,9wve62
"Adams Community Solar Garden, LLC",PV,39.787411,-104.58607,9wve62
"Venture 4-1D",PV,39.750282,-104.665633,9wve62
"San Luis Valley Solar Ranch",PV,37.694179,-105.919808,9wve62
"Hooper Solar",PV,37.69455,-105.982548,9wve62
"Oak Leaf Solar XXX, LLC (CSG)",PV,37.457394,-105.882952,9wve62
"Rock Creek 2 (CSG)",PV,37.393788,-105.906961,9wve62
"Venture 3-1C",PV,39.750188,-104.667715,9wve62
"Alamosa Solar South (CSG)",PV,37.452403,-105.860411,9wve62
"SunE Alamosa",PV,37.689082,-105.876249,9wve62
"Titan Solar",PV,39.690974,-104.013601,9wve62
"Quincy II Solar Garden",PV,39.636689,-104.657848,9wve62
"Oak Leaf Solar XXI (CSG)",PV,39.639173,-104.555793,9wve62
"Oak Leaf Solar XXV, LLC (CSG)",PV,39.640618,-104.555427,9wve62
"Quincy Solar",PV,39.640302,-104.558777,9wve62
"Arapahoe 3 Community Solar Array",PV,39.636331,-104.64621,9wve62
"Oak Leaf Solar XXII, LLC (CSG)",PV,39.650615,-104.53314,9wve62
"Pioneer Solar (CO), LLC",PV,39.761716,-104.458695,9wve62
"Vilas Solar Array",PV,37.385521,-102.467347,9wve62
"Venture 2",PV,39.752213,-104.665561,9wve62
"Venture 1-1A (CSG)",PV,39.752219,-104.667713,9wve62
"Mtn. Solar 2",PV,39.767444,-104.589653,9wve62
"Mtn. Solar 1",PV,39.776796,-104.587166,9wve62
"Oak Leaf Solar XXXIII, LLC (Lantz)",PV,38.53648,-106.076975,9wve62
"Trout Creek Solar",PV,38.815252,-106.110489,9wve62
"Conejos 1 Community Solar Array",PV,37.190611,-105.985139,9wve62
"NSE Camber BH (CSG) 2, LLC",PV,38.210049,-103.745899,9wve62
"Jeffco Community Solar Gardens, LLC",PV,39.859749,-105.151323,9wve62
"Thunder Wolf Energy Center Hybrid",PV,38.17076,-104.382369,9wve62
"Denver Metro Solar",PV,39.759961,-104.620979,9wve62
"Mtn. Solar 4 (CSG)",PV,39.727794,-105.113145,9wve62
"Adams Community Solar Garden III, LLC",PV,39.786294,-104.586794,9wve62
"Victory Solar, LLC",PV,39.791641,-104.436974,9wve62
"Brighton PV Solar Plant",PV,39.982696,-104.940987,9wve62
"Chaves Solar, LLC",PV,33.447614,-104.443634,9wve62
"Roswell Solar, LLC",PV,33.447124,-104.458039,9wve62
"GSE NM1",PV,33.162709,-104.385355,9wve62
"SEV NM Phase 2",PV,33.349104,-104.538789,9wve62
"Chaves County Solar II",PV,33.431578,-104.431938,9wve62
"Cimarron Solar Facility",PV,36.468454,-104.635073,9wve62
"Springer Solar 1",PV,36.398695,-104.593854,9wve62
"Syncarpha Eagle Nest",PV,36.544505,-105.276861,9wve62
"Angel Fire Energy Facility",PV,36.416699,-105.283209,9wve62
"Taos Mesa Energy Facility Hybrid",PV,36.449861,-105.633393,9wve62
"Questa Solar Facility",PV,36.716712,-105.606897,9wve62
"Syncarpha Questa",PV,36.810425,-105.589561,9wve62
"Syncarpha Taos",PV,36.370665,-105.659604,9wve62
"Kit Carson",PV,36.966254,-105.437427,9wve62
"Las Vegas Solar Energy Center",PV,35.64472,-105.207287,9wve62
"Storrie Lake Solar Project",PV,35.658415,-105.183747,9wve62
"San Miguel I Solar Energy Center",PV,35.634292,-105.176008,9wve62
"Monte Vista Solar 2 (CSG), LLC",PV,37.571985,-106.10059,9wve62
"Xcel Adams 2 Community Solar Array",PV,39.789073,-104.585256,9wve62
"San Luis Valley Solar Array",PV,37.769578,-106.212517,9wve62
"Sun Mountain Solar 1",PV,38.172666,-104.524334,9wve62
"Xcel Adams 1 Community Solar Array",PV,39.76562,-104.590567,9wve62
"CO LI (CSG) 1-Kamerra",PV,39.784874,-104.585485,9wve62
"San Isabel Solar, LLC",PV,37.371622,-104.478163,9wve62
"Neptune Energy Center Hybrid",PV,38.332226,-104.418572,9wve62
"Mtn. Solar 3 (CSG)",PV,40.280244,-103.617962,9wve62
"Pivot Solar 14, LLC (CSG)",PV,40.266937,-103.657805,9wve62
"Pivot Solar 2, LLC (CSG)",PV,40.266924,-103.655512,9wve62
"Imboden Solar Garden",PV,39.789177,-104.59235,9wve62
"Comanche Solar",PV,38.207899,-104.56281,9wve62
"Bighorn Solar 1",PV,38.192553,-104.599097,9wve62
"CSU Pueblo",PV,38.314894,-104.572965,9wve62
"Pivot Solar 15, LLC (CSG)",PV,40.266967,-103.653782,9wve62
"Hunter Solar, LLC (UT)",PV,39.134796,-111.054509,9x0gc5
"Graphite Solar I",PV,39.552603,-110.709456,9x0gc5
"Weber State University-Davis Campus PV",PV,41.096753,-111.980479,9x0ryy
"Sage Solar I-III",PV,41.766904,-111.059801,9x3mfn
"Mesa (CSG) 1 Murdock",PV,39.110487,-108.653259,9x47er
"Oak Leaf Solar XXXI, LLC (CSG)",PV,39.145913,-108.319562,9x47er
"Mesa (CSG) 2 Massicotte",PV,39.047695,-108.418758,9x47er
"Bonanza",PV,40.077175,-109.293548,9x47er
"Mesa PV1",PV,39.067604,-108.509272,9x47er
"Eagle Springs Solar, LLC",PV,39.525985,-107.695999,9x5w98
"Sunnyside Ranch Community Solar Array",PV,39.412647,-107.158285,9x5w98
"Oak Leaf Solar XXXII (CSG)",PV,39.523024,-107.815255,9x5w98
"Pivot Solar 7, LLC (CSG)",PV,39.521717,-107.815648,9x5w98
"Pivot Solar 3, LLC (CSG)",PV,39.413769,-108.089851,9x5w98
"Ameresco HCE Solar, LLC",PV,39.465908,-107.229623,9x5w98
"Pitkin County Solar",PV,39.246108,-106.875365,9x5w98
"WWRF Solar Plant",PV,39.522893,-107.813376,9x5w98
"Sweetwater Solar",PV,41.627042,-109.685016,9x6z6m
"Oak Leaf Solar XXVIII, LLC (CSG)",PV,40.237852,-104.780055,9xkgmv
"SR Skylark B",PV,40.580223,-104.895326,9xkgmv
"Weld 1 Community Solar Array",PV,40.231259,-104.787508,9xkgmv
"SR Kersey",PV,40.385688,-104.549402,9xkgmv
"Oak Leaf Solar XXVII, LLC",PV,40.426297,-104.643874,9xkgmv
"Gilcrest Solar",PV,40.288267,-104.785011,9xkgmv
"SR Kersey II",PV,40.387658,-104.550976,9xkgmv
"Platteville Solar (CSG), LLC",PV,40.228276,-104.775107,9xkgmv
"Alden Solar (CSG), LLC",PV,40.456177,-104.57949,9xkgmv
"Gilcrest V (CSG)",PV,40.31736,-104.77195,9xkgmv
"Skylark",PV,40.577604,-104.895845,9xkgmv
"SR Platte Solar Farm",PV,40.178609,-104.690618,9xkgmv
"SR Rattlesnake",PV,40.187472,-104.693663,9xkgmv
"SR Skylark C",PV,40.578801,-104.896745,9xkgmv
"Pivot Solar 4, LLC (CSG)",PV,40.228182,-104.777764,9xkgmv
"Pivot Solar 8, LLC (CSG)",PV,40.240412,-104.770876,9xkgmv
"NSE Camber Solar PS6, LLC CSG",PV,40.258463,-104.824908,9xkgmv
"NSE Camber Solar PS5, LLC (CSG)",PV,40.248779,-104.840389,9xkgmv
"Valley View Solar",PV,40.419889,-104.894368,9xkgmv
"SR Mavericks",PV,40.22918,-105.029706,9xkgmv
"Rawhide Prairie Solar Hybrid",PV,40.843358,-105.015716,9xkgmv
"Lafayette Horizon Solar (CSG), LLC",PV,39.982061,-105.061174,9xkgmv
"IBM Solar",PV,40.091008,-105.19086,9xkgmv
"Tom Sifers Solar",PV,39.959937,-105.846908,9xkgmv
"Whiskey Hill Solar",PV,40.812769,-106.289275,9xkgmv
"Bison Solar, LLC",PV,40.865239,-105.013023,9xkgmv
"RV CSU Power, LLC",PV,40.591195,-105.146341,9xkgmv
"RV CSU Power II, LLC",PV,40.592789,-105.147513,9xkgmv
"Coyote Ridge Community Solar",PV,40.500535,-105.132059,9xkgmv
"Sterling PV 3",PV,40.631871,-103.195556,9xkgmv
"Logan 1 Community Solar Array",PV,40.613489,-103.150392,9xkgmv
"City of Boulder WWTP",PV,40.048036,-105.180797,9xkgmv
"Riverview Solar",PV,40.666159,-103.131711,9xkgmv
"NSE Camber Solar PS11, LLC (CSG)",PV,40.615154,-103.233934,9xkgmv
"Mtn Solar 6, LLC (CSG)",PV,40.61415,-103.233884,9xkgmv
"Pivot Solar 12, LLC (CSG)",PV,40.612042,-103.233626,9xkgmv
"NSE Camber Solar PS13, LLC (CSG)",PV,40.614964,-103.155755,9xkgmv
"SR Jenkins Ft Lupton",PV,40.083582,-104.74621,9xkgmv
"Jack's Solar Garden",PV,40.122748,-105.129801,9xkgmv
"Montague Solar",PV,45.539739,-120.180952,c245ue
"WyEast Solar",PV,45.587263,-120.595798,c245ue
"Wheatridge Hybrid",PV,45.563623,-119.611107,c26crp
"Camas Solar Project",PV,46.956129,-120.504644,c26crp
"Adams Nielson Solar",PV,46.98453,-118.615434,c26crp
"Horn Rapids Solar, Storage and Training",PV,46.357566,-119.320144,c26crp
"Penstemon Solar Project",PV,46.961193,-120.481156,c26crp
"NorWest Energy 9, LLC",PV,45.68081,-118.850601,c26crp
"Apex Solar",PV,45.232677,-112.753313,c2r8x7
"Green Meadow Solar, LLC",PV,46.696436,-112.065806,c2r8x7
"Great Divide Solar, LLC",PV,46.807779,-112.251318,c2r8x7
"Black Eagle Solar, LLC",PV,47.547642,-111.249975,c82vu4
"Magpie Solar, LLC",PV,46.291802,-108.935194,c82vu4
"River Bend Solar, LLC",PV,45.704084,-109.565342,c82vu4
"South Mills Solar, LLC",PV,45.728739,-107.635556,c8h5zm
"MTSUN",PV,45.875823,-108.655325,c8h5zm
