,G0800250
metadata_index,60958
upgrade,0
weight,1.8706521585294562
in.sqft,3000.0
calc.weighted.sqft,5611.956475588368
in.upgrade_name,Baseline
applicability,True
in.building_america_climate_zone,Cold
in.cambium_grid_region,RMPAc
in.census_division_name,Mountain
in.census_region_name,West
in.cluster_id,8.0
in.cluster_name,Colorado Eastern Plains
in.county_name,"CO, Crowley County"
in.iso_rto_region,None
in.nhgis_puma_gisjoin,G08000100
in.nhgis_tract_gisjoin,G0800250969600
in.reeds_balancing_area,34.0
in.state,CO
in.state_name,Colorado
in.airtightness..m3_per_m2_s,10.0
in.ashrae_iecc_climate_zone_2006,5B
in.aspect_ratio,1
in.building_subtype,strip_mall_restaurant0
in.cejst_is_disadvantaged,True
in.comstock_building_type,RetailStripmall
in.comstock_building_type_group,Mercantile
in.economizer_changeover_temperature_fault_applicable,False
in.economizer_damper_stuck_fault_applicable,False
in.economizer_damper_stuck_fault_timing,No fault
in.ejscreen_census_tract_percentile_for_demographic_index,69.2912348949
in.ejscreen_census_tract_percentile_for_less_than_hs_educ,70.448223109
in.ejscreen_census_tract_percentile_for_low_income,83.1766806276
in.ejscreen_census_tract_percentile_for_people_in_ling_isol,38.2767659381
in.ejscreen_census_tract_percentile_for_people_of_color,57.1514191118
in.ejscreen_census_tract_percentile_for_people_over_64,39.4230373125
in.ejscreen_census_tract_percentile_percent_people_under_5,9.0568738237
in.energy_code_followed_during_last_ext_lighting_replacement,ComStock DOE Ref 1980-2004
in.energy_code_followed_during_last_hvac_replacement,ComStock 90.1-2007
in.energy_code_followed_during_last_int_equipment_replacement,ComStock DOE Ref 1980-2004
in.energy_code_followed_during_last_roof_replacement,ComStock DOE Ref Pre-1980
in.energy_code_followed_during_last_svc_water_htg_replacement,ComStock 90.1-2007
in.energy_code_followed_during_last_walls_replacement,ComStock DOE Ref Pre-1980
in.energy_code_followed_during_original_building_construction,ComStock DOE Ref Pre-1980
in.floor_area_category,1001_5000
in.heating_fuel,NaturalGas
in.hvac_category,Small Packaged Unit
in.hvac_combined_type,Central Single-zone RTU_Furnace_DX
in.hvac_cool_type,DX
in.hvac_heat_type,Furnace
in.hvac_night_variability,night_fancycle_vent
in.hvac_system_type,PSZ-AC with gas coil
in.hvac_vent_type,Central Single-zone RTU
in.interior_lighting_generation,gen2_t8_halogen
in.number_of_stories,1
in.number_stories,1
in.ownership_type,leased
in.party_responsible_for_operation,building_owner_or_tenant
in.purchase_input_responsibility,other
in.rotation..degrees,135
in.service_water_heating_fuel,NaturalGas
in.tstat_clg_delta_f..delta_f,6
in.tstat_clg_sp_f..f,73
in.tstat_htg_delta_f..delta_f,0
in.tstat_htg_sp_f..f,68
in.vintage,Before 1946
in.wall_construction_type,Mass
in.weather_file_2018,USA_CO_La.Junta.Muni.724635_2018.epw
in.weather_file_tmy3,La_Junta_Municipal_Ap
in.weekday_opening_time..hr,6.5
in.weekday_operating_hours..hr,14.5
in.weekend_opening_time..hr,12.25
in.weekend_operating_hours..hr,7.75
in.window_to_wall_ratio_category,11_25pct
in.window_type,Single - No LowE - Tinted/Reflective - Wood
in.year_built,1889
out.district_cooling.cooling.energy_consumption,0.0
out.district_cooling.cooling.energy_savings,0.0
out.district_cooling.total.energy_consumption,0.0
out.district_cooling.total.energy_savings,0.0
out.district_heating.cooling.energy_consumption,0.0
out.district_heating.cooling.energy_savings,0.0
out.district_heating.heating.energy_consumption,0.0
out.district_heating.heating.energy_savings,0.0
out.district_heating.total.energy_consumption,0.0
out.district_heating.total.energy_savings,0.0
out.district_heating.water_systems.energy_consumption,0.0
out.district_heating.water_systems.energy_savings,0.0
out.electricity.cooling.energy_consumption,14063.888888888889
out.electricity.cooling.energy_savings,0.0
out.electricity.exterior_lighting.energy_consumption,8036.111111111111
out.electricity.exterior_lighting.energy_savings,0.0
out.electricity.fans.energy_consumption,18166.666666666668
out.electricity.fans.energy_savings,0.0
out.electricity.heat_recovery.energy_consumption,0.0
out.electricity.heat_recovery.energy_savings,0.0
out.electricity.heat_rejection.energy_consumption,0.0
out.electricity.heat_rejection.energy_savings,0.0
out.electricity.heating.energy_consumption,0.0
out.electricity.heating.energy_savings,0.0
out.electricity.interior_equipment.energy_consumption,6847.222222222222
out.electricity.interior_equipment.energy_savings,0.0
out.electricity.interior_lighting.energy_consumption,17033.333333333332
out.electricity.interior_lighting.energy_savings,0.0
out.electricity.pumps.energy_consumption,0.0
out.electricity.pumps.energy_savings,0.0
out.electricity.refrigeration.energy_consumption,0.0
out.electricity.refrigeration.energy_savings,0.0
out.electricity.total.apr.energy_consumption..kwh,4579.160243025603
out.electricity.total.aug.energy_consumption..kwh,6836.627766632783
out.electricity.total.dec.energy_consumption..kwh,4454.606529093028
out.electricity.total.energy_consumption,64147.222222222226
out.electricity.total.energy_savings,0.0
out.electricity.total.feb.energy_consumption..kwh,4010.9058102602767
out.electricity.total.jan.energy_consumption..kwh,4496.9084278125265
out.electricity.total.jul.energy_consumption..kwh,7213.113292745732
out.electricity.total.jun.energy_consumption..kwh,6853.014281644956
out.electricity.total.mar.energy_consumption..kwh,4549.568298142705
out.electricity.total.may.energy_consumption..kwh,5972.868262951084
out.electricity.total.nov.energy_consumption..kwh,4318.335911296701
out.electricity.total.oct.energy_consumption..kwh,4787.990739169524
out.electricity.total.sep.energy_consumption..kwh,6074.726668563473
out.electricity.water_systems.energy_consumption,0.0
out.electricity.water_systems.energy_savings,0.0
out.natural_gas.cooling.energy_savings,0.0
out.natural_gas.heating.energy_consumption,28786.111111111106
out.natural_gas.heating.energy_savings,0.0
out.natural_gas.interior_equipment.energy_consumption,0.0
out.natural_gas.interior_equipment.energy_savings,0.0
out.natural_gas.total.energy_consumption,38724.99999999999
out.natural_gas.total.energy_savings,0.0
out.natural_gas.water_systems.energy_consumption,9941.666666666666
out.natural_gas.water_systems.energy_savings,0.0
out.other_fuel.cooling.energy_consumption,0.0
out.other_fuel.cooling.energy_savings,0.0
out.other_fuel.heating.energy_consumption,0.0
out.other_fuel.heating.energy_savings,0.0
out.other_fuel.interior_equipment.energy_savings,0.0
out.other_fuel.total.energy_consumption,0.0
out.other_fuel.total.energy_savings,0.0
out.other_fuel.water_systems.energy_consumption,0.0
out.other_fuel.water_systems.energy_savings,0.0
out.site_energy.total.energy_consumption,102872.2222222222
out.site_energy.total.energy_savings,0.0
out.electricity.total.peak_demand,20.01857
out.district_cooling.cooling.energy_consumption_intensity,0.0
out.district_cooling.cooling.energy_savings_intensity,0.0
out.district_cooling.total.energy_consumption_intensity,0.0
out.district_cooling.total.energy_savings_intensity,0.0
out.district_heating.cooling.energy_consumption_intensity,0.0
out.district_heating.cooling.energy_savings_intensity,0.0
out.district_heating.heating.energy_consumption_intensity,0.0
out.district_heating.heating.energy_savings_intensity,0.0
out.district_heating.total.energy_consumption_intensity,0.0
out.district_heating.total.energy_savings_intensity,0.0
out.district_heating.water_systems.energy_consumption_intensity,0.0
out.district_heating.water_systems.energy_savings_intensity,0.0
out.electricity.cooling.energy_consumption_intensity,4.687962962962963
out.electricity.cooling.energy_savings_intensity,0.0
out.electricity.exterior_lighting.energy_consumption_intensity,2.678703703703704
out.electricity.exterior_lighting.energy_savings_intensity,0.0
out.electricity.fans.energy_consumption_intensity,6.055555555555556
out.electricity.fans.energy_savings_intensity,0.0
out.electricity.heat_recovery.energy_consumption_intensity,0.0
out.electricity.heat_recovery.energy_savings_intensity,0.0
out.electricity.heat_rejection.energy_consumption_intensity,0.0
out.electricity.heat_rejection.energy_savings_intensity,0.0
out.electricity.heating.energy_consumption_intensity,0.0
out.electricity.heating.energy_savings_intensity,0.0
out.electricity.interior_equipment.energy_consumption_intensity,2.2824074074074074
out.electricity.interior_equipment.energy_savings_intensity,0.0
out.electricity.interior_lighting.energy_consumption_intensity,5.677777777777777
out.electricity.interior_lighting.energy_savings_intensity,0.0
out.electricity.pumps.energy_consumption_intensity,0.0
out.electricity.pumps.energy_savings_intensity,0.0
out.electricity.refrigeration.energy_consumption_intensity,0.0
out.electricity.refrigeration.energy_savings_intensity,0.0
out.electricity.total.energy_consumption_intensity,21.38240740740741
out.electricity.total.energy_savings_intensity,0.0
out.electricity.water_systems.energy_consumption_intensity,0.0
out.electricity.water_systems.energy_savings_intensity,0.0
out.natural_gas.cooling.energy_consumption_intensity,0.0
out.natural_gas.cooling.energy_savings_intensity,0.0
out.natural_gas.heating.energy_consumption_intensity,9.595370370370368
out.natural_gas.heating.energy_savings_intensity,0.0
out.natural_gas.interior_equipment.energy_consumption_intensity,0.0
out.natural_gas.interior_equipment.energy_savings_intensity,0.0
out.natural_gas.total.energy_consumption_intensity,12.908333333333331
out.natural_gas.total.energy_savings_intensity,0.0
out.natural_gas.water_systems.energy_consumption_intensity,3.3138888888888887
out.natural_gas.water_systems.energy_savings_intensity,0.0
out.other_fuel.cooling.energy_consumption_intensity,0.0
out.other_fuel.cooling.energy_savings_intensity,0.0
out.other_fuel.heating.energy_consumption_intensity,0.0
out.other_fuel.heating.energy_savings_intensity,0.0
out.other_fuel.interior_equipment.energy_consumption_intensity,0.0
out.other_fuel.interior_equipment.energy_savings_intensity,0.0
out.other_fuel.total.energy_consumption_intensity,0.0
out.other_fuel.total.energy_savings_intensity,0.0
out.other_fuel.water_systems.energy_consumption_intensity,0.0
out.other_fuel.water_systems.energy_savings_intensity,0.0
out.site_energy.total.energy_consumption_intensity,34.29074074074074
out.site_energy.total.energy_savings_intensity,0.0
out.qoi.maximum_daily_peak_apr..kw,13.363177996103646
out.qoi.maximum_daily_peak_aug..kw,17.120915647267086
out.qoi.maximum_daily_peak_dec..kw,9.392638176070697
out.qoi.maximum_daily_peak_feb..kw,9.701385909011679
out.qoi.maximum_daily_peak_jan..kw,9.804889399456954
out.qoi.maximum_daily_peak_jul..kw,18.560032270128126
out.qoi.maximum_daily_peak_jun..kw,19.88982130947642
out.qoi.maximum_daily_peak_mar..kw,11.31264683728406
out.qoi.maximum_daily_peak_may..kw,18.86065644050348
out.qoi.maximum_daily_peak_nov..kw,9.714282276917519
out.qoi.maximum_daily_peak_oct..kw,15.316516848816255
out.qoi.maximum_daily_peak_sep..kw,17.31122165114898
out.qoi.maximum_daily_timing_shoulder_hour..hr,15.476923076923077
out.qoi.maximum_daily_timing_summer_hour..hr,14.466666666666667
out.qoi.maximum_daily_timing_winter_hour..hr,17.33888888888889
out.qoi.maximum_daily_use_shoulder..kw,11.80530158514786
out.qoi.maximum_daily_use_shoulder_intensity..w_per_ft2,3.93510052838262
out.qoi.maximum_daily_use_summer..kw,16.032262454297538
out.qoi.maximum_daily_use_summer_intensity..w_per_ft2,5.344087484765845
out.qoi.maximum_daily_use_winter..kw,9.422119190519304
out.qoi.maximum_daily_use_winter_intensity..w_per_ft2,3.140706396839768
out.qoi.median_daily_peak_apr..kw,10.00506480841204
out.qoi.median_daily_peak_aug..kw,15.627656250877669
out.qoi.median_daily_peak_dec..kw,9.35873328335414
out.qoi.median_daily_peak_feb..kw,9.357149278989676
out.qoi.median_daily_peak_jan..kw,9.35873328335414
out.qoi.median_daily_peak_jul..kw,16.304337340532594
out.qoi.median_daily_peak_jun..kw,16.200524515123554
out.qoi.median_daily_peak_mar..kw,9.582997937154737
out.qoi.median_daily_peak_may..kw,13.390367764959741
out.qoi.median_daily_peak_nov..kw,9.35873328335417
out.qoi.median_daily_peak_oct..kw,9.996389053582215
out.qoi.median_daily_peak_sep..kw,14.183500288660579
out.qoi.median_daily_peak_timing_apr..hr,18.0
out.qoi.median_daily_peak_timing_aug..hr,15.0
out.qoi.median_daily_peak_timing_dec..hr,17.0
out.qoi.median_daily_peak_timing_feb..hr,18.0
out.qoi.median_daily_peak_timing_jan..hr,17.0
out.qoi.median_daily_peak_timing_jul..hr,14.0
out.qoi.median_daily_peak_timing_jun..hr,15.0
out.qoi.median_daily_peak_timing_mar..hr,18.0
out.qoi.median_daily_peak_timing_may..hr,15.0
out.qoi.median_daily_peak_timing_nov..hr,17.0
out.qoi.median_daily_peak_timing_oct..hr,17.0
out.qoi.median_daily_peak_timing_sep..hr,14.0
out.qoi.minimum_daily_peak_apr..kw,8.3867356071859
out.qoi.minimum_daily_peak_aug..kw,13.26974694396573
out.qoi.minimum_daily_peak_dec..kw,9.264019948086283
out.qoi.minimum_daily_peak_feb..kw,9.26236645902375
out.qoi.minimum_daily_peak_jan..kw,9.264019948086279
out.qoi.minimum_daily_peak_jul..kw,13.04976782770929
out.qoi.minimum_daily_peak_jun..kw,12.771828458958586
out.qoi.minimum_daily_peak_mar..kw,9.23199260224865
out.qoi.minimum_daily_peak_may..kw,9.506405440399021
out.qoi.minimum_daily_peak_nov..kw,9.264019948086284
out.qoi.minimum_daily_peak_oct..kw,9.231992602248656
out.qoi.minimum_daily_peak_sep..kw,9.349203970958639
out.qoi.minimum_daily_use_shoulder..kw,2.1714823229597116
out.qoi.minimum_daily_use_shoulder_intensity..w_per_ft2,0.7238274409865705
out.qoi.minimum_daily_use_summer..kw,2.235943048917855
out.qoi.minimum_daily_use_summer_intensity..w_per_ft2,0.7453143496392849
out.qoi.minimum_daily_use_winter..kw,2.5199644816682403
out.qoi.minimum_daily_use_winter_intensity..w_per_ft2,0.83998816055608
out.qoi.q1_daily_peak_apr..kw,9.248044359004094
out.qoi.q1_daily_peak_aug..kw,14.933866496035616
out.qoi.q1_daily_peak_dec..kw,9.267744513749502
out.qoi.q1_daily_peak_feb..kw,9.357149278989676
out.qoi.q1_daily_peak_jan..kw,9.35873328335414
out.qoi.q1_daily_peak_jul..kw,15.693899345833287
out.qoi.q1_daily_peak_jun..kw,15.409108568629337
out.qoi.q1_daily_peak_mar..kw,9.35605447370795
out.qoi.q1_daily_peak_may..kw,12.380891313283135
out.qoi.q1_daily_peak_nov..kw,9.295216176102732
out.qoi.q1_daily_peak_oct..kw,9.364981056973063
out.qoi.q1_daily_peak_sep..kw,12.622774780409149
out.qoi.q3_daily_peak_apr..kw,11.344760224742394
out.qoi.q3_daily_peak_aug..kw,16.301051220773438
out.qoi.q3_daily_peak_dec..kw,9.35873328335414
out.qoi.q3_daily_peak_feb..kw,9.38163739639354
out.qoi.q3_daily_peak_jan..kw,9.371979568761898
out.qoi.q3_daily_peak_jul..kw,17.54517251222891
out.qoi.q3_daily_peak_jun..kw,18.08658647669432
out.qoi.q3_daily_peak_mar..kw,10.197012703354169
out.qoi.q3_daily_peak_may..kw,14.767781221875243
out.qoi.q3_daily_peak_nov..kw,9.459837440643716
out.qoi.q3_daily_peak_oct..kw,10.8377600161844
out.qoi.q3_daily_peak_sep..kw,16.34410007817805
out.emissions.electricity.aer_95_decarb_by_2035_from_2023..co2e_kg,38035.35091704448
out.emissions.electricity.aer_95_decarb_by_2050_from_2023..co2e_kg,38035.35091704448
out.emissions.electricity.aer_high_re_cost_from_2023..co2e_kg,38083.43333373611
out.emissions.electricity.aer_low_re_cost_from_2023..co2e_kg,37903.71273682618
out.emissions.electricity.aer_mid_case_from_2023..co2e_kg,38083.295193628015
out.emissions.electricity.cooling.aer_95_decarb_by_2035_from_2023..co2e_kg,9037.197584210759
out.emissions.electricity.cooling.aer_95_decarb_by_2050_from_2023..co2e_kg,9037.197584210759
out.emissions.electricity.cooling.aer_high_re_cost_from_2023..co2e_kg,9056.533059297779
out.emissions.electricity.cooling.aer_low_re_cost_from_2023..co2e_kg,9002.152943391835
out.emissions.electricity.cooling.aer_mid_case_from_2023..co2e_kg,9043.496801892701
out.emissions.electricity.cooling.egrid_2018_state..co2e_kg,8749.073184159948
out.emissions.electricity.cooling.egrid_2018_subregion..co2e_kg,8178.552742144529
out.emissions.electricity.cooling.egrid_2019_state..co2e_kg,8491.986182036457
out.emissions.electricity.cooling.egrid_2019_subregion..co2e_kg,7978.284283359544
out.emissions.electricity.cooling.egrid_2020_state..co2e_kg,7778.49430994963
out.emissions.electricity.cooling.egrid_2020_subregion..co2e_kg,7347.091895785039
out.emissions.electricity.cooling.egrid_2021_state..co2e_kg,7812.41573313971
out.emissions.electricity.cooling.egrid_2021_subregion..co2e_kg,7440.319986263997
out.emissions.electricity.cooling.lrmer_95_decarb_by_2035_15_2023_start..co2e_kg,632.4693509333918
out.emissions.electricity.cooling.lrmer_95_decarb_by_2035_15_2025_start..co2e_kg,2065.626198245858
out.emissions.electricity.cooling.lrmer_95_decarb_by_2035_25_2025_start..co2e_kg,1511.2884644088333
out.emissions.electricity.cooling.lrmer_95_decarb_by_2035_30_2023_start..co2e_kg,385.26672982453977
out.emissions.electricity.cooling.lrmer_95_decarb_by_2050_15_2023_start..co2e_kg,2121.8264712090313
out.emissions.electricity.cooling.lrmer_95_decarb_by_2050_30_2023_start..co2e_kg,1658.2807766193166
out.emissions.electricity.cooling.lrmer_high_re_cost_15_2023_start..co2e_kg,3916.342928350024
out.emissions.electricity.cooling.lrmer_high_re_cost_30_2023_start..co2e_kg,3255.585192640067
out.emissions.electricity.cooling.lrmer_low_re_cost_15_2023_start..co2e_kg,1176.984310288095
out.emissions.electricity.cooling.lrmer_low_re_cost_15_2025_start..co2e_kg,1478.7001150731453
out.emissions.electricity.cooling.lrmer_low_re_cost_25_2025_start..co2e_kg,1546.5952458137847
out.emissions.electricity.cooling.lrmer_low_re_cost_30_2023_start..co2e_kg,1105.0114424395288
out.emissions.electricity.cooling.lrmer_mid_case_15_2023_start..co2e_kg,1937.2323348544935
out.emissions.electricity.cooling.lrmer_mid_case_15_2025_start..co2e_kg,3313.6661326839876
out.emissions.electricity.cooling.lrmer_mid_case_25_2025_start..co2e_kg,2959.404950584533
out.emissions.electricity.cooling.lrmer_mid_case_30_2023_start..co2e_kg,1979.40430542379
out.emissions.electricity.egrid_2018_state..co2e_kg,39902.70424835747
out.emissions.electricity.egrid_2018_subregion..co2e_kg,37300.67909824217
out.emissions.electricity.egrid_2019_state..co2e_kg,38730.183868667045
out.emissions.electricity.egrid_2019_subregion..co2e_kg,36387.29628466146
out.emissions.electricity.egrid_2020_state..co2e_kg,35476.09574342054
out.emissions.electricity.egrid_2020_subregion..co2e_kg,33508.55900185996
out.emissions.electricity.egrid_2021_state..co2e_kg,35630.80430382985
out.emissions.electricity.egrid_2021_subregion..co2e_kg,33933.752944545915
out.emissions.electricity.enduse_group.hvac.aer_95_decarb_by_2035_from_2023..co2e_kg,19611.034516704232
out.emissions.electricity.enduse_group.hvac.aer_95_decarb_by_2050_from_2023..co2e_kg,19611.034516704232
out.emissions.electricity.enduse_group.hvac.aer_high_re_cost_from_2023..co2e_kg,19649.8678002621
out.emissions.electricity.enduse_group.hvac.aer_low_re_cost_from_2023..co2e_kg,19539.06442760456
out.emissions.electricity.enduse_group.hvac.aer_mid_case_from_2023..co2e_kg,19632.81662770672
out.emissions.electricity.enduse_group.hvac.egrid_2018_state..co2e_kg,20049.376193230662
out.emissions.electricity.enduse_group.hvac.egrid_2018_subregion..co2e_kg,18741.971542803833
out.emissions.electricity.enduse_group.hvac.egrid_2019_state..co2e_kg,19460.235616684135
out.emissions.electricity.enduse_group.hvac.egrid_2019_subregion..co2e_kg,18283.036340720006
out.emissions.electricity.enduse_group.hvac.egrid_2020_state..co2e_kg,17825.1976357263
out.emissions.electricity.enduse_group.hvac.egrid_2020_subregion..co2e_kg,16836.59585926462
out.emissions.electricity.enduse_group.hvac.egrid_2021_state..co2e_kg,17902.93196943596
out.emissions.electricity.enduse_group.hvac.egrid_2021_subregion..co2e_kg,17050.23735230565
out.emissions.electricity.enduse_group.hvac.lrmer_95_decarb_by_2035_15_2023_start..co2e_kg,2195.788071152688
out.emissions.electricity.enduse_group.hvac.lrmer_95_decarb_by_2035_15_2025_start..co2e_kg,4927.958454485317
out.emissions.electricity.enduse_group.hvac.lrmer_95_decarb_by_2035_25_2025_start..co2e_kg,3572.1706920280553
out.emissions.electricity.enduse_group.hvac.lrmer_95_decarb_by_2035_30_2023_start..co2e_kg,1337.4550020257063
out.emissions.electricity.enduse_group.hvac.lrmer_95_decarb_by_2050_15_2023_start..co2e_kg,5657.847198790928
out.emissions.electricity.enduse_group.hvac.lrmer_95_decarb_by_2050_30_2023_start..co2e_kg,4393.4547155821565
out.emissions.electricity.enduse_group.hvac.lrmer_high_re_cost_15_2023_start..co2e_kg,9250.401261112247
out.emissions.electricity.enduse_group.hvac.lrmer_high_re_cost_30_2023_start..co2e_kg,7685.501363468942
out.emissions.electricity.enduse_group.hvac.lrmer_low_re_cost_15_2023_start..co2e_kg,3210.8342180845043
out.emissions.electricity.enduse_group.hvac.lrmer_low_re_cost_15_2025_start..co2e_kg,3776.2602992101183
out.emissions.electricity.enduse_group.hvac.lrmer_low_re_cost_25_2025_start..co2e_kg,3744.306349107249
out.emissions.electricity.enduse_group.hvac.lrmer_low_re_cost_30_2023_start..co2e_kg,2835.091232779811
out.emissions.electricity.enduse_group.hvac.lrmer_mid_case_15_2023_start..co2e_kg,5464.179418348106
out.emissions.electricity.enduse_group.hvac.lrmer_mid_case_15_2025_start..co2e_kg,7849.757543253817
out.emissions.electricity.enduse_group.hvac.lrmer_mid_case_25_2025_start..co2e_kg,6996.5367779937915
out.emissions.electricity.enduse_group.hvac.lrmer_mid_case_30_2023_start..co2e_kg,5238.280179760688
out.emissions.electricity.exterior_lighting.aer_95_decarb_by_2035_from_2023..co2e_kg,4547.6196974273025
out.emissions.electricity.exterior_lighting.aer_95_decarb_by_2050_from_2023..co2e_kg,4547.6196974273025
out.emissions.electricity.exterior_lighting.aer_high_re_cost_from_2023..co2e_kg,4536.782034531719
out.emissions.electricity.exterior_lighting.aer_low_re_cost_from_2023..co2e_kg,4536.208443608635
out.emissions.electricity.exterior_lighting.aer_mid_case_from_2023..co2e_kg,4553.924776131993
out.emissions.electricity.exterior_lighting.egrid_2018_state..co2e_kg,4999.586796515818
out.emissions.electricity.exterior_lighting.egrid_2018_subregion..co2e_kg,4673.56752464519
out.emissions.electricity.exterior_lighting.egrid_2019_state..co2e_kg,4852.676517641993
out.emissions.electricity.exterior_lighting.egrid_2019_subregion..co2e_kg,4559.125740787131
out.emissions.electricity.exterior_lighting.egrid_2020_state..co2e_kg,4444.957383509598
out.emissions.electricity.exterior_lighting.egrid_2020_subregion..co2e_kg,4198.435978505551
out.emissions.electricity.exterior_lighting.egrid_2021_state..co2e_kg,4464.341505225163
out.emissions.electricity.exterior_lighting.egrid_2021_subregion..co2e_kg,4251.710413455627
out.emissions.electricity.exterior_lighting.lrmer_95_decarb_by_2035_15_2023_start..co2e_kg,1356.5397696856833
out.emissions.electricity.exterior_lighting.lrmer_95_decarb_by_2035_15_2025_start..co2e_kg,1458.0635208008764
out.emissions.electricity.exterior_lighting.lrmer_95_decarb_by_2035_25_2025_start..co2e_kg,1045.4031248124431
out.emissions.electricity.exterior_lighting.lrmer_95_decarb_by_2035_30_2023_start..co2e_kg,826.2388874851963
out.emissions.electricity.exterior_lighting.lrmer_95_decarb_by_2050_15_2023_start..co2e_kg,2186.3630247306146
out.emissions.electricity.exterior_lighting.lrmer_95_decarb_by_2050_30_2023_start..co2e_kg,1643.3803207979315
out.emissions.electricity.exterior_lighting.lrmer_high_re_cost_15_2023_start..co2e_kg,2716.77103496122
out.emissions.electricity.exterior_lighting.lrmer_high_re_cost_30_2023_start..co2e_kg,2225.848500670828
out.emissions.electricity.exterior_lighting.lrmer_low_re_cost_15_2023_start..co2e_kg,1349.3445058708787
out.emissions.electricity.exterior_lighting.lrmer_low_re_cost_15_2025_start..co2e_kg,1284.5405220937523
out.emissions.electricity.exterior_lighting.lrmer_low_re_cost_25_2025_start..co2e_kg,1182.5705730611971
out.emissions.electricity.exterior_lighting.lrmer_low_re_cost_30_2023_start..co2e_kg,1066.2030957710974
out.emissions.electricity.exterior_lighting.lrmer_mid_case_15_2023_start..co2e_kg,2311.9004955944806
out.emissions.electricity.exterior_lighting.lrmer_mid_case_15_2025_start..co2e_kg,2264.7950664302966
out.emissions.electricity.exterior_lighting.lrmer_mid_case_25_2025_start..co2e_kg,2007.304233426737
out.emissions.electricity.exterior_lighting.lrmer_mid_case_30_2023_start..co2e_kg,1982.4525569368907
out.emissions.electricity.heating.aer_95_decarb_by_2035_from_2023..co2e_kg,0.0
out.emissions.electricity.heating.aer_95_decarb_by_2050_from_2023..co2e_kg,0.0
out.emissions.electricity.heating.aer_high_re_cost_from_2023..co2e_kg,0.0
out.emissions.electricity.heating.aer_low_re_cost_from_2023..co2e_kg,0.0
out.emissions.electricity.heating.aer_mid_case_from_2023..co2e_kg,0.0
out.emissions.electricity.heating.egrid_2018_state..co2e_kg,0.0
out.emissions.electricity.heating.egrid_2018_subregion..co2e_kg,0.0
out.emissions.electricity.heating.egrid_2019_state..co2e_kg,0.0
out.emissions.electricity.heating.egrid_2019_subregion..co2e_kg,0.0
out.emissions.electricity.heating.egrid_2020_state..co2e_kg,0.0
out.emissions.electricity.heating.egrid_2020_subregion..co2e_kg,0.0
out.emissions.electricity.heating.egrid_2021_state..co2e_kg,0.0
out.emissions.electricity.heating.egrid_2021_subregion..co2e_kg,0.0
out.emissions.electricity.heating.lrmer_95_decarb_by_2035_15_2023_start..co2e_kg,0.0
out.emissions.electricity.heating.lrmer_95_decarb_by_2035_15_2025_start..co2e_kg,0.0
out.emissions.electricity.heating.lrmer_95_decarb_by_2035_25_2025_start..co2e_kg,0.0
out.emissions.electricity.heating.lrmer_95_decarb_by_2035_30_2023_start..co2e_kg,0.0
out.emissions.electricity.heating.lrmer_95_decarb_by_2050_15_2023_start..co2e_kg,0.0
out.emissions.electricity.heating.lrmer_95_decarb_by_2050_30_2023_start..co2e_kg,0.0
out.emissions.electricity.heating.lrmer_high_re_cost_15_2023_start..co2e_kg,0.0
out.emissions.electricity.heating.lrmer_high_re_cost_30_2023_start..co2e_kg,0.0
out.emissions.electricity.heating.lrmer_low_re_cost_15_2023_start..co2e_kg,0.0
out.emissions.electricity.heating.lrmer_low_re_cost_15_2025_start..co2e_kg,0.0
out.emissions.electricity.heating.lrmer_low_re_cost_25_2025_start..co2e_kg,0.0
out.emissions.electricity.heating.lrmer_low_re_cost_30_2023_start..co2e_kg,0.0
out.emissions.electricity.heating.lrmer_mid_case_15_2023_start..co2e_kg,0.0
out.emissions.electricity.heating.lrmer_mid_case_15_2025_start..co2e_kg,0.0
out.emissions.electricity.heating.lrmer_mid_case_25_2025_start..co2e_kg,0.0
out.emissions.electricity.heating.lrmer_mid_case_30_2023_start..co2e_kg,0.0
out.emissions.electricity.interior_equipment.aer_95_decarb_by_2035_from_2023..co2e_kg,3929.2526366383418
out.emissions.electricity.interior_equipment.aer_95_decarb_by_2050_from_2023..co2e_kg,3929.2526366383418
out.emissions.electricity.interior_equipment.aer_high_re_cost_from_2023..co2e_kg,3930.6337095962263
out.emissions.electricity.interior_equipment.aer_low_re_cost_from_2023..co2e_kg,3916.4224257545366
out.emissions.electricity.interior_equipment.aer_mid_case_from_2023..co2e_kg,3934.618305246451
out.emissions.electricity.interior_equipment.egrid_2018_state..co2e_kg,4258.891300533751
out.emissions.electricity.interior_equipment.egrid_2018_subregion..co2e_kg,3981.1722214803
out.emissions.electricity.interior_equipment.egrid_2019_state..co2e_kg,4133.74597670604
out.emissions.electricity.interior_equipment.egrid_2019_subregion..co2e_kg,3883.6851415419505
out.emissions.electricity.interior_equipment.egrid_2020_state..co2e_kg,3786.4309796691405
out.emissions.electricity.interior_equipment.egrid_2020_subregion..co2e_kg,3576.432051777986
out.emissions.electricity.interior_equipment.egrid_2021_state..co2e_kg,3802.943317728846
out.emissions.electricity.interior_equipment.egrid_2021_subregion..co2e_kg,3621.8138076678624
out.emissions.electricity.interior_equipment.lrmer_95_decarb_by_2035_15_2023_start..co2e_kg,769.8384745108759
out.emissions.electricity.interior_equipment.lrmer_95_decarb_by_2035_15_2025_start..co2e_kg,1118.541337302533
out.emissions.electricity.interior_equipment.lrmer_95_decarb_by_2035_25_2025_start..co2e_kg,804.1199568589799
out.emissions.electricity.interior_equipment.lrmer_95_decarb_by_2035_30_2023_start..co2e_kg,468.89345822499666
out.emissions.electricity.interior_equipment.lrmer_95_decarb_by_2050_15_2023_start..co2e_kg,1494.3087069843737
out.emissions.electricity.interior_equipment.lrmer_95_decarb_by_2050_30_2023_start..co2e_kg,1141.9835198134265
out.emissions.electricity.interior_equipment.lrmer_high_re_cost_15_2023_start..co2e_kg,2107.884869143042
out.emissions.electricity.interior_equipment.lrmer_high_re_cost_30_2023_start..co2e_kg,1738.0628140159931
out.emissions.electricity.interior_equipment.lrmer_low_re_cost_15_2023_start..co2e_kg,882.822032354365
out.emissions.electricity.interior_equipment.lrmer_low_re_cost_15_2025_start..co2e_kg,935.1658095793191
out.emissions.electricity.interior_equipment.lrmer_low_re_cost_25_2025_start..co2e_kg,882.9822696953526
out.emissions.electricity.interior_equipment.lrmer_low_re_cost_30_2023_start..co2e_kg,728.0210846126622
out.emissions.electricity.interior_equipment.lrmer_mid_case_15_2023_start..co2e_kg,1523.298305421554
out.emissions.electricity.interior_equipment.lrmer_mid_case_15_2025_start..co2e_kg,1785.3078929463527
out.emissions.electricity.interior_equipment.lrmer_mid_case_25_2025_start..co2e_kg,1582.9882214783859
out.emissions.electricity.interior_equipment.lrmer_mid_case_30_2023_start..co2e_kg,1365.2857529629323
out.emissions.electricity.interior_equipment_fuel_oil_ghg_emissions..co2e_kg,0.0
out.emissions.electricity.interior_equipment_natural_gas_ghg_emissions..co2e_kg,0.0
out.emissions.electricity.interior_equipment_propane_ghg_emissions..co2e_kg,0.0
out.emissions.electricity.interior_lighting.aer_95_decarb_by_2035_from_2023..co2e_kg,9947.444066274544
out.emissions.electricity.interior_lighting.aer_95_decarb_by_2050_from_2023..co2e_kg,9947.444066274544
out.emissions.electricity.interior_lighting.aer_high_re_cost_from_2023..co2e_kg,9966.149789346071
out.emissions.electricity.interior_lighting.aer_low_re_cost_from_2023..co2e_kg,9912.017439858391
out.emissions.electricity.interior_lighting.aer_mid_case_from_2023..co2e_kg,9961.935484542788
out.emissions.electricity.interior_lighting.egrid_2018_state..co2e_kg,10594.849958077415
out.emissions.electricity.interior_lighting.egrid_2018_subregion..co2e_kg,9903.967809313019
out.emissions.electricity.interior_lighting.egrid_2019_state..co2e_kg,10283.52575763505
out.emissions.electricity.interior_lighting.egrid_2019_subregion..co2e_kg,9661.449061612539
out.emissions.electricity.interior_lighting.egrid_2020_state..co2e_kg,9419.509744515655
out.emissions.electricity.interior_lighting.egrid_2020_subregion..co2e_kg,8897.09511231195
out.emissions.electricity.interior_lighting.egrid_2021_state..co2e_kg,9460.587511440044
out.emissions.electricity.interior_lighting.egrid_2021_subregion..co2e_kg,9009.99137111693
out.emissions.electricity.interior_lighting.lrmer_95_decarb_by_2035_15_2023_start..co2e_kg,1393.6390957526196
out.emissions.electricity.interior_lighting.lrmer_95_decarb_by_2035_15_2025_start..co2e_kg,2687.835316148754
out.emissions.electricity.interior_lighting.lrmer_95_decarb_by_2035_25_2025_start..co2e_kg,1935.12692106373
out.emissions.electricity.interior_lighting.lrmer_95_decarb_by_2035_30_2023_start..co2e_kg,848.8282903080263
out.emissions.electricity.interior_lighting.lrmer_95_decarb_by_2050_15_2023_start..co2e_kg,3256.607010030383
out.emissions.electricity.interior_lighting.lrmer_95_decarb_by_2050_30_2023_start..co2e_kg,2520.2567422489024
out.emissions.electricity.interior_lighting.lrmer_high_re_cost_15_2023_start..co2e_kg,4974.4797765130525
out.emissions.electricity.interior_lighting.lrmer_high_re_cost_30_2023_start..co2e_kg,4132.1592286607365
out.emissions.electricity.interior_lighting.lrmer_low_re_cost_15_2023_start..co2e_kg,1856.3454801532346
out.emissions.electricity.interior_lighting.lrmer_low_re_cost_15_2025_start..co2e_kg,2134.349032373546
out.emissions.electricity.interior_lighting.lrmer_low_re_cost_25_2025_start..co2e_kg,2041.5213262274294
out.emissions.electricity.interior_lighting.lrmer_low_re_cost_30_2023_start..co2e_kg,1590.990496885109
out.emissions.electricity.interior_lighting.lrmer_mid_case_15_2023_start..co2e_kg,3227.29035271249
out.emissions.electricity.interior_lighting.lrmer_mid_case_15_2025_start..co2e_kg,4253.8468892629735
out.emissions.electricity.interior_lighting.lrmer_mid_case_25_2025_start..co2e_kg,3782.6616816790524
out.emissions.electricity.interior_lighting.lrmer_mid_case_30_2023_start..co2e_kg,2995.4301306027087
out.emissions.electricity.lrmer_95_decarb_by_2035_15_2023_start..co2e_kg,5715.805411101896
out.emissions.electricity.lrmer_95_decarb_by_2035_15_2025_start..co2e_kg,10192.398628737537
out.emissions.electricity.lrmer_95_decarb_by_2035_25_2025_start..co2e_kg,7356.820694763229
out.emissions.electricity.lrmer_95_decarb_by_2035_30_2023_start..co2e_kg,3481.4156380439217
out.emissions.electricity.lrmer_95_decarb_by_2050_15_2023_start..co2e_kg,12595.125940536323
out.emissions.electricity.lrmer_95_decarb_by_2050_30_2023_start..co2e_kg,9699.075298442398
out.emissions.electricity.lrmer_high_re_cost_15_2023_start..co2e_kg,19049.5369417294
out.emissions.electricity.lrmer_high_re_cost_30_2023_start..co2e_kg,15781.571906816464
out.emissions.electricity.lrmer_low_re_cost_15_2023_start..co2e_kg,7299.346236462994
out.emissions.electricity.lrmer_low_re_cost_15_2025_start..co2e_kg,8130.315663256762
out.emissions.electricity.lrmer_low_re_cost_25_2025_start..co2e_kg,7851.380518091174
out.emissions.electricity.lrmer_low_re_cost_30_2023_start..co2e_kg,6220.3059100487035
out.emissions.electricity.lrmer_mid_case_15_2023_start..co2e_kg,12526.66857207662
out.emissions.electricity.lrmer_mid_case_15_2025_start..co2e_kg,16153.707391893482
out.emissions.electricity.lrmer_mid_case_25_2025_start..co2e_kg,14369.490914577933
out.emissions.electricity.lrmer_mid_case_30_2023_start..co2e_kg,11581.448620263276
out.emissions.electricity.refrigeration.aer_95_decarb_by_2035_from_2023..co2e_kg,0.0
out.emissions.electricity.refrigeration.aer_95_decarb_by_2050_from_2023..co2e_kg,0.0
out.emissions.electricity.refrigeration.aer_high_re_cost_from_2023..co2e_kg,0.0
out.emissions.electricity.refrigeration.aer_low_re_cost_from_2023..co2e_kg,0.0
out.emissions.electricity.refrigeration.aer_mid_case_from_2023..co2e_kg,0.0
out.emissions.electricity.refrigeration.egrid_2018_state..co2e_kg,0.0
out.emissions.electricity.refrigeration.egrid_2018_subregion..co2e_kg,0.0
out.emissions.electricity.refrigeration.egrid_2019_state..co2e_kg,0.0
out.emissions.electricity.refrigeration.egrid_2019_subregion..co2e_kg,0.0
out.emissions.electricity.refrigeration.egrid_2020_state..co2e_kg,0.0
out.emissions.electricity.refrigeration.egrid_2020_subregion..co2e_kg,0.0
out.emissions.electricity.refrigeration.egrid_2021_state..co2e_kg,0.0
out.emissions.electricity.refrigeration.egrid_2021_subregion..co2e_kg,0.0
out.emissions.electricity.refrigeration.lrmer_95_decarb_by_2035_15_2023_start..co2e_kg,0.0
out.emissions.electricity.refrigeration.lrmer_95_decarb_by_2035_15_2025_start..co2e_kg,0.0
out.emissions.electricity.refrigeration.lrmer_95_decarb_by_2035_25_2025_start..co2e_kg,0.0
out.emissions.electricity.refrigeration.lrmer_95_decarb_by_2035_30_2023_start..co2e_kg,0.0
out.emissions.electricity.refrigeration.lrmer_95_decarb_by_2050_15_2023_start..co2e_kg,0.0
out.emissions.electricity.refrigeration.lrmer_95_decarb_by_2050_30_2023_start..co2e_kg,0.0
out.emissions.electricity.refrigeration.lrmer_high_re_cost_15_2023_start..co2e_kg,0.0
out.emissions.electricity.refrigeration.lrmer_high_re_cost_30_2023_start..co2e_kg,0.0
out.emissions.electricity.refrigeration.lrmer_low_re_cost_15_2023_start..co2e_kg,0.0
out.emissions.electricity.refrigeration.lrmer_low_re_cost_15_2025_start..co2e_kg,0.0
out.emissions.electricity.refrigeration.lrmer_low_re_cost_25_2025_start..co2e_kg,0.0
out.emissions.electricity.refrigeration.lrmer_low_re_cost_30_2023_start..co2e_kg,0.0
out.emissions.electricity.refrigeration.lrmer_mid_case_15_2023_start..co2e_kg,0.0
out.emissions.electricity.refrigeration.lrmer_mid_case_15_2025_start..co2e_kg,0.0
out.emissions.electricity.refrigeration.lrmer_mid_case_25_2025_start..co2e_kg,0.0
out.emissions.electricity.refrigeration.lrmer_mid_case_30_2023_start..co2e_kg,0.0
out.emissions.electricity.water_systems.aer_95_decarb_by_2035_from_2023..co2e_kg,0.0
out.emissions.electricity.water_systems.aer_95_decarb_by_2050_from_2023..co2e_kg,0.0
out.emissions.electricity.water_systems.aer_high_re_cost_from_2023..co2e_kg,0.0
out.emissions.electricity.water_systems.aer_low_re_cost_from_2023..co2e_kg,0.0
out.emissions.electricity.water_systems.aer_mid_case_from_2023..co2e_kg,0.0
out.emissions.electricity.water_systems.egrid_2018_state..co2e_kg,0.0
out.emissions.electricity.water_systems.egrid_2018_subregion..co2e_kg,0.0
out.emissions.electricity.water_systems.egrid_2019_state..co2e_kg,0.0
out.emissions.electricity.water_systems.egrid_2019_subregion..co2e_kg,0.0
out.emissions.electricity.water_systems.egrid_2020_state..co2e_kg,0.0
out.emissions.electricity.water_systems.egrid_2020_subregion..co2e_kg,0.0
out.emissions.electricity.water_systems.egrid_2021_state..co2e_kg,0.0
out.emissions.electricity.water_systems.egrid_2021_subregion..co2e_kg,0.0
out.emissions.electricity.water_systems.lrmer_95_decarb_by_2035_15_2023_start..co2e_kg,0.0
out.emissions.electricity.water_systems.lrmer_95_decarb_by_2035_15_2025_start..co2e_kg,0.0
out.emissions.electricity.water_systems.lrmer_95_decarb_by_2035_25_2025_start..co2e_kg,0.0
out.emissions.electricity.water_systems.lrmer_95_decarb_by_2035_30_2023_start..co2e_kg,0.0
out.emissions.electricity.water_systems.lrmer_95_decarb_by_2050_15_2023_start..co2e_kg,0.0
out.emissions.electricity.water_systems.lrmer_95_decarb_by_2050_30_2023_start..co2e_kg,0.0
out.emissions.electricity.water_systems.lrmer_high_re_cost_15_2023_start..co2e_kg,0.0
out.emissions.electricity.water_systems.lrmer_high_re_cost_30_2023_start..co2e_kg,0.0
out.emissions.electricity.water_systems.lrmer_low_re_cost_15_2023_start..co2e_kg,0.0
out.emissions.electricity.water_systems.lrmer_low_re_cost_15_2025_start..co2e_kg,0.0
out.emissions.electricity.water_systems.lrmer_low_re_cost_25_2025_start..co2e_kg,0.0
out.emissions.electricity.water_systems.lrmer_low_re_cost_30_2023_start..co2e_kg,0.0
out.emissions.electricity.water_systems.lrmer_mid_case_15_2023_start..co2e_kg,0.0
out.emissions.electricity.water_systems.lrmer_mid_case_15_2025_start..co2e_kg,0.0
out.emissions.electricity.water_systems.lrmer_mid_case_25_2025_start..co2e_kg,0.0
out.emissions.electricity.water_systems.lrmer_mid_case_30_2023_start..co2e_kg,0.0
out.emissions.fuel_oil..co2e_kg,0.0
out.emissions.fuel_oil.enduse_group.hvac..co2e_kg,0.0
out.emissions.fuel_oil.heating..co2e_kg,0.0
out.emissions.fuel_oil.water_systems..co2e_kg,0.0
out.emissions.natural_gas..co2e_kg,8828.592303693518
out.emissions.natural_gas.enduse_group.hvac..co2e_kg,6562.3945524069495
out.emissions.natural_gas.heating..co2e_kg,6562.3945524069495
out.emissions.natural_gas.water_systems..co2e_kg,2266.197751286552
out.emissions.propane..co2e_kg,0.0
out.emissions.propane.enduse_group.hvac..co2e_kg,0.0
out.emissions.propane.heating..co2e_kg,0.0
out.emissions.propane.water_systems..co2e_kg,0.0
out.utility_bills.electricity_bill_intensity..usd_per_ft2,2.395
out.utility_bills.electricity_bill_max..usd,7185.0
out.utility_bills.electricity_bill_mean..usd,7185.0
out.utility_bills.electricity_bill_median..usd,7185.0
out.utility_bills.electricity_bill_min..usd,7185.0
out.utility_bills.electricity_bill_number_of_rates..usd,1.0
out.utility_bills.electricity_energy_rate..usd_per_kwh,0.11200796778244489
out.utility_bills.electricity_utility_eia_id,
out.utility_bills.fuel_oil_bill..usd,
out.utility_bills.fuel_oil_bill_intensity..usd_per_ft2,
out.utility_bills.fuel_oil_rate_name,
out.utility_bills.natural_gas_bill..usd,1453.0
out.utility_bills.natural_gas_bill_intensity..usd_per_ft2,0.48433333333333334
out.utility_bills.natural_gas_energy_rate..usd_per_kwh,0.037520981278244034
out.utility_bills.natural_gas_rate_name,EIA 2022 Average Commercial Natural Gas Price for CO
out.utility_bills.propane_bill..usd,
out.utility_bills.propane_bill_intensity..usd_per_ft2,
out.utility_bills.propane_rate_name,
out.params.air_system_fan_power_minimum_flow_fraction,0.0
out.params.air_system_fan_static_pressure..inwc,0.0
out.params.air_system_fan_total_efficiency,0.0
out.params.area_fraction_with_dcv,0.0
out.params.area_fraction_with_economizer,0.0
out.params.area_fraction_with_heat_recovery,0.0
out.params.area_fraction_with_motorized_oa_damper,1.0
out.params.area_fraction_with_mz_vav_optimization,0.0
out.params.area_fraction_with_supply_air_temperature_reset,0.0
out.params.area_fraction_with_unoccupied_shutdown,1.0
out.params.average_cooling_setpoint_max..c,26.1111111111111
out.params.average_cooling_setpoint_min..c,22.777777777777793
out.params.average_heating_setpoint_max..c,20.000000000000096
out.params.average_heating_setpoint_min..c,20.000000000000096
out.params.average_outdoor_air_fraction,0.14511347786654014
out.params.average_roof_absorptance,0.6999999999999998
out.params.average_roof_u_value..btu_per_ft2_f_hr,0.0760453591454844
out.params.average_wall_u_value..btu_per_ft2_f_hr,0.1610159225652657
out.params.average_window_shgc,0.526
out.params.average_window_u_value..btu_per_ft2_f_hr,0.9094320399999999
out.params.average_window_vlt,0.437
out.params.boiler_average_efficiency,0.0
out.params.boiler_cap_weight_efficiency,0.0
out.params.boiler_capacity..kbtu_per_hr,0.0
out.params.boiler_electric..j,0.0
out.params.boiler_gas..j,0.0
out.params.boiler_load..j,0.0
out.params.boiler_load_weight_efficiency,0.0
out.params.boiler_other_fuel..j,0.0
out.params.booster_water_heater_electric..j,0.0
out.params.booster_water_heater_gas..j,0.0
out.params.broiler_fuel_type,Gas
out.params.building_fraction_cooled,1.0
out.params.building_fraction_heated,1.0
out.params.cdd50f,4447.795494203791
out.params.cdd65f,1817.6808248897307
out.params.chiller_average_cop..cop,0.0
out.params.chiller_capacity..tons,0.0
out.params.cooling_equipment_capacity..tons,14.036232179923172
out.params.daylight_control_fraction,0.0
out.params.design_chiller_cop..cop,0.0
out.params.design_outdoor_air_flow_rate..m3_per_m2_s,0.0015239999999999997
out.params.dining_type,Pizza A
out.params.dx_cooling_average_cop..cop,3.9571489230431602
out.params.dx_cooling_capacity_tons..tons,14.036232179923172
out.params.dx_cooling_design_cop..cop,3.91156806861466
out.params.dx_cooling_design_eer_135_to_240_kbtuh..eer,0.0
out.params.dx_cooling_design_eer_240_to_760_kbtuh..eer,0.0
out.params.dx_cooling_design_eer_65_to_135_kbtuh..eer,0.0
out.params.dx_cooling_design_eer_760_plus_kbtuh..eer,0.0
out.params.dx_cooling_design_ieer_135_to_240_kbtuh..ieer,0.0
out.params.dx_cooling_design_ieer_240_to_760_kbtuh..ieer,0.0
out.params.dx_cooling_design_ieer_65_to_135_kbtuh..ieer,0.0
out.params.dx_cooling_design_ieer_760_plus_kbtuh..ieer,0.0
out.params.dx_cooling_design_seer_0_to_30_kbtuh..seer,0.0
out.params.dx_cooling_design_seer_30_to_65_kbtuh..seer,0.0
out.params.dx_cooling_electric..j,50634224741.12329
out.params.dx_cooling_load..j,200358705647.6568
out.params.dx_heating_average_cop..cop,0.0
out.params.dx_heating_average_minimum_operating_temperature..c,0.0
out.params.dx_heating_average_total_cop..cop,0.0
out.params.dx_heating_capacity_at_0f..kbtu_per_hr,0.0
out.params.dx_heating_capacity_at_17f..kbtu_per_hr,0.0
out.params.dx_heating_capacity_at_5f..kbtu_per_hr,0.0
out.params.dx_heating_capacity_at_rated..kbtu_per_hr,0.0
out.params.dx_heating_defrost_energy..kbtu,0.0
out.params.dx_heating_design_cop..cop,0.0
out.params.dx_heating_design_cop_0f..cop,0.0
out.params.dx_heating_design_cop_135_to_240_kbtuh..cop,0.0
out.params.dx_heating_design_cop_17f..cop,0.0
out.params.dx_heating_design_cop_240_plus_kbtuh..cop,0.0
out.params.dx_heating_design_cop_5f..cop,0.0
out.params.dx_heating_design_cop_65_to_135_kbtuh..cop,0.0
out.params.dx_heating_design_hspf_0_to_30_kbtuh..hspf,0.0
out.params.dx_heating_design_hspf_30_to_65_kbtuh..hspf,0.0
out.params.dx_heating_fraction_electric_defrost,0.0
out.params.dx_heating_fraction_electric_supplemental,0.0
out.params.dx_heating_fraction_supplemental,0.0
out.params.dx_heating_hours_below_minus_20f..hr,0.0
out.params.dx_heating_ratio_defrost,0.0
out.params.dx_heating_supplemental_capacity..kbtu_per_hr,0.0
out.params.dx_heating_supplemental_capacity_electric..kbtu_per_hr,0.0
out.params.dx_heating_supplemental_capacity_gas..kbtu_per_hr,0.0
out.params.dx_heating_total_dx_electric..j,0.0
out.params.dx_heating_total_dx_load..j,0.0
out.params.dx_heating_total_load..j,0.0
out.params.dx_heating_total_supplemental_electric..j,0.0
out.params.dx_heating_total_supplemental_gas..j,0.0
out.params.dx_heating_total_supplemental_load..j,0.0
out.params.dx_heating_total_supplemental_load_electric..j,0.0
out.params.dx_heating_total_supplemental_load_gas..j,0.0
out.params.economizer_control_type,NoEconomizer
out.params.economizer_high_limit_enthalpy..j_per_kg,-999.0
out.params.economizer_high_limit_temperature..c,-999.0
out.params.elevator_energy_consumption..kwh,0.0
out.params.ext_roof_area..m2,278.70911999999976
out.params.ext_wall_area..m2,283.73526556925503
out.params.ext_window_area..m2,62.28
out.params.exterior_lighting_power..w,1842.27
out.params.fluid_hx_demand_inlet_temp..c,-999.0
out.params.fluid_hx_demand_outlet_temp..c,-999.0
out.params.fluid_hx_supply_inlet_temp..c,-999.0
out.params.fluid_hx_supply_outlet_temp..c,-999.0
out.params.fluid_hx_transfer_energy..j,0.0
out.params.fryer_fuel_type,Electric
out.params.furnace_capacity..kbtu_per_hr,365.8719490834918
out.params.gas_coil_average_efficiency,0.8
out.params.ghx_borehole_depth..ft,0.0
out.params.ghx_flow_rate..ft3_per_min,0.0
out.params.ghx_num_boreholes,0.0
out.params.griddle_fuel_type,Gas
out.params.hdd50f,2437.673821095734
out.params.hdd65f,5282.559151781674
out.params.heat_pump_cooling_average_cop..cop,0.0
out.params.heat_pump_cooling_cap_weight_cop..cop,0.0
out.params.heat_pump_cooling_capacity..kbtu_per_hr,0.0
out.params.heat_pump_cooling_load_weight_cop..cop,0.0
out.params.heat_pump_cooling_source_inlet_temp..c,-999.0
out.params.heat_pump_cooling_total_electric..j,0.0
out.params.heat_pump_cooling_total_load..j,0.0
out.params.heat_pump_heating_average_cop..cop,0.0
out.params.heat_pump_heating_cap_weight_cop..cop,0.0
out.params.heat_pump_heating_capacity..kbtu_per_hr,0.0
out.params.heat_pump_heating_load_weight_cop..cop,0.0
out.params.heat_pump_heating_source_inlet_temp..c,-999.0
out.params.heat_pump_heating_total_electric..j,0.0
out.params.heat_pump_heating_total_load..j,0.0
out.params.heating_equipment..kbtu_per_hr,365.8719490834918
out.params.hot_water_loop_boiler_fraction,0.0
out.params.hot_water_loop_heat_pump_fraction,0.0
out.params.hot_water_loop_load..j,0.0
out.params.hot_water_volume..m3,103.56151612664243
out.params.hours_above_65f..hr,3215.0
out.params.hours_below_0f..hr,4.0
out.params.hours_below_17f..hr,176.0
out.params.hours_below_50f..hr,3696.0
out.params.hours_below_5f..hr,19.0
out.params.hours_cooling_setpoint_not_met..hr,2.75
out.params.hours_heating_setpoint_not_met..hr,0.0
out.params.hp_water_heater_0_to_40_gal_capacity..w,0.0
out.params.hp_water_heater_0_to_40_gal_cop..cop,0.0
out.params.hp_water_heater_0_to_40_gal_count,0.0
out.params.hp_water_heater_0_to_40_gal_total_volume..gal,0.0
out.params.hp_water_heater_40_to_65_gal_capacity..w,0.0
out.params.hp_water_heater_40_to_65_gal_cop..cop,0.0
out.params.hp_water_heater_40_to_65_gal_count,0.0
out.params.hp_water_heater_40_to_65_gal_total_volume..gal,0.0
out.params.hp_water_heater_65_to_90_gal_capacity..w,0.0
out.params.hp_water_heater_65_to_90_gal_cop..cop,0.0
out.params.hp_water_heater_65_to_90_gal_count,0.0
out.params.hp_water_heater_65_to_90_gal_total_volume..gal,0.0
out.params.hp_water_heater_90_plus_capacity..w,0.0
out.params.hp_water_heater_90_plus_gal_cop..cop,0.0
out.params.hp_water_heater_90_plus_gal_count,0.0
out.params.hp_water_heater_90_plus_gal_total_volume..gal,0.0
out.params.hp_water_heater_backup_electric..j,0.0
out.params.hp_water_heater_capacity..w,0.0
out.params.hp_water_heater_cop..cop,0.0
out.params.hp_water_heater_count,0.0
out.params.hp_water_heater_heat_pump_electric..j,0.0
out.params.hp_water_heater_heat_pump_output..j,0.0
out.params.hp_water_heater_tank_output..j,0.0
out.params.hp_water_heater_total_electric..j,0.0
out.params.hp_water_heater_total_output..j,0.0
out.params.hp_water_heater_total_volume..gal,0.0
out.params.hp_water_heater_unmet_heat_transfer_demand..j,0.0
out.params.hvac_count_boilers,0.0
out.params.hvac_count_boilers_0_to_300_kbtuh,0.0
out.params.hvac_count_boilers_2500_plus_kbtuh,0.0
out.params.hvac_count_boilers_300_to_2500_kbtuh,0.0
out.params.hvac_count_chillers_0_to_75_tons,0.0
out.params.hvac_count_chillers_150_to_300_tons,0.0
out.params.hvac_count_chillers_300_to_600_tons,0.0
out.params.hvac_count_chillers_600_plus_tons,0.0
out.params.hvac_count_chillers_75_to_150_tons,0.0
out.params.hvac_count_dx_cooling_0_to_30_kbtuh,12.0
out.params.hvac_count_dx_cooling_135_to_240_kbtuh,0.0
out.params.hvac_count_dx_cooling_240_to_760_kbtuh,0.0
out.params.hvac_count_dx_cooling_30_to_65_kbtuh,0.0
out.params.hvac_count_dx_cooling_65_to_135_kbtuh,0.0
out.params.hvac_count_dx_cooling_760_plus_kbtuh,0.0
out.params.hvac_count_dx_heating_0_to_30_kbtuh,0.0
out.params.hvac_count_dx_heating_135_to_240_kbtuh,0.0
out.params.hvac_count_dx_heating_240_plus_kbtuh,0.0
out.params.hvac_count_dx_heating_30_to_65_kbtuh,0.0
out.params.hvac_count_dx_heating_65_to_135_kbtuh,0.0
out.params.hvac_count_furnace_0_to_30_kbtuh,6.0
out.params.hvac_count_furnace_135_to_240_kbtuh,0.0
out.params.hvac_count_furnace_240_plus_kbtuh,0.0
out.params.hvac_count_furnace_30_to_65_kbtuh,6.0
out.params.hvac_count_furnace_65_to_135_kbtuh,0.0
out.params.hvac_count_heat_pumps_cooling,0.0
out.params.hvac_count_heat_pumps_heating,0.0
out.params.hvac_count_heat_pumps_heating_0_to_300_kbtuh,0.0
out.params.hvac_count_heat_pumps_heating_2500_plus_kbtuh,0.0
out.params.hvac_count_heat_pumps_heating_300_to_2500_kbtuh,0.0
out.params.interior_electric_equipment_eflh..hr,6399.4543888637445
out.params.interior_electric_equipment_power_density..w_per_ft2,0.35665656300000015
out.params.interior_lighting_eflh..hr,5056.11195874371
out.params.interior_lighting_power_density..w_per_ft2,1.1229497877162644
out.params.internal_mass_area_ratio,2.0
out.params.non_hp_water_heater_0_to_40_gal_count,0.0
out.params.non_hp_water_heater_0_to_40_gal_total_volume..gal,0.0
out.params.non_hp_water_heater_40_to_65_gal_count,1.0
out.params.non_hp_water_heater_40_to_65_gal_total_volume..gal,50.0
out.params.non_hp_water_heater_65_to_90_gal_count,0.0
out.params.non_hp_water_heater_65_to_90_gal_total_volume..gal,0.0
out.params.non_hp_water_heater_90_plus_gal_count,2.0
out.params.non_hp_water_heater_90_plus_gal_total_volume..gal,300.0
out.params.non_hp_water_heater_count,3.0
out.params.non_hp_water_heater_electric..j,0.0
out.params.non_hp_water_heater_gas..j,35785308686.30345
out.params.non_hp_water_heater_other_fuel..j,0.0
out.params.non_hp_water_heater_total_volume_gal..gal,350.0
out.params.non_hp_water_heater_unmet_heat_transfer_demand..j,0.0
out.params.num_air_loops,12.0
out.params.num_air_loops_dcv,0.0
out.params.num_air_loops_economizer,0.0
out.params.num_air_loops_heat_recovery,0.0
out.params.num_broilers,0
out.params.num_errors,0.0
out.params.num_fryers,0
out.params.num_griddles,0
out.params.num_ovens,0
out.params.num_ranges,0
out.params.num_steamers,0
out.params.num_warnings,2104026.0
out.params.number_of_spaces,12.0
out.params.number_of_surfaces,72.0
out.params.number_of_zones,12.0
out.params.occupant_density_ppl_per_m_2..people_per_m2,0.16145865625064598
out.params.occupant_eflh..hr,2720.115000000005
out.params.oven_fuel_type,Gas
out.params.range_fuel_type,Gas
out.params.smallest_space_floor_area..m2,17.260634001603538
out.params.steamer_fuel_type,Gas
out.params.vrf_area_average_indoor_unit_cooling_capacity..w,0.0
out.params.vrf_area_average_indoor_unit_heating_capacity..w,0.0
out.params.vrf_average_line_height..m,0.0
out.params.vrf_average_line_length..m,0.0
out.params.vrf_average_num_compressors,0.0
out.params.vrf_average_outdoor_unit_cooling_capacity..w,0.0
out.params.vrf_average_outdoor_unit_heating_capacity..w,0.0
out.params.vrf_cooling_average_cop,0.0
out.params.vrf_cooling_design_cop,0.0
out.params.vrf_cooling_design_cop_110f,0.0
out.params.vrf_cooling_design_cop_35f,0.0
out.params.vrf_cooling_design_cop_60f,0.0
out.params.vrf_cooling_design_cop_85f,0.0
out.params.vrf_heating_average_cop,0.0
out.params.vrf_heating_average_total_cop,0.0
out.params.vrf_heating_design_cop,0.0
out.params.vrf_heating_design_cop_0f,0.0
out.params.vrf_heating_design_cop_20f,0.0
out.params.vrf_heating_design_cop_40f,0.0
out.params.vrf_heating_design_cop_minus22f,0.0
out.params.vrf_heating_fraction_supplemental,0.0
out.params.vrf_heating_total_supplemental_electric..j,0.0
out.params.vrf_heating_total_supplemental_gas..j,0.0
out.params.vrf_heating_total_supplemental_load..j,0.0
out.params.vrf_heating_total_supplemental_load_electric..j,0.0
out.params.vrf_heating_total_supplemental_load_gas..j,0.0
out.params.vrf_indoor_unit_count,0.0
out.params.vrf_outdoor_unit_count,0.0
out.params.vrf_temperature_type,
out.params.vrf_total_cooling_load..j,0.0
out.params.vrf_total_heat_recovery..j,0.0
out.params.vrf_total_heating_load..j,0.0
out.params.vrf_total_indoor_unit_cooling_capacity..w,0.0
out.params.vrf_total_indoor_unit_heating_capacity..w,0.0
out.params.vrf_total_outdoor_unit_cooling_capacity..w,0.0
out.params.vrf_total_outdoor_unit_heating_capacity..w,0.0
out.params.wa_hp_cooling_average_cop..cop,0.0
out.params.wa_hp_cooling_capacity..w,0.0
out.params.wa_hp_cooling_design_cop..cop,0.0
out.params.wa_hp_cooling_electric..j,0.0
out.params.wa_hp_cooling_load..j,0.0
out.params.wa_hp_heating_average_cop..cop,0.0
out.params.wa_hp_heating_capacity..w,0.0
out.params.wa_hp_heating_design_cop..cop,0.0
out.params.wa_hp_heating_electric..j,0.0
out.params.wa_hp_heating_load..j,0.0
out.params.window_to_wall_ratio,0.18
out.params.zone_hvac_fan_power_minimum_flow_fraction,1.0
out.params.zone_hvac_fan_static_pressure..inwc,2.500229934125
out.params.zone_hvac_fan_total_efficiency,0.53625
calc.emissions.total_with_cambium_mid_case_15y..co2e_kg,14544.397714795414
calc.emissions.total_with_egrid..co2e_kg,42762.345248239435
calc.enduse_group.district_cooling.hvac.energy_consumption..kwh,0.0
calc.enduse_group.district_heating.hvac.energy_consumption..kwh,0.0
calc.enduse_group.district_heating.water_systems.energy_consumption..kwh,0.0
calc.enduse_group.electricity.hvac.energy_consumption..kwh,32230.555555555555
calc.enduse_group.electricity.interior_equipment.energy_consumption..kwh,6847.222222222222
calc.enduse_group.electricity.lighting.energy_consumption..kwh,25069.444444444445
calc.enduse_group.electricity.refrigeration.energy_consumption..kwh,0.0
calc.enduse_group.electricity.water_systems.energy_consumption..kwh,0.0
calc.enduse_group.natural_gas.hvac.energy_consumption..kwh,28786.111111111106
calc.enduse_group.natural_gas.interior_equipment.energy_consumption..kwh,0.0
calc.enduse_group.natural_gas.water_systems.energy_consumption..kwh,9941.666666666666
calc.enduse_group.other_fuel.hvac.energy_consumption..kwh,0.0
calc.enduse_group.other_fuel.interior_equipment.energy_consumption..kwh,0.0
calc.enduse_group.other_fuel.water_systems.energy_consumption..kwh,0.0
calc.enduse_group.site_energy.cooling.energy_consumption..kwh,14063.888888888889
calc.enduse_group.site_energy.heating.energy_consumption..kwh,28786.111111111106
calc.enduse_group.site_energy.hvac.energy_consumption..kwh,61016.66666666666
calc.enduse_group.site_energy.interior_equipment.energy_consumption..kwh,6847.222222222222
calc.enduse_group.site_energy.lighting.energy_consumption..kwh,25069.444444444445
calc.enduse_group.site_energy.refrigeration.energy_consumption..kwh,0.0
calc.enduse_group.site_energy.water_systems.energy_consumption..kwh,9941.666666666666
calc.percent_savings.district_cooling.cooling.energy_consumption..percent,0.0
calc.percent_savings.district_cooling.cooling.energy_consumption_intensity..percent,0.0
calc.percent_savings.district_cooling.total.energy_consumption..percent,0.0
calc.percent_savings.district_cooling.total.energy_consumption_intensity..percent,0.0
calc.percent_savings.district_heating.cooling.energy_consumption..percent,0.0
calc.percent_savings.district_heating.cooling.energy_consumption_intensity..percent,0.0
calc.percent_savings.district_heating.heating.energy_consumption..percent,0.0
calc.percent_savings.district_heating.heating.energy_consumption_intensity..percent,0.0
calc.percent_savings.district_heating.total.energy_consumption..percent,0.0
calc.percent_savings.district_heating.total.energy_consumption_intensity..percent,0.0
calc.percent_savings.district_heating.water_systems.energy_consumption..percent,0.0
calc.percent_savings.district_heating.water_systems.energy_consumption_intensity..percent,0.0
calc.percent_savings.electricity.cooling.energy_consumption..percent,0.0
calc.percent_savings.electricity.cooling.energy_consumption_intensity..percent,0.0
calc.percent_savings.electricity.exterior_lighting.energy_consumption..percent,0.0
calc.percent_savings.electricity.exterior_lighting.energy_consumption_intensity..percent,0.0
calc.percent_savings.electricity.fans.energy_consumption..percent,0.0
calc.percent_savings.electricity.fans.energy_consumption_intensity..percent,0.0
calc.percent_savings.electricity.heat_recovery.energy_consumption..percent,0.0
calc.percent_savings.electricity.heat_recovery.energy_consumption_intensity..percent,0.0
calc.percent_savings.electricity.heat_rejection.energy_consumption..percent,0.0
calc.percent_savings.electricity.heat_rejection.energy_consumption_intensity..percent,0.0
calc.percent_savings.electricity.heating.energy_consumption..percent,0.0
calc.percent_savings.electricity.heating.energy_consumption_intensity..percent,0.0
calc.percent_savings.electricity.interior_equipment.energy_consumption..percent,0.0
calc.percent_savings.electricity.interior_equipment.energy_consumption_intensity..percent,0.0
calc.percent_savings.electricity.interior_lighting.energy_consumption..percent,0.0
calc.percent_savings.electricity.interior_lighting.energy_consumption_intensity..percent,0.0
calc.percent_savings.electricity.pumps.energy_consumption..percent,0.0
calc.percent_savings.electricity.pumps.energy_consumption_intensity..percent,0.0
calc.percent_savings.electricity.refrigeration.energy_consumption..percent,0.0
calc.percent_savings.electricity.refrigeration.energy_consumption_intensity..percent,0.0
calc.percent_savings.electricity.total.energy_consumption..percent,0.0
calc.percent_savings.electricity.total.energy_consumption_intensity..percent,0.0
calc.percent_savings.electricity.water_systems.energy_consumption..percent,0.0
calc.percent_savings.electricity.water_systems.energy_consumption_intensity..percent,0.0
calc.percent_savings.natural_gas.cooling.energy_consumption..percent,0.0
calc.percent_savings.natural_gas.cooling.energy_consumption_intensity..percent,0.0
calc.percent_savings.natural_gas.heating.energy_consumption..percent,0.0
calc.percent_savings.natural_gas.heating.energy_consumption_intensity..percent,0.0
calc.percent_savings.natural_gas.interior_equipment.energy_consumption..percent,0.0
calc.percent_savings.natural_gas.interior_equipment.energy_consumption_intensity..percent,0.0
calc.percent_savings.natural_gas.total.energy_consumption..percent,0.0
calc.percent_savings.natural_gas.total.energy_consumption_intensity..percent,0.0
calc.percent_savings.natural_gas.water_systems.energy_consumption..percent,0.0
calc.percent_savings.natural_gas.water_systems.energy_consumption_intensity..percent,0.0
calc.percent_savings.other_fuel.cooling.energy_consumption..percent,0.0
calc.percent_savings.other_fuel.cooling.energy_consumption_intensity..percent,0.0
calc.percent_savings.other_fuel.heating.energy_consumption..percent,0.0
calc.percent_savings.other_fuel.heating.energy_consumption_intensity..percent,0.0
calc.percent_savings.other_fuel.interior_equipment.energy_consumption..percent,0.0
calc.percent_savings.other_fuel.interior_equipment.energy_consumption_intensity..percent,0.0
calc.percent_savings.other_fuel.total.energy_consumption..percent,0.0
calc.percent_savings.other_fuel.total.energy_consumption_intensity..percent,0.0
calc.percent_savings.other_fuel.water_systems.energy_consumption..percent,0.0
calc.percent_savings.other_fuel.water_systems.energy_consumption_intensity..percent,0.0
calc.percent_savings.site_energy.total.energy_consumption..percent,0.0
calc.percent_savings.site_energy.total.energy_consumption_intensity..percent,0.0
calc.segment,A: Non Food-Service Buildings with Small Packaged Units
calc.weighted.district_cooling.cooling.energy_consumption..tbtu,0.0
calc.weighted.district_cooling.total.energy_consumption..tbtu,0.0
calc.weighted.district_heating.cooling.energy_consumption..tbtu,0.0
calc.weighted.district_heating.heating.energy_consumption..tbtu,0.0
calc.weighted.district_heating.total.energy_consumption..tbtu,0.0
calc.weighted.district_heating.water_systems.energy_consumption..tbtu,0.0
calc.weighted.electricity.cooling.energy_consumption..tbtu,8.976881986972735e-05
calc.weighted.electricity.exterior_lighting.energy_consumption..tbtu,5.1293935588212756e-05
calc.weighted.electricity.fans.energy_consumption..tbtu,0.00011595656368714534
calc.weighted.electricity.heat_recovery.energy_consumption..tbtu,0.0
calc.weighted.electricity.heat_rejection.energy_consumption..tbtu,0.0
calc.weighted.electricity.heating.energy_consumption..tbtu,0.0
calc.weighted.electricity.interior_equipment.energy_consumption..tbtu,4.3705340900430154e-05
calc.weighted.electricity.interior_lighting.energy_consumption..tbtu,0.00010872257622776378
calc.weighted.electricity.pumps.energy_consumption..tbtu,0.0
calc.weighted.electricity.refrigeration.energy_consumption..tbtu,0.0
calc.weighted.electricity.total.energy_consumption..tbtu,0.00040944723627327944
calc.weighted.electricity.water_systems.energy_consumption..tbtu,0.0
calc.weighted.emissions.electricity.egrid_2021_subregion..co2e_mmt,6.347824819272011e-05
calc.weighted.emissions.electricity.lrmer_high_re_cost_15_2023_start..co2e_mmt,3.563505739903272e-05
calc.weighted.emissions.electricity.lrmer_low_re_cost_15_2023_start..co2e_mmt,1.3654537793093363e-05
calc.weighted.emissions.fuel_oil..co2e_mmt,0.0
calc.weighted.emissions.natural_gas..co2e_mmt,1.6515225249680826e-05
calc.weighted.emissions.propane..co2e_mmt,0.0
calc.weighted.emissions.total_with_cambium_mid_case_15y..co2e_mmt,2.7207508979692932e-05
calc.weighted.emissions.total_with_egrid..co2e_mmt,7.999347344240094e-05
calc.weighted.enduse_group.district_cooling.hvac.energy_consumption..tbtu,0.0
calc.weighted.enduse_group.district_heating.hvac.energy_consumption..tbtu,0.0
calc.weighted.enduse_group.district_heating.interior_equipment.energy_consumption..tbtu,0.0
calc.weighted.enduse_group.district_heating.water_systems.energy_consumption..tbtu,0.0
calc.weighted.enduse_group.electricity.hvac.emissions.egrid_2021_subregion..co2e_mmt,3.189443180964497e-05
calc.weighted.enduse_group.electricity.hvac.energy_consumption..tbtu,0.00020572538355687268
calc.weighted.enduse_group.electricity.interior_equipment.emissions.egrid_2021_subregion..co2e_mmt,6.775814393758067e-06
calc.weighted.enduse_group.electricity.interior_equipment.energy_consumption..tbtu,4.3705340900430154e-05
calc.weighted.enduse_group.electricity.lighting.emissions.egrid_2021_subregion..co2e_mmt,2.4808001989317064e-05
calc.weighted.enduse_group.electricity.lighting.energy_consumption..tbtu,0.00016001651181597656
calc.weighted.enduse_group.electricity.refrigeration.emissions.egrid_2021_subregion..co2e_mmt,0.0
calc.weighted.enduse_group.electricity.refrigeration.energy_consumption..tbtu,0.0
calc.weighted.enduse_group.electricity.water_systems.emissions.egrid_2021_subregion..co2e_mmt,0.0
calc.weighted.enduse_group.electricity.water_systems.energy_consumption..tbtu,0.0
calc.weighted.enduse_group.natural_gas.hvac.emissions..co2e_mmt,1.2276542519363202e-05
calc.weighted.enduse_group.natural_gas.hvac.energy_consumption..tbtu,0.00018373973539600718
calc.weighted.enduse_group.natural_gas.interior_equipment.emissions..co2e_mmt,0.0
calc.weighted.enduse_group.natural_gas.interior_equipment.energy_consumption..tbtu,0.0
calc.weighted.enduse_group.natural_gas.water_systems.emissions..co2e_mmt,4.239867381723527e-06
calc.weighted.enduse_group.natural_gas.water_systems.energy_consumption..tbtu,6.345696352236898e-05
calc.weighted.enduse_group.other_fuel.hvac.emissions..co2e_mmt,0.0
calc.weighted.enduse_group.other_fuel.hvac.energy_consumption..tbtu,0.0
calc.weighted.enduse_group.other_fuel.interior_equipment.emissions..co2e_mmt,0.0
calc.weighted.enduse_group.other_fuel.interior_equipment.energy_consumption..tbtu,0.0
calc.weighted.enduse_group.other_fuel.water_systems.emissions..co2e_mmt,0.0
calc.weighted.enduse_group.other_fuel.water_systems.energy_consumption..tbtu,0.0
calc.weighted.enduse_group.site_energy.hvac.emissions..co2e_mmt,4.7446579835712565e-05
calc.weighted.enduse_group.site_energy.hvac.energy_consumption..tbtu,0.0003894651189528798
calc.weighted.enduse_group.site_energy.interior_equipment.emissions..co2e_mmt,5.324402225941523e-06
calc.weighted.enduse_group.site_energy.interior_equipment.energy_consumption..tbtu,4.3705340900430154e-05
calc.weighted.enduse_group.site_energy.lighting.emissions..co2e_mmt,1.9494008149745334e-05
calc.weighted.enduse_group.site_energy.lighting.energy_consumption..tbtu,0.00016001651181597656
calc.weighted.enduse_group.site_energy.refrigeration.emissions..co2e_mmt,0.0
calc.weighted.enduse_group.site_energy.refrigeration.energy_consumption..tbtu,0.0
calc.weighted.enduse_group.site_energy.water_systems.emissions..co2e_mmt,7.730643231904549e-06
calc.weighted.enduse_group.site_energy.water_systems.energy_consumption..tbtu,6.345696352236898e-05
calc.weighted.natural_gas.cooling.energy_consumption..tbtu,0.0
calc.weighted.natural_gas.heating.energy_consumption..tbtu,0.00018373973539600718
calc.weighted.natural_gas.interior_equipment.energy_consumption..tbtu,0.0
calc.weighted.natural_gas.total.energy_consumption..tbtu,0.00024717896855695607
calc.weighted.natural_gas.water_systems.energy_consumption..tbtu,6.345696352236898e-05
calc.weighted.other_fuel.cooling.energy_consumption..tbtu,0.0
calc.weighted.other_fuel.heating.energy_consumption..tbtu,0.0
calc.weighted.other_fuel.interior_equipment.energy_consumption..tbtu,0.0
calc.weighted.other_fuel.total.energy_consumption..tbtu,0.0
calc.weighted.other_fuel.water_systems.energy_consumption..tbtu,0.0
calc.weighted.savings.district_cooling.cooling.energy_consumption..tbtu,0.0
calc.weighted.savings.district_cooling.total.energy_consumption..tbtu,0.0
calc.weighted.savings.district_heating.cooling.energy_consumption..tbtu,0.0
calc.weighted.savings.district_heating.heating.energy_consumption..tbtu,0.0
calc.weighted.savings.district_heating.total.energy_consumption..tbtu,0.0
calc.weighted.savings.district_heating.water_systems.energy_consumption..tbtu,0.0
calc.weighted.savings.electricity.cooling.energy_consumption..tbtu,0.0
calc.weighted.savings.electricity.exterior_lighting.energy_consumption..tbtu,0.0
calc.weighted.savings.electricity.fans.energy_consumption..tbtu,0.0
calc.weighted.savings.electricity.heat_recovery.energy_consumption..tbtu,0.0
calc.weighted.savings.electricity.heat_rejection.energy_consumption..tbtu,0.0
calc.weighted.savings.electricity.heating.energy_consumption..tbtu,0.0
calc.weighted.savings.electricity.interior_equipment.energy_consumption..tbtu,0.0
calc.weighted.savings.electricity.interior_lighting.energy_consumption..tbtu,0.0
calc.weighted.savings.electricity.pumps.energy_consumption..tbtu,0.0
calc.weighted.savings.electricity.refrigeration.energy_consumption..tbtu,0.0
calc.weighted.savings.electricity.total.energy_consumption..tbtu,0.0
calc.weighted.savings.electricity.water_systems.energy_consumption..tbtu,0.0
calc.weighted.savings.natural_gas.cooling.energy_consumption..tbtu,0.0
calc.weighted.savings.natural_gas.heating.energy_consumption..tbtu,0.0
calc.weighted.savings.natural_gas.interior_equipment.energy_consumption..tbtu,0.0
calc.weighted.savings.natural_gas.total.energy_consumption..tbtu,0.0
calc.weighted.savings.natural_gas.water_systems.energy_consumption..tbtu,0.0
calc.weighted.savings.other_fuel.cooling.energy_consumption..tbtu,0.0
calc.weighted.savings.other_fuel.heating.energy_consumption..tbtu,0.0
calc.weighted.savings.other_fuel.interior_equipment.energy_consumption..tbtu,0.0
calc.weighted.savings.other_fuel.total.energy_consumption..tbtu,0.0
calc.weighted.savings.other_fuel.water_systems.energy_consumption..tbtu,0.0
calc.weighted.savings.site_energy.total.energy_consumption..tbtu,0.0
calc.weighted.site_energy.total.energy_consumption..tbtu,0.0006566262048302353
