,G1600710
metadata_index,107935
upgrade,0
weight,8.53126424238864
in.sqft,3000.0
calc.weighted.sqft,25593.792727165917
in.upgrade_name,Baseline
applicability,True
in.building_america_climate_zone,Cold
in.cambium_grid_region,NWPPc
in.census_division_name,Mountain
in.census_region_name,West
in.cluster_id,31.0
in.cluster_name,Rural Mountain West
in.county_name,"ID, Oneida County"
in.iso_rto_region,None
in.nhgis_puma_gisjoin,G16001300
in.nhgis_tract_gisjoin,G1600710960100
in.reeds_balancing_area,16.0
in.state,ID
in.state_name,Idaho
in.airtightness..m3_per_m2_s,15.0
in.ashrae_iecc_climate_zone_2006,6B
in.aspect_ratio,1
in.building_subtype,NA
in.cejst_is_disadvantaged,True
in.comstock_building_type,QuickServiceRestaurant
in.comstock_building_type_group,Food Service
in.economizer_changeover_temperature_fault_applicable,False
in.economizer_damper_stuck_fault_applicable,False
in.economizer_damper_stuck_fault_timing,No fault
in.ejscreen_census_tract_percentile_for_demographic_index,32.1760024983
in.ejscreen_census_tract_percentile_for_less_than_hs_educ,46.6878694201
in.ejscreen_census_tract_percentile_for_low_income,63.6938526096
in.ejscreen_census_tract_percentile_for_people_in_ling_isol,47.9546097787
in.ejscreen_census_tract_percentile_for_people_of_color,11.0279733207
in.ejscreen_census_tract_percentile_for_people_over_64,76.7404331883
in.ejscreen_census_tract_percentile_percent_people_under_5,55.8411269786
in.energy_code_followed_during_last_ext_lighting_replacement,ComStock 90.1-2007
in.energy_code_followed_during_last_hvac_replacement,ComStock 90.1-2007
in.energy_code_followed_during_last_int_equipment_replacement,ComStock 90.1-2007
in.energy_code_followed_during_last_roof_replacement,ComStock 90.1-2007
in.energy_code_followed_during_last_svc_water_htg_replacement,ComStock 90.1-2007
in.energy_code_followed_during_last_walls_replacement,ComStock 90.1-2007
in.energy_code_followed_during_original_building_construction,ComStock 90.1-2007
in.floor_area_category,1001_5000
in.heating_fuel,Electricity
in.hvac_category,Small Packaged Unit
in.hvac_combined_type,Central Single-zone RTU_Electric Resistance_DX
in.hvac_cool_type,DX
in.hvac_heat_type,Electric Resistance
in.hvac_night_variability,night_fancycle_vent
in.hvac_system_type,PSZ-AC with electric coil
in.hvac_vent_type,Central Single-zone RTU
in.interior_lighting_generation,gen2_t8_halogen
in.number_of_stories,1
in.number_stories,1
in.ownership_type,leased
in.party_responsible_for_operation,building_owner_or_tenant
in.purchase_input_responsibility,building_owner_or_tenant
in.rotation..degrees,270
in.service_water_heating_fuel,NaturalGas
in.tstat_clg_delta_f..delta_f,0
in.tstat_clg_sp_f..f,71
in.tstat_htg_delta_f..delta_f,0
in.tstat_htg_sp_f..f,69
in.vintage,2013 to 2018
in.wall_construction_type,WoodFramed
in.weather_file_2018,USA_UT_Logan.Cache.724796_2018.epw
in.weather_file_tmy3,Malad_City
in.weekday_opening_time..hr,8.25
in.weekday_operating_hours..hr,13.75
in.weekend_opening_time..hr,10
in.weekend_operating_hours..hr,9
in.window_to_wall_ratio_category,2_10pct
in.window_type,Double - LowE - Tinted/Reflective - Aluminum
in.year_built,2014
out.district_cooling.cooling.energy_consumption,0.0
out.district_cooling.cooling.energy_savings,0.0
out.district_cooling.total.energy_consumption,0.0
out.district_cooling.total.energy_savings,0.0
out.district_heating.cooling.energy_consumption,0.0
out.district_heating.cooling.energy_savings,0.0
out.district_heating.heating.energy_consumption,0.0
out.district_heating.heating.energy_savings,0.0
out.district_heating.total.energy_consumption,0.0
out.district_heating.total.energy_savings,0.0
out.district_heating.water_systems.energy_consumption,0.0
out.district_heating.water_systems.energy_savings,0.0
out.electricity.cooling.energy_consumption,13286.111111111111
out.electricity.cooling.energy_savings,0.0
out.electricity.exterior_lighting.energy_consumption,6394.444444444444
out.electricity.exterior_lighting.energy_savings,0.0
out.electricity.fans.energy_consumption,27122.222222222223
out.electricity.fans.energy_savings,0.0
out.electricity.heat_recovery.energy_consumption,0.0
out.electricity.heat_recovery.energy_savings,0.0
out.electricity.heat_rejection.energy_consumption,0.0
out.electricity.heat_rejection.energy_savings,0.0
out.electricity.heating.energy_consumption,18208.333333333332
out.electricity.heating.energy_savings,0.0
out.electricity.interior_equipment.energy_consumption,64327.77777777778
out.electricity.interior_equipment.energy_savings,0.0
out.electricity.interior_lighting.energy_consumption,21480.555555555555
out.electricity.interior_lighting.energy_savings,0.0
out.electricity.pumps.energy_consumption,0.0
out.electricity.pumps.energy_savings,0.0
out.electricity.refrigeration.energy_consumption,10050.0
out.electricity.refrigeration.energy_savings,0.0
out.electricity.total.apr.energy_consumption..kwh,11822.11018386756
out.electricity.total.aug.energy_consumption..kwh,13657.302195449862
out.electricity.total.dec.energy_consumption..kwh,17426.9481281661
out.electricity.total.energy_consumption,160866.66666666666
out.electricity.total.energy_savings,0.0
out.electricity.total.feb.energy_consumption..kwh,13259.047746172753
out.electricity.total.jan.energy_consumption..kwh,14254.363022519394
out.electricity.total.jul.energy_consumption..kwh,14283.206352228388
out.electricity.total.jun.energy_consumption..kwh,12682.83625291658
out.electricity.total.mar.energy_consumption..kwh,12914.950834150572
out.electricity.total.may.energy_consumption..kwh,12596.792047550676
out.electricity.total.nov.energy_consumption..kwh,13088.271020429172
out.electricity.total.oct.energy_consumption..kwh,12356.543716872711
out.electricity.total.sep.energy_consumption..kwh,12523.400550994544
out.electricity.water_systems.energy_consumption,0.0
out.electricity.water_systems.energy_savings,0.0
out.natural_gas.cooling.energy_savings,0.0
out.natural_gas.heating.energy_consumption,0.0
out.natural_gas.heating.energy_savings,0.0
out.natural_gas.interior_equipment.energy_consumption,58636.1111111111
out.natural_gas.interior_equipment.energy_savings,0.0
out.natural_gas.total.energy_consumption,84805.55555555555
out.natural_gas.total.energy_savings,0.0
out.natural_gas.water_systems.energy_consumption,26166.66666666666
out.natural_gas.water_systems.energy_savings,0.0
out.other_fuel.cooling.energy_consumption,0.0
out.other_fuel.cooling.energy_savings,0.0
out.other_fuel.heating.energy_consumption,0.0
out.other_fuel.heating.energy_savings,0.0
out.other_fuel.interior_equipment.energy_savings,0.0
out.other_fuel.total.energy_consumption,0.0
out.other_fuel.total.energy_savings,0.0
out.other_fuel.water_systems.energy_consumption,0.0
out.other_fuel.water_systems.energy_savings,0.0
out.site_energy.total.energy_consumption,245669.44444444444
out.site_energy.total.energy_savings,0.0
out.electricity.total.peak_demand,71.48632
out.district_cooling.cooling.energy_consumption_intensity,0.0
out.district_cooling.cooling.energy_savings_intensity,0.0
out.district_cooling.total.energy_consumption_intensity,0.0
out.district_cooling.total.energy_savings_intensity,0.0
out.district_heating.cooling.energy_consumption_intensity,0.0
out.district_heating.cooling.energy_savings_intensity,0.0
out.district_heating.heating.energy_consumption_intensity,0.0
out.district_heating.heating.energy_savings_intensity,0.0
out.district_heating.total.energy_consumption_intensity,0.0
out.district_heating.total.energy_savings_intensity,0.0
out.district_heating.water_systems.energy_consumption_intensity,0.0
out.district_heating.water_systems.energy_savings_intensity,0.0
out.electricity.cooling.energy_consumption_intensity,4.428703703703704
out.electricity.cooling.energy_savings_intensity,0.0
out.electricity.exterior_lighting.energy_consumption_intensity,2.1314814814814813
out.electricity.exterior_lighting.energy_savings_intensity,0.0
out.electricity.fans.energy_consumption_intensity,9.040740740740741
out.electricity.fans.energy_savings_intensity,0.0
out.electricity.heat_recovery.energy_consumption_intensity,0.0
out.electricity.heat_recovery.energy_savings_intensity,0.0
out.electricity.heat_rejection.energy_consumption_intensity,0.0
out.electricity.heat_rejection.energy_savings_intensity,0.0
out.electricity.heating.energy_consumption_intensity,6.069444444444444
out.electricity.heating.energy_savings_intensity,0.0
out.electricity.interior_equipment.energy_consumption_intensity,21.442592592592593
out.electricity.interior_equipment.energy_savings_intensity,0.0
out.electricity.interior_lighting.energy_consumption_intensity,7.160185185185185
out.electricity.interior_lighting.energy_savings_intensity,0.0
out.electricity.pumps.energy_consumption_intensity,0.0
out.electricity.pumps.energy_savings_intensity,0.0
out.electricity.refrigeration.energy_consumption_intensity,3.35
out.electricity.refrigeration.energy_savings_intensity,0.0
out.electricity.total.energy_consumption_intensity,53.62222222222222
out.electricity.total.energy_savings_intensity,0.0
out.electricity.water_systems.energy_consumption_intensity,0.0
out.electricity.water_systems.energy_savings_intensity,0.0
out.natural_gas.cooling.energy_consumption_intensity,0.0
out.natural_gas.cooling.energy_savings_intensity,0.0
out.natural_gas.heating.energy_consumption_intensity,0.0
out.natural_gas.heating.energy_savings_intensity,0.0
out.natural_gas.interior_equipment.energy_consumption_intensity,19.545370370370367
out.natural_gas.interior_equipment.energy_savings_intensity,0.0
out.natural_gas.total.energy_consumption_intensity,28.268518518518515
out.natural_gas.total.energy_savings_intensity,0.0
out.natural_gas.water_systems.energy_consumption_intensity,8.72222222222222
out.natural_gas.water_systems.energy_savings_intensity,0.0
out.other_fuel.cooling.energy_consumption_intensity,0.0
out.other_fuel.cooling.energy_savings_intensity,0.0
out.other_fuel.heating.energy_consumption_intensity,0.0
out.other_fuel.heating.energy_savings_intensity,0.0
out.other_fuel.interior_equipment.energy_consumption_intensity,0.0
out.other_fuel.interior_equipment.energy_savings_intensity,0.0
out.other_fuel.total.energy_consumption_intensity,0.0
out.other_fuel.total.energy_savings_intensity,0.0
out.other_fuel.water_systems.energy_consumption_intensity,0.0
out.other_fuel.water_systems.energy_savings_intensity,0.0
out.site_energy.total.energy_consumption_intensity,81.88981481481481
out.site_energy.total.energy_savings_intensity,0.0
out.qoi.maximum_daily_peak_apr..kw,27.824484717658528
out.qoi.maximum_daily_peak_aug..kw,32.85330524552476
out.qoi.maximum_daily_peak_dec..kw,60.91407161709929
out.qoi.maximum_daily_peak_feb..kw,67.62422386570063
out.qoi.maximum_daily_peak_jan..kw,39.35847955450937
out.qoi.maximum_daily_peak_jul..kw,32.81437925656701
out.qoi.maximum_daily_peak_jun..kw,30.857897274756755
out.qoi.maximum_daily_peak_mar..kw,38.15375014981585
out.qoi.maximum_daily_peak_may..kw,29.252581233684232
out.qoi.maximum_daily_peak_nov..kw,34.16824380326191
out.qoi.maximum_daily_peak_oct..kw,30.038379666336386
out.qoi.maximum_daily_peak_sep..kw,30.2516140485173
out.qoi.maximum_daily_timing_shoulder_hour..hr,14.198019801980198
out.qoi.maximum_daily_timing_summer_hour..hr,15.0
out.qoi.maximum_daily_timing_winter_hour..hr,11.490654205607477
out.qoi.maximum_daily_use_shoulder..kw,27.55442432598466
out.qoi.maximum_daily_use_shoulder_intensity..w_per_ft2,9.184808108661553
out.qoi.maximum_daily_use_summer..kw,30.80430518615917
out.qoi.maximum_daily_use_summer_intensity..w_per_ft2,10.268101728719724
out.qoi.maximum_daily_use_winter..kw,29.247537490296743
out.qoi.maximum_daily_use_winter_intensity..w_per_ft2,9.749179163432247
out.qoi.median_daily_peak_apr..kw,24.533060914850704
out.qoi.median_daily_peak_aug..kw,29.448827246131597
out.qoi.median_daily_peak_dec..kw,34.98954713548183
out.qoi.median_daily_peak_feb..kw,27.28169287810079
out.qoi.median_daily_peak_jan..kw,28.837916672178164
out.qoi.median_daily_peak_jul..kw,31.07863444915505
out.qoi.median_daily_peak_jun..kw,28.3187811068917
out.qoi.median_daily_peak_mar..kw,26.15644605391816
out.qoi.median_daily_peak_may..kw,26.53557489074478
out.qoi.median_daily_peak_nov..kw,29.096858942125614
out.qoi.median_daily_peak_oct..kw,24.623102479789168
out.qoi.median_daily_peak_sep..kw,27.6284658586683
out.qoi.median_daily_peak_timing_apr..hr,11.0
out.qoi.median_daily_peak_timing_aug..hr,16.0
out.qoi.median_daily_peak_timing_dec..hr,10.0
out.qoi.median_daily_peak_timing_feb..hr,10.5
out.qoi.median_daily_peak_timing_jan..hr,10.0
out.qoi.median_daily_peak_timing_jul..hr,16.0
out.qoi.median_daily_peak_timing_jun..hr,16.0
out.qoi.median_daily_peak_timing_mar..hr,9.0
out.qoi.median_daily_peak_timing_may..hr,14.0
out.qoi.median_daily_peak_timing_nov..hr,10.0
out.qoi.median_daily_peak_timing_oct..hr,11.0
out.qoi.median_daily_peak_timing_sep..hr,16.0
out.qoi.minimum_daily_peak_apr..kw,23.22894310669993
out.qoi.minimum_daily_peak_aug..kw,25.73674292416686
out.qoi.minimum_daily_peak_dec..kw,27.406311244378173
out.qoi.minimum_daily_peak_feb..kw,23.388426492297427
out.qoi.minimum_daily_peak_jan..kw,23.625859156819683
out.qoi.minimum_daily_peak_jul..kw,27.335286053422138
out.qoi.minimum_daily_peak_jun..kw,24.719518652100504
out.qoi.minimum_daily_peak_mar..kw,23.339802232890115
out.qoi.minimum_daily_peak_may..kw,23.210973706612933
out.qoi.minimum_daily_peak_nov..kw,24.026278014571588
out.qoi.minimum_daily_peak_oct..kw,23.06595822307713
out.qoi.minimum_daily_peak_sep..kw,25.235738366668617
out.qoi.minimum_daily_use_shoulder..kw,7.1287267440040045
out.qoi.minimum_daily_use_shoulder_intensity..w_per_ft2,2.376242248001335
out.qoi.minimum_daily_use_summer..kw,7.430481947377667
out.qoi.minimum_daily_use_summer_intensity..w_per_ft2,2.4768273157925558
out.qoi.minimum_daily_use_winter..kw,7.802990786249778
out.qoi.minimum_daily_use_winter_intensity..w_per_ft2,2.6009969287499257
out.qoi.q1_daily_peak_apr..kw,24.07564305925191
out.qoi.q1_daily_peak_aug..kw,28.315641970524908
out.qoi.q1_daily_peak_dec..kw,32.42291823290694
out.qoi.q1_daily_peak_feb..kw,24.410720510556562
out.qoi.q1_daily_peak_jan..kw,26.562303341272656
out.qoi.q1_daily_peak_jul..kw,29.952386242570498
out.qoi.q1_daily_peak_jun..kw,27.01975081033363
out.qoi.q1_daily_peak_mar..kw,24.878850649466095
out.qoi.q1_daily_peak_may..kw,25.65524472115139
out.qoi.q1_daily_peak_nov..kw,26.294823351263876
out.qoi.q1_daily_peak_oct..kw,24.20334763077853
out.qoi.q1_daily_peak_sep..kw,26.810347279090088
out.qoi.q3_daily_peak_apr..kw,25.334008997919362
out.qoi.q3_daily_peak_aug..kw,30.856607058400606
out.qoi.q3_daily_peak_dec..kw,39.36774116348937
out.qoi.q3_daily_peak_feb..kw,32.541567487572976
out.qoi.q3_daily_peak_jan..kw,31.11144908455183
out.qoi.q3_daily_peak_jul..kw,31.612173580872614
out.qoi.q3_daily_peak_jun..kw,29.423470096014164
out.qoi.q3_daily_peak_mar..kw,28.186900757903686
out.qoi.q3_daily_peak_may..kw,26.852563083657927
out.qoi.q3_daily_peak_nov..kw,31.54186524404321
out.qoi.q3_daily_peak_oct..kw,25.36252130566306
out.qoi.q3_daily_peak_sep..kw,28.693769184657214
out.emissions.electricity.aer_95_decarb_by_2035_from_2023..co2e_kg,43650.91820628716
out.emissions.electricity.aer_95_decarb_by_2050_from_2023..co2e_kg,43650.91820628716
out.emissions.electricity.aer_high_re_cost_from_2023..co2e_kg,43821.723514626254
out.emissions.electricity.aer_low_re_cost_from_2023..co2e_kg,42682.317161970524
out.emissions.electricity.aer_mid_case_from_2023..co2e_kg,43626.536905737565
out.emissions.electricity.cooling.aer_95_decarb_by_2035_from_2023..co2e_kg,3254.8369138919934
out.emissions.electricity.cooling.aer_95_decarb_by_2050_from_2023..co2e_kg,3254.8369138919934
out.emissions.electricity.cooling.aer_high_re_cost_from_2023..co2e_kg,3272.2212571951773
out.emissions.electricity.cooling.aer_low_re_cost_from_2023..co2e_kg,3195.8993662811677
out.emissions.electricity.cooling.aer_mid_case_from_2023..co2e_kg,3253.555659547173
out.emissions.electricity.cooling.egrid_2018_state..co2e_kg,9698.811729493398
out.emissions.electricity.cooling.egrid_2018_subregion..co2e_kg,3877.2526863156313
out.emissions.electricity.cooling.egrid_2019_state..co2e_kg,9653.437911795969
out.emissions.electricity.cooling.egrid_2019_subregion..co2e_kg,4338.343241771897
out.emissions.electricity.cooling.egrid_2020_state..co2e_kg,9436.11486225593
out.emissions.electricity.cooling.egrid_2020_subregion..co2e_kg,3638.740323052102
out.emissions.electricity.cooling.egrid_2021_state..co2e_kg,9468.875132278938
out.emissions.electricity.cooling.egrid_2021_subregion..co2e_kg,3848.084233977266
out.emissions.electricity.cooling.lrmer_95_decarb_by_2035_15_2023_start..co2e_kg,755.6318092454626
out.emissions.electricity.cooling.lrmer_95_decarb_by_2035_15_2025_start..co2e_kg,1967.6802493502594
out.emissions.electricity.cooling.lrmer_95_decarb_by_2035_25_2025_start..co2e_kg,1427.5725754455352
out.emissions.electricity.cooling.lrmer_95_decarb_by_2035_30_2023_start..co2e_kg,460.23848942534613
out.emissions.electricity.cooling.lrmer_95_decarb_by_2050_15_2023_start..co2e_kg,1503.5014208111281
out.emissions.electricity.cooling.lrmer_95_decarb_by_2050_30_2023_start..co2e_kg,1072.9485996639307
out.emissions.electricity.cooling.lrmer_high_re_cost_15_2023_start..co2e_kg,2622.867701821427
out.emissions.electricity.cooling.lrmer_high_re_cost_30_2023_start..co2e_kg,2031.672195469169
out.emissions.electricity.cooling.lrmer_low_re_cost_15_2023_start..co2e_kg,1122.0039956894268
out.emissions.electricity.cooling.lrmer_low_re_cost_15_2025_start..co2e_kg,1269.6719081431256
out.emissions.electricity.cooling.lrmer_low_re_cost_25_2025_start..co2e_kg,1099.3423305597375
out.emissions.electricity.cooling.lrmer_low_re_cost_30_2023_start..co2e_kg,903.3676160132393
out.emissions.electricity.cooling.lrmer_mid_case_15_2023_start..co2e_kg,1549.5915203315267
out.emissions.electricity.cooling.lrmer_mid_case_15_2025_start..co2e_kg,3395.776516934041
out.emissions.electricity.cooling.lrmer_mid_case_25_2025_start..co2e_kg,3091.927909431459
out.emissions.electricity.cooling.lrmer_mid_case_30_2023_start..co2e_kg,1353.7258596384272
out.emissions.electricity.egrid_2018_state..co2e_kg,117430.22487616823
out.emissions.electricity.egrid_2018_subregion..co2e_kg,46944.58120794497
out.emissions.electricity.egrid_2019_state..co2e_kg,116880.85266807636
out.emissions.electricity.egrid_2019_subregion..co2e_kg,52527.32362275569
out.emissions.electricity.egrid_2020_state..co2e_kg,114249.57212670283
out.emissions.electricity.egrid_2020_subregion..co2e_kg,44056.74698299445
out.emissions.electricity.egrid_2021_state..co2e_kg,114646.22338492934
out.emissions.electricity.egrid_2021_subregion..co2e_kg,46591.418571849244
out.emissions.electricity.enduse_group.hvac.aer_95_decarb_by_2035_from_2023..co2e_kg,16045.766188765085
out.emissions.electricity.enduse_group.hvac.aer_95_decarb_by_2050_from_2023..co2e_kg,16045.766188765085
out.emissions.electricity.enduse_group.hvac.aer_high_re_cost_from_2023..co2e_kg,16104.111433531747
out.emissions.electricity.enduse_group.hvac.aer_low_re_cost_from_2023..co2e_kg,15688.560470842558
out.emissions.electricity.enduse_group.hvac.aer_mid_case_from_2023..co2e_kg,16036.253709893355
out.emissions.electricity.enduse_group.hvac.egrid_2018_state..co2e_kg,42789.63497028554
out.emissions.electricity.enduse_group.hvac.egrid_2018_subregion..co2e_kg,17105.83025655564
out.emissions.electricity.enduse_group.hvac.egrid_2019_state..co2e_kg,42589.45280873505
out.emissions.electricity.enduse_group.hvac.egrid_2019_subregion..co2e_kg,19140.08941185222
out.emissions.electricity.enduse_group.hvac.egrid_2020_state..co2e_kg,41630.65762641706
out.emissions.electricity.enduse_group.hvac.egrid_2020_subregion..co2e_kg,16053.551148083901
out.emissions.electricity.enduse_group.hvac.egrid_2021_state..co2e_kg,41775.190795521645
out.emissions.electricity.enduse_group.hvac.egrid_2021_subregion..co2e_kg,16977.143623283708
out.emissions.electricity.enduse_group.hvac.lrmer_95_decarb_by_2035_15_2023_start..co2e_kg,5112.942684212196
out.emissions.electricity.enduse_group.hvac.lrmer_95_decarb_by_2035_15_2025_start..co2e_kg,9741.99260517921
out.emissions.electricity.enduse_group.hvac.lrmer_95_decarb_by_2035_25_2025_start..co2e_kg,6933.093909399035
out.emissions.electricity.enduse_group.hvac.lrmer_95_decarb_by_2035_30_2023_start..co2e_kg,3113.9638580633546
out.emissions.electricity.enduse_group.hvac.lrmer_95_decarb_by_2050_15_2023_start..co2e_kg,8339.295741934215
out.emissions.electricity.enduse_group.hvac.lrmer_95_decarb_by_2050_30_2023_start..co2e_kg,5859.533634124434
out.emissions.electricity.enduse_group.hvac.lrmer_high_re_cost_15_2023_start..co2e_kg,11979.919320951367
out.emissions.electricity.enduse_group.hvac.lrmer_high_re_cost_30_2023_start..co2e_kg,9446.306390194948
out.emissions.electricity.enduse_group.hvac.lrmer_low_re_cost_15_2023_start..co2e_kg,6957.013203376388
out.emissions.electricity.enduse_group.hvac.lrmer_low_re_cost_15_2025_start..co2e_kg,7323.862463626887
out.emissions.electricity.enduse_group.hvac.lrmer_low_re_cost_25_2025_start..co2e_kg,5831.750923230335
out.emissions.electricity.enduse_group.hvac.lrmer_low_re_cost_30_2023_start..co2e_kg,5259.181061483863
out.emissions.electricity.enduse_group.hvac.lrmer_mid_case_15_2023_start..co2e_kg,8740.051847390454
out.emissions.electricity.enduse_group.hvac.lrmer_mid_case_15_2025_start..co2e_kg,16263.933147072637
out.emissions.electricity.enduse_group.hvac.lrmer_mid_case_25_2025_start..co2e_kg,14751.065046457765
out.emissions.electricity.enduse_group.hvac.lrmer_mid_case_30_2023_start..co2e_kg,7306.3588482146215
out.emissions.electricity.exterior_lighting.aer_95_decarb_by_2035_from_2023..co2e_kg,1867.1117112979177
out.emissions.electricity.exterior_lighting.aer_95_decarb_by_2050_from_2023..co2e_kg,1867.1117112979177
out.emissions.electricity.exterior_lighting.aer_high_re_cost_from_2023..co2e_kg,1873.3217340499632
out.emissions.electricity.exterior_lighting.aer_low_re_cost_from_2023..co2e_kg,1824.013867958421
out.emissions.electricity.exterior_lighting.aer_mid_case_from_2023..co2e_kg,1866.0783849949473
out.emissions.electricity.exterior_lighting.egrid_2018_state..co2e_kg,4667.421041116511
out.emissions.electricity.exterior_lighting.egrid_2018_subregion..co2e_kg,1865.875044754617
out.emissions.electricity.exterior_lighting.egrid_2019_state..co2e_kg,4645.5855093685595
out.emissions.electricity.exterior_lighting.egrid_2019_subregion..co2e_kg,2087.768594234733
out.emissions.electricity.exterior_lighting.egrid_2020_state..co2e_kg,4541.00175184925
out.emissions.electricity.exterior_lighting.egrid_2020_subregion..co2e_kg,1751.0942186171897
out.emissions.electricity.exterior_lighting.egrid_2021_state..co2e_kg,4556.76718558306
out.emissions.electricity.exterior_lighting.egrid_2021_subregion..co2e_kg,1851.8381243588026
out.emissions.electricity.exterior_lighting.lrmer_95_decarb_by_2035_15_2023_start..co2e_kg,909.8010451791506
out.emissions.electricity.exterior_lighting.lrmer_95_decarb_by_2035_15_2025_start..co2e_kg,1226.3231705192784
out.emissions.electricity.exterior_lighting.lrmer_95_decarb_by_2035_25_2025_start..co2e_kg,870.2499909086222
out.emissions.electricity.exterior_lighting.lrmer_95_decarb_by_2035_30_2023_start..co2e_kg,554.1385827266106
out.emissions.electricity.exterior_lighting.lrmer_95_decarb_by_2050_15_2023_start..co2e_kg,1220.3448270325302
out.emissions.electricity.exterior_lighting.lrmer_95_decarb_by_2050_30_2023_start..co2e_kg,840.0852260924614
out.emissions.electricity.exterior_lighting.lrmer_high_re_cost_15_2023_start..co2e_kg,1489.555695664828
out.emissions.electricity.exterior_lighting.lrmer_high_re_cost_30_2023_start..co2e_kg,1183.3754299741354
out.emissions.electricity.exterior_lighting.lrmer_low_re_cost_15_2023_start..co2e_kg,1113.9547949333885
out.emissions.electricity.exterior_lighting.lrmer_low_re_cost_15_2025_start..co2e_kg,1014.2235974096526
out.emissions.electricity.exterior_lighting.lrmer_low_re_cost_25_2025_start..co2e_kg,790.6386074531468
out.emissions.electricity.exterior_lighting.lrmer_low_re_cost_30_2023_start..co2e_kg,802.160302434605
out.emissions.electricity.exterior_lighting.lrmer_mid_case_15_2023_start..co2e_kg,1301.4908470204393
out.emissions.electricity.exterior_lighting.lrmer_mid_case_15_2025_start..co2e_kg,2086.0999805541683
out.emissions.electricity.exterior_lighting.lrmer_mid_case_25_2025_start..co2e_kg,1877.408545704294
out.emissions.electricity.exterior_lighting.lrmer_mid_case_30_2023_start..co2e_kg,1036.9548875915116
out.emissions.electricity.heating.aer_95_decarb_by_2035_from_2023..co2e_kg,5676.985028610569
out.emissions.electricity.heating.aer_95_decarb_by_2050_from_2023..co2e_kg,5676.985028610569
out.emissions.electricity.heating.aer_high_re_cost_from_2023..co2e_kg,5688.022248677398
out.emissions.electricity.heating.aer_low_re_cost_from_2023..co2e_kg,5533.767152280947
out.emissions.electricity.heating.aer_mid_case_from_2023..co2e_kg,5671.9141904033395
out.emissions.electricity.heating.egrid_2018_state..co2e_kg,13291.863697988469
out.emissions.electricity.heating.egrid_2018_subregion..co2e_kg,5313.631779494179
out.emissions.electricity.heating.egrid_2019_state..co2e_kg,13229.68055461869
out.emissions.electricity.heating.egrid_2019_subregion..co2e_kg,5945.539376681303
out.emissions.electricity.heating.egrid_2020_state..co2e_kg,12931.84733200511
out.emissions.electricity.heating.egrid_2020_subregion..co2e_kg,4986.75938407038
out.emissions.electricity.heating.egrid_2021_state..co2e_kg,12976.744073585416
out.emissions.electricity.heating.egrid_2021_subregion..co2e_kg,5273.65749155292
out.emissions.electricity.heating.lrmer_95_decarb_by_2035_15_2023_start..co2e_kg,2279.9536154791417
out.emissions.electricity.heating.lrmer_95_decarb_by_2035_15_2025_start..co2e_kg,3412.0298099404777
out.emissions.electricity.heating.lrmer_95_decarb_by_2035_25_2025_start..co2e_kg,2399.616573196704
out.emissions.electricity.heating.lrmer_95_decarb_by_2035_30_2023_start..co2e_kg,1388.506139407178
out.emissions.electricity.heating.lrmer_95_decarb_by_2050_15_2023_start..co2e_kg,3286.689964101965
out.emissions.electricity.heating.lrmer_95_decarb_by_2050_30_2023_start..co2e_kg,2281.2003900603313
out.emissions.electricity.heating.lrmer_high_re_cost_15_2023_start..co2e_kg,3951.4460825542697
out.emissions.electricity.heating.lrmer_high_re_cost_30_2023_start..co2e_kg,3171.5264992218
out.emissions.electricity.heating.lrmer_low_re_cost_15_2023_start..co2e_kg,2969.6793012485114
out.emissions.electricity.heating.lrmer_low_re_cost_15_2025_start..co2e_kg,2864.261868673129
out.emissions.electricity.heating.lrmer_low_re_cost_25_2025_start..co2e_kg,2170.342312233771
out.emissions.electricity.heating.lrmer_low_re_cost_30_2023_start..co2e_kg,2151.7145063139656
out.emissions.electricity.heating.lrmer_mid_case_15_2023_start..co2e_kg,3474.1235117624788
out.emissions.electricity.heating.lrmer_mid_case_15_2025_start..co2e_kg,5603.068695326128
out.emissions.electricity.heating.lrmer_mid_case_25_2025_start..co2e_kg,5088.960662432259
out.emissions.electricity.heating.lrmer_mid_case_30_2023_start..co2e_kg,2814.3401758432215
out.emissions.electricity.interior_equipment.aer_95_decarb_by_2035_from_2023..co2e_kg,17089.74076432811
out.emissions.electricity.interior_equipment.aer_95_decarb_by_2050_from_2023..co2e_kg,17089.74076432811
out.emissions.electricity.interior_equipment.aer_high_re_cost_from_2023..co2e_kg,17161.136669037103
out.emissions.electricity.interior_equipment.aer_low_re_cost_from_2023..co2e_kg,16714.52123731629
out.emissions.electricity.interior_equipment.aer_mid_case_from_2023..co2e_kg,17080.74425858247
out.emissions.electricity.interior_equipment.egrid_2018_state..co2e_kg,46957.69200616641
out.emissions.electricity.interior_equipment.egrid_2018_subregion..co2e_kg,18772.076678263427
out.emissions.electricity.interior_equipment.egrid_2019_state..co2e_kg,46738.01048063472
out.emissions.electricity.interior_equipment.egrid_2019_subregion..co2e_kg,21004.489152487055
out.emissions.electricity.interior_equipment.egrid_2020_state..co2e_kg,45685.820881458436
out.emissions.electricity.interior_equipment.egrid_2020_subregion..co2e_kg,17617.29706131991
out.emissions.electricity.interior_equipment.egrid_2021_state..co2e_kg,45844.43275193131
out.emissions.electricity.interior_equipment.egrid_2021_subregion..co2e_kg,18630.85492456793
out.emissions.electricity.interior_equipment.lrmer_95_decarb_by_2035_15_2023_start..co2e_kg,4962.135126779946
out.emissions.electricity.interior_equipment.lrmer_95_decarb_by_2035_15_2025_start..co2e_kg,10346.21472201116
out.emissions.electricity.interior_equipment.lrmer_95_decarb_by_2035_25_2025_start..co2e_kg,7364.013712221163
out.emissions.electricity.interior_equipment.lrmer_95_decarb_by_2035_30_2023_start..co2e_kg,3022.195579655181
out.emissions.electricity.interior_equipment.lrmer_95_decarb_by_2050_15_2023_start..co2e_kg,8451.920499099686
out.emissions.electricity.interior_equipment.lrmer_95_decarb_by_2050_30_2023_start..co2e_kg,5965.276227591251
out.emissions.electricity.interior_equipment.lrmer_high_re_cost_15_2023_start..co2e_kg,12833.146988653529
out.emissions.electricity.interior_equipment.lrmer_high_re_cost_30_2023_start..co2e_kg,10079.03264340483
out.emissions.electricity.interior_equipment.lrmer_low_re_cost_15_2023_start..co2e_kg,6834.975538864823
out.emissions.electricity.interior_equipment.lrmer_low_re_cost_15_2025_start..co2e_kg,7619.917191357254
out.emissions.electricity.interior_equipment.lrmer_low_re_cost_25_2025_start..co2e_kg,6114.490531054405
out.emissions.electricity.interior_equipment.lrmer_low_re_cost_30_2023_start..co2e_kg,5250.357398003422
out.emissions.electricity.interior_equipment.lrmer_mid_case_15_2023_start..co2e_kg,8850.388680997441
out.emissions.electricity.interior_equipment.lrmer_mid_case_15_2025_start..co2e_kg,17233.77611110068
out.emissions.electricity.interior_equipment.lrmer_mid_case_25_2025_start..co2e_kg,15585.29489202258
out.emissions.electricity.interior_equipment.lrmer_mid_case_30_2023_start..co2e_kg,7469.723710476999
out.emissions.electricity.interior_equipment_fuel_oil_ghg_emissions..co2e_kg,0.0
out.emissions.electricity.interior_equipment_natural_gas_ghg_emissions..co2e_kg,13368.075538316181
out.emissions.electricity.interior_equipment_propane_ghg_emissions..co2e_kg,0.0
out.emissions.electricity.interior_lighting.aer_95_decarb_by_2035_from_2023..co2e_kg,5898.9341077891095
out.emissions.electricity.interior_lighting.aer_95_decarb_by_2050_from_2023..co2e_kg,5898.9341077891095
out.emissions.electricity.interior_lighting.aer_high_re_cost_from_2023..co2e_kg,5922.608055651446
out.emissions.electricity.interior_lighting.aer_low_re_cost_from_2023..co2e_kg,5766.748136515958
out.emissions.electricity.interior_lighting.aer_mid_case_from_2023..co2e_kg,5895.618676304706
out.emissions.electricity.interior_lighting.egrid_2018_state..co2e_kg,15680.02155820304
out.emissions.electricity.interior_lighting.egrid_2018_subregion..co2e_kg,6268.335483114415
out.emissions.electricity.interior_lighting.egrid_2019_state..co2e_kg,15606.665928718025
out.emissions.electricity.interior_lighting.egrid_2019_subregion..co2e_kg,7013.778332350514
out.emissions.electricity.interior_lighting.egrid_2020_state..co2e_kg,15255.32081583993
out.emissions.electricity.interior_lighting.egrid_2020_subregion..co2e_kg,5882.733710219145
out.emissions.electricity.interior_lighting.egrid_2021_state..co2e_kg,15308.284184398908
out.emissions.electricity.interior_lighting.egrid_2021_subregion..co2e_kg,6221.178988665288
out.emissions.electricity.interior_lighting.lrmer_95_decarb_by_2035_15_2023_start..co2e_kg,2066.684389531599
out.emissions.electricity.interior_lighting.lrmer_95_decarb_by_2035_15_2025_start..co2e_kg,3635.9849492954904
out.emissions.electricity.interior_lighting.lrmer_95_decarb_by_2035_25_2025_start..co2e_kg,2586.418029455328
out.emissions.electricity.interior_lighting.lrmer_95_decarb_by_2035_30_2023_start..co2e_kg,1258.7464499252171
out.emissions.electricity.interior_lighting.lrmer_95_decarb_by_2050_15_2023_start..co2e_kg,3194.5725324338605
out.emissions.electricity.interior_lighting.lrmer_95_decarb_by_2050_30_2023_start..co2e_kg,2232.6929291175197
out.emissions.electricity.interior_lighting.lrmer_high_re_cost_15_2023_start..co2e_kg,4507.934347259035
out.emissions.electricity.interior_lighting.lrmer_high_re_cost_30_2023_start..co2e_kg,3550.125875095924
out.emissions.electricity.interior_lighting.lrmer_low_re_cost_15_2023_start..co2e_kg,2693.1245691093045
out.emissions.electricity.interior_lighting.lrmer_low_re_cost_15_2025_start..co2e_kg,2788.525081999135
out.emissions.electricity.interior_lighting.lrmer_low_re_cost_25_2025_start..co2e_kg,2218.296904548395
out.emissions.electricity.interior_lighting.lrmer_low_re_cost_30_2023_start..co2e_kg,2015.6791195045046
out.emissions.electricity.interior_lighting.lrmer_mid_case_15_2023_start..co2e_kg,3363.8832486121246
out.emissions.electricity.interior_lighting.lrmer_mid_case_15_2025_start..co2e_kg,6129.390381616597
out.emissions.electricity.interior_lighting.lrmer_mid_case_25_2025_start..co2e_kg,5525.442265799905
out.emissions.electricity.interior_lighting.lrmer_mid_case_30_2023_start..co2e_kg,2776.117500491907
out.emissions.electricity.lrmer_95_decarb_by_2035_15_2023_start..co2e_kg,13996.158615541579
out.emissions.electricity.lrmer_95_decarb_by_2035_15_2025_start..co2e_kg,26640.391890493363
out.emissions.electricity.lrmer_95_decarb_by_2035_25_2025_start..co2e_kg,18957.147833329553
out.emissions.electricity.lrmer_95_decarb_by_2035_30_2023_start..co2e_kg,8524.365631523226
out.emissions.electricity.lrmer_95_decarb_by_2050_15_2023_start..co2e_kg,22681.767046841258
out.emissions.electricity.lrmer_95_decarb_by_2050_30_2023_start..co2e_kg,15929.870537645804
out.emissions.electricity.lrmer_high_re_cost_15_2023_start..co2e_kg,32913.573261555684
out.emissions.electricity.lrmer_high_re_cost_30_2023_start..co2e_kg,25913.613543414154
out.emissions.electricity.lrmer_low_re_cost_15_2023_start..co2e_kg,18836.929826944466
out.emissions.electricity.lrmer_low_re_cost_15_2025_start..co2e_kg,20032.881674188375
out.emissions.electricity.lrmer_low_re_cost_25_2025_start..co2e_kg,15982.456500127611
out.emissions.electricity.lrmer_low_re_cost_30_2023_start..co2e_kg,14256.426039232476
out.emissions.electricity.lrmer_mid_case_15_2023_start..co2e_kg,23807.78068945611
out.emissions.electricity.lrmer_mid_case_15_2025_start..co2e_kg,44566.13340918795
out.emissions.electricity.lrmer_mid_case_25_2025_start..co2e_kg,40312.98441077499
out.emissions.electricity.lrmer_mid_case_30_2023_start..co2e_kg,19873.278344635077
out.emissions.electricity.refrigeration.aer_95_decarb_by_2035_from_2023..co2e_kg,2749.3654341067627
out.emissions.electricity.refrigeration.aer_95_decarb_by_2050_from_2023..co2e_kg,2749.3654341067627
out.emissions.electricity.refrigeration.aer_high_re_cost_from_2023..co2e_kg,2760.5456223559904
out.emissions.electricity.refrigeration.aer_low_re_cost_from_2023..co2e_kg,2688.473449337273
out.emissions.electricity.refrigeration.aer_mid_case_from_2023..co2e_kg,2747.841875962076
out.emissions.electricity.refrigeration.egrid_2018_state..co2e_kg,7335.455300396622
out.emissions.electricity.refrigeration.egrid_2018_subregion..co2e_kg,2932.463745256826
out.emissions.electricity.refrigeration.egrid_2019_state..co2e_kg,7301.1379406198885
out.emissions.electricity.refrigeration.egrid_2019_subregion..co2e_kg,3281.1981318311236
out.emissions.electricity.refrigeration.egrid_2020_state..co2e_kg,7136.7710511380465
out.emissions.electricity.refrigeration.egrid_2020_subregion..co2e_kg,2752.0708447542643
out.emissions.electricity.refrigeration.egrid_2021_state..co2e_kg,7161.548467494312
out.emissions.electricity.refrigeration.egrid_2021_subregion..co2e_kg,2910.4029109734693
out.emissions.electricity.refrigeration.lrmer_95_decarb_by_2035_15_2023_start..co2e_kg,944.5953698386946
out.emissions.electricity.refrigeration.lrmer_95_decarb_by_2035_15_2025_start..co2e_kg,1689.8764434881282
out.emissions.electricity.refrigeration.lrmer_95_decarb_by_2035_25_2025_start..co2e_kg,1203.3721913454674
out.emissions.electricity.refrigeration.lrmer_95_decarb_by_2035_30_2023_start..co2e_kg,575.3211611528192
out.emissions.electricity.refrigeration.lrmer_95_decarb_by_2050_15_2023_start..co2e_kg,1475.6334463409787
out.emissions.electricity.refrigeration.lrmer_95_decarb_by_2050_30_2023_start..co2e_kg,1032.282520720096
out.emissions.electricity.refrigeration.lrmer_high_re_cost_15_2023_start..co2e_kg,2103.016909026824
out.emissions.electricity.refrigeration.lrmer_high_re_cost_30_2023_start..co2e_kg,1654.77320474422
out.emissions.electricity.refrigeration.lrmer_low_re_cost_15_2023_start..co2e_kg,1237.8617206606136
out.emissions.electricity.refrigeration.lrmer_low_re_cost_15_2025_start..co2e_kg,1286.3533397953393
out.emissions.electricity.refrigeration.lrmer_low_re_cost_25_2025_start..co2e_kg,1027.2795338413132
out.emissions.electricity.refrigeration.lrmer_low_re_cost_30_2023_start..co2e_kg,929.0481578061058
out.emissions.electricity.refrigeration.lrmer_mid_case_15_2023_start..co2e_kg,1551.9660654356028
out.emissions.electricity.refrigeration.lrmer_mid_case_15_2025_start..co2e_kg,2852.9337888437976
out.emissions.electricity.refrigeration.lrmer_mid_case_25_2025_start..co2e_kg,2573.773660790369
out.emissions.electricity.refrigeration.lrmer_mid_case_30_2023_start..co2e_kg,1284.123397860016
out.emissions.electricity.water_systems.aer_95_decarb_by_2035_from_2023..co2e_kg,0.0
out.emissions.electricity.water_systems.aer_95_decarb_by_2050_from_2023..co2e_kg,0.0
out.emissions.electricity.water_systems.aer_high_re_cost_from_2023..co2e_kg,0.0
out.emissions.electricity.water_systems.aer_low_re_cost_from_2023..co2e_kg,0.0
out.emissions.electricity.water_systems.aer_mid_case_from_2023..co2e_kg,0.0
out.emissions.electricity.water_systems.egrid_2018_state..co2e_kg,0.0
out.emissions.electricity.water_systems.egrid_2018_subregion..co2e_kg,0.0
out.emissions.electricity.water_systems.egrid_2019_state..co2e_kg,0.0
out.emissions.electricity.water_systems.egrid_2019_subregion..co2e_kg,0.0
out.emissions.electricity.water_systems.egrid_2020_state..co2e_kg,0.0
out.emissions.electricity.water_systems.egrid_2020_subregion..co2e_kg,0.0
out.emissions.electricity.water_systems.egrid_2021_state..co2e_kg,0.0
out.emissions.electricity.water_systems.egrid_2021_subregion..co2e_kg,0.0
out.emissions.electricity.water_systems.lrmer_95_decarb_by_2035_15_2023_start..co2e_kg,0.0
out.emissions.electricity.water_systems.lrmer_95_decarb_by_2035_15_2025_start..co2e_kg,0.0
out.emissions.electricity.water_systems.lrmer_95_decarb_by_2035_25_2025_start..co2e_kg,0.0
out.emissions.electricity.water_systems.lrmer_95_decarb_by_2035_30_2023_start..co2e_kg,0.0
out.emissions.electricity.water_systems.lrmer_95_decarb_by_2050_15_2023_start..co2e_kg,0.0
out.emissions.electricity.water_systems.lrmer_95_decarb_by_2050_30_2023_start..co2e_kg,0.0
out.emissions.electricity.water_systems.lrmer_high_re_cost_15_2023_start..co2e_kg,0.0
out.emissions.electricity.water_systems.lrmer_high_re_cost_30_2023_start..co2e_kg,0.0
out.emissions.electricity.water_systems.lrmer_low_re_cost_15_2023_start..co2e_kg,0.0
out.emissions.electricity.water_systems.lrmer_low_re_cost_15_2025_start..co2e_kg,0.0
out.emissions.electricity.water_systems.lrmer_low_re_cost_25_2025_start..co2e_kg,0.0
out.emissions.electricity.water_systems.lrmer_low_re_cost_30_2023_start..co2e_kg,0.0
out.emissions.electricity.water_systems.lrmer_mid_case_15_2023_start..co2e_kg,0.0
out.emissions.electricity.water_systems.lrmer_mid_case_15_2025_start..co2e_kg,0.0
out.emissions.electricity.water_systems.lrmer_mid_case_25_2025_start..co2e_kg,0.0
out.emissions.electricity.water_systems.lrmer_mid_case_30_2023_start..co2e_kg,0.0
out.emissions.fuel_oil..co2e_kg,0.0
out.emissions.fuel_oil.enduse_group.hvac..co2e_kg,0.0
out.emissions.fuel_oil.heating..co2e_kg,0.0
out.emissions.fuel_oil.water_systems..co2e_kg,0.0
out.emissions.natural_gas..co2e_kg,19333.729162055824
out.emissions.natural_gas.enduse_group.hvac..co2e_kg,0.0
out.emissions.natural_gas.heating..co2e_kg,0.0
out.emissions.natural_gas.water_systems..co2e_kg,5965.653623739722
out.emissions.propane..co2e_kg,0.0
out.emissions.propane.enduse_group.hvac..co2e_kg,0.0
out.emissions.propane.heating..co2e_kg,0.0
out.emissions.propane.water_systems..co2e_kg,0.0
out.utility_bills.electricity_bill_intensity..usd_per_ft2,4.0986666666666665
out.utility_bills.electricity_bill_max..usd,15082.0
out.utility_bills.electricity_bill_mean..usd,12296.0
out.utility_bills.electricity_bill_median..usd,12485.0
out.utility_bills.electricity_bill_min..usd,8713.0
out.utility_bills.electricity_bill_number_of_rates..usd,6.0
out.utility_bills.electricity_energy_rate..usd_per_kwh,0.07643597181931207
out.utility_bills.electricity_utility_eia_id,9191
out.utility_bills.fuel_oil_bill..usd,
out.utility_bills.fuel_oil_bill_intensity..usd_per_ft2,
out.utility_bills.fuel_oil_rate_name,
out.utility_bills.natural_gas_bill..usd,2026.0
out.utility_bills.natural_gas_bill_intensity..usd_per_ft2,0.6753333333333333
out.utility_bills.natural_gas_energy_rate..usd_per_kwh,0.023889944317065183
out.utility_bills.natural_gas_rate_name,EIA 2022 Average Commercial Natural Gas Price for ID
out.utility_bills.propane_bill..usd,
out.utility_bills.propane_bill_intensity..usd_per_ft2,
out.utility_bills.propane_rate_name,
out.params.air_system_fan_power_minimum_flow_fraction,0.0
out.params.air_system_fan_static_pressure..inwc,0.0
out.params.air_system_fan_total_efficiency,0.0
out.params.area_fraction_with_dcv,0.0
out.params.area_fraction_with_economizer,0.0
out.params.area_fraction_with_heat_recovery,0.0
out.params.area_fraction_with_motorized_oa_damper,1.0
out.params.area_fraction_with_mz_vav_optimization,0.0
out.params.area_fraction_with_supply_air_temperature_reset,0.0
out.params.area_fraction_with_unoccupied_shutdown,1.0
out.params.average_cooling_setpoint_max..c,21.6666666666667
out.params.average_cooling_setpoint_min..c,21.6666666666667
out.params.average_heating_setpoint_max..c,20.5555555555556
out.params.average_heating_setpoint_min..c,20.5555555555556
out.params.average_outdoor_air_fraction,0.2646977747862985
out.params.average_roof_absorptance,0.7
out.params.average_roof_u_value..btu_per_ft2_f_hr,0.04801807096267274
out.params.average_wall_u_value..btu_per_ft2_f_hr,0.05100156127039298
out.params.average_window_shgc,0.275
out.params.average_window_u_value..btu_per_ft2_f_hr,0.55774037
out.params.average_window_vlt,0.36
out.params.boiler_average_efficiency,0.0
out.params.boiler_cap_weight_efficiency,0.0
out.params.boiler_capacity..kbtu_per_hr,0.0
out.params.boiler_electric..j,0.0
out.params.boiler_gas..j,0.0
out.params.boiler_load..j,0.0
out.params.boiler_load_weight_efficiency,0.0
out.params.boiler_other_fuel..j,0.0
out.params.booster_water_heater_electric..j,0.0
out.params.booster_water_heater_gas..j,0.0
out.params.broiler_fuel_type,Gas
out.params.building_fraction_cooled,1.0
out.params.building_fraction_heated,1.0
out.params.cdd50f,2855.006546502965
out.params.cdd65f,1015.4979036458279
out.params.chiller_average_cop..cop,0.0
out.params.chiller_capacity..tons,0.0
out.params.cooling_equipment_capacity..tons,16.799870932066217
out.params.daylight_control_fraction,0.0
out.params.design_chiller_cop..cop,0.0
out.params.design_outdoor_air_flow_rate..m3_per_m2_s,0.0023431500000000013
out.params.dining_type,Pizza A
out.params.dx_cooling_average_cop..cop,4.160288109786862
out.params.dx_cooling_capacity_tons..tons,16.799870932066217
out.params.dx_cooling_design_cop..cop,3.9115680686146614
out.params.dx_cooling_design_eer_135_to_240_kbtuh..eer,0.0
out.params.dx_cooling_design_eer_240_to_760_kbtuh..eer,0.0
out.params.dx_cooling_design_eer_65_to_135_kbtuh..eer,0.0
out.params.dx_cooling_design_eer_760_plus_kbtuh..eer,0.0
out.params.dx_cooling_design_ieer_135_to_240_kbtuh..ieer,0.0
out.params.dx_cooling_design_ieer_240_to_760_kbtuh..ieer,0.0
out.params.dx_cooling_design_ieer_65_to_135_kbtuh..ieer,0.0
out.params.dx_cooling_design_ieer_760_plus_kbtuh..ieer,0.0
out.params.dx_cooling_design_seer_0_to_30_kbtuh..seer,0.0
out.params.dx_cooling_design_seer_30_to_65_kbtuh..seer,0.0
out.params.dx_cooling_electric..j,47830485026.8843
out.params.dx_cooling_load..j,198954108003.42307
out.params.dx_heating_average_cop..cop,0.0
out.params.dx_heating_average_minimum_operating_temperature..c,0.0
out.params.dx_heating_average_total_cop..cop,0.0
out.params.dx_heating_capacity_at_0f..kbtu_per_hr,0.0
out.params.dx_heating_capacity_at_17f..kbtu_per_hr,0.0
out.params.dx_heating_capacity_at_5f..kbtu_per_hr,0.0
out.params.dx_heating_capacity_at_rated..kbtu_per_hr,0.0
out.params.dx_heating_defrost_energy..kbtu,0.0
out.params.dx_heating_design_cop..cop,0.0
out.params.dx_heating_design_cop_0f..cop,0.0
out.params.dx_heating_design_cop_135_to_240_kbtuh..cop,0.0
out.params.dx_heating_design_cop_17f..cop,0.0
out.params.dx_heating_design_cop_240_plus_kbtuh..cop,0.0
out.params.dx_heating_design_cop_5f..cop,0.0
out.params.dx_heating_design_cop_65_to_135_kbtuh..cop,0.0
out.params.dx_heating_design_hspf_0_to_30_kbtuh..hspf,0.0
out.params.dx_heating_design_hspf_30_to_65_kbtuh..hspf,0.0
out.params.dx_heating_fraction_electric_defrost,0.0
out.params.dx_heating_fraction_electric_supplemental,0.0
out.params.dx_heating_fraction_supplemental,0.0
out.params.dx_heating_hours_below_minus_20f..hr,0.0
out.params.dx_heating_ratio_defrost,0.0
out.params.dx_heating_supplemental_capacity..kbtu_per_hr,0.0
out.params.dx_heating_supplemental_capacity_electric..kbtu_per_hr,0.0
out.params.dx_heating_supplemental_capacity_gas..kbtu_per_hr,0.0
out.params.dx_heating_total_dx_electric..j,0.0
out.params.dx_heating_total_dx_load..j,0.0
out.params.dx_heating_total_load..j,0.0
out.params.dx_heating_total_supplemental_electric..j,0.0
out.params.dx_heating_total_supplemental_gas..j,0.0
out.params.dx_heating_total_supplemental_load..j,0.0
out.params.dx_heating_total_supplemental_load_electric..j,0.0
out.params.dx_heating_total_supplemental_load_gas..j,0.0
out.params.economizer_control_type,NoEconomizer
out.params.economizer_high_limit_enthalpy..j_per_kg,-999.0
out.params.economizer_high_limit_temperature..c,-999.0
out.params.elevator_energy_consumption..kwh,0.0
out.params.ext_roof_area..m2,278.7091199999998
out.params.ext_wall_area..m2,191.32794091470583
out.params.ext_window_area..m2,12.21
out.params.exterior_lighting_power..w,1685.89
out.params.fluid_hx_demand_inlet_temp..c,-999.0
out.params.fluid_hx_demand_outlet_temp..c,-999.0
out.params.fluid_hx_supply_inlet_temp..c,-999.0
out.params.fluid_hx_supply_outlet_temp..c,-999.0
out.params.fluid_hx_transfer_energy..j,0.0
out.params.fryer_fuel_type,Gas
out.params.furnace_capacity..kbtu_per_hr,0.0
out.params.gas_coil_average_efficiency,0.0
out.params.ghx_borehole_depth..ft,0.0
out.params.ghx_flow_rate..ft3_per_min,0.0
out.params.ghx_num_boreholes,0.0
out.params.griddle_fuel_type,Electric
out.params.hdd50f,3120.0105376758784
out.params.hdd65f,6755.501894818742
out.params.heat_pump_cooling_average_cop..cop,0.0
out.params.heat_pump_cooling_cap_weight_cop..cop,0.0
out.params.heat_pump_cooling_capacity..kbtu_per_hr,0.0
out.params.heat_pump_cooling_load_weight_cop..cop,0.0
out.params.heat_pump_cooling_source_inlet_temp..c,-999.0
out.params.heat_pump_cooling_total_electric..j,0.0
out.params.heat_pump_cooling_total_load..j,0.0
out.params.heat_pump_heating_average_cop..cop,0.0
out.params.heat_pump_heating_cap_weight_cop..cop,0.0
out.params.heat_pump_heating_capacity..kbtu_per_hr,0.0
out.params.heat_pump_heating_load_weight_cop..cop,0.0
out.params.heat_pump_heating_source_inlet_temp..c,-999.0
out.params.heat_pump_heating_total_electric..j,0.0
out.params.heat_pump_heating_total_load..j,0.0
out.params.heating_equipment..kbtu_per_hr,0.0
out.params.hot_water_loop_boiler_fraction,0.0
out.params.hot_water_loop_heat_pump_fraction,0.0
out.params.hot_water_loop_load..j,0.0
out.params.hot_water_volume..m3,354.32003526794267
out.params.hours_above_65f..hr,1996.0
out.params.hours_below_0f..hr,2.0
out.params.hours_below_17f..hr,325.0
out.params.hours_below_50f..hr,4690.0
out.params.hours_below_5f..hr,22.0
out.params.hours_cooling_setpoint_not_met..hr,0.0
out.params.hours_heating_setpoint_not_met..hr,22.75
out.params.hp_water_heater_0_to_40_gal_capacity..w,0.0
out.params.hp_water_heater_0_to_40_gal_cop..cop,0.0
out.params.hp_water_heater_0_to_40_gal_count,0.0
out.params.hp_water_heater_0_to_40_gal_total_volume..gal,0.0
out.params.hp_water_heater_40_to_65_gal_capacity..w,0.0
out.params.hp_water_heater_40_to_65_gal_cop..cop,0.0
out.params.hp_water_heater_40_to_65_gal_count,0.0
out.params.hp_water_heater_40_to_65_gal_total_volume..gal,0.0
out.params.hp_water_heater_65_to_90_gal_capacity..w,0.0
out.params.hp_water_heater_65_to_90_gal_cop..cop,0.0
out.params.hp_water_heater_65_to_90_gal_count,0.0
out.params.hp_water_heater_65_to_90_gal_total_volume..gal,0.0
out.params.hp_water_heater_90_plus_capacity..w,0.0
out.params.hp_water_heater_90_plus_gal_cop..cop,0.0
out.params.hp_water_heater_90_plus_gal_count,0.0
out.params.hp_water_heater_90_plus_gal_total_volume..gal,0.0
out.params.hp_water_heater_backup_electric..j,0.0
out.params.hp_water_heater_capacity..w,0.0
out.params.hp_water_heater_cop..cop,0.0
out.params.hp_water_heater_count,0.0
out.params.hp_water_heater_heat_pump_electric..j,0.0
out.params.hp_water_heater_heat_pump_output..j,0.0
out.params.hp_water_heater_tank_output..j,0.0
out.params.hp_water_heater_total_electric..j,0.0
out.params.hp_water_heater_total_output..j,0.0
out.params.hp_water_heater_total_volume..gal,0.0
out.params.hp_water_heater_unmet_heat_transfer_demand..j,0.0
out.params.hvac_count_boilers,0.0
out.params.hvac_count_boilers_0_to_300_kbtuh,0.0
out.params.hvac_count_boilers_2500_plus_kbtuh,0.0
out.params.hvac_count_boilers_300_to_2500_kbtuh,0.0
out.params.hvac_count_chillers_0_to_75_tons,0.0
out.params.hvac_count_chillers_150_to_300_tons,0.0
out.params.hvac_count_chillers_300_to_600_tons,0.0
out.params.hvac_count_chillers_600_plus_tons,0.0
out.params.hvac_count_chillers_75_to_150_tons,0.0
out.params.hvac_count_dx_cooling_0_to_30_kbtuh,12.0
out.params.hvac_count_dx_cooling_135_to_240_kbtuh,0.0
out.params.hvac_count_dx_cooling_240_to_760_kbtuh,0.0
out.params.hvac_count_dx_cooling_30_to_65_kbtuh,0.0
out.params.hvac_count_dx_cooling_65_to_135_kbtuh,0.0
out.params.hvac_count_dx_cooling_760_plus_kbtuh,0.0
out.params.hvac_count_dx_heating_0_to_30_kbtuh,0.0
out.params.hvac_count_dx_heating_135_to_240_kbtuh,0.0
out.params.hvac_count_dx_heating_240_plus_kbtuh,0.0
out.params.hvac_count_dx_heating_30_to_65_kbtuh,0.0
out.params.hvac_count_dx_heating_65_to_135_kbtuh,0.0
out.params.hvac_count_furnace_0_to_30_kbtuh,0.0
out.params.hvac_count_furnace_135_to_240_kbtuh,0.0
out.params.hvac_count_furnace_240_plus_kbtuh,0.0
out.params.hvac_count_furnace_30_to_65_kbtuh,0.0
out.params.hvac_count_furnace_65_to_135_kbtuh,0.0
out.params.hvac_count_heat_pumps_cooling,0.0
out.params.hvac_count_heat_pumps_heating,0.0
out.params.hvac_count_heat_pumps_heating_0_to_300_kbtuh,0.0
out.params.hvac_count_heat_pumps_heating_2500_plus_kbtuh,0.0
out.params.hvac_count_heat_pumps_heating_300_to_2500_kbtuh,0.0
out.params.interior_electric_equipment_eflh..hr,1727.4303211358038
out.params.interior_electric_equipment_power_density..w_per_ft2,12.41300000945559
out.params.interior_lighting_eflh..hr,6368.439551954377
out.params.interior_lighting_power_density..w_per_ft2,1.124319783390621
out.params.internal_mass_area_ratio,2.0
out.params.non_hp_water_heater_0_to_40_gal_count,0.0
out.params.non_hp_water_heater_0_to_40_gal_total_volume..gal,0.0
out.params.non_hp_water_heater_40_to_65_gal_count,1.0
out.params.non_hp_water_heater_40_to_65_gal_total_volume..gal,49.392
out.params.non_hp_water_heater_65_to_90_gal_count,0.0
out.params.non_hp_water_heater_65_to_90_gal_total_volume..gal,0.0
out.params.non_hp_water_heater_90_plus_gal_count,0.0
out.params.non_hp_water_heater_90_plus_gal_total_volume..gal,0.0
out.params.non_hp_water_heater_count,1.0
out.params.non_hp_water_heater_electric..j,0.0
out.params.non_hp_water_heater_gas..j,94203057222.12231
out.params.non_hp_water_heater_other_fuel..j,0.0
out.params.non_hp_water_heater_total_volume_gal..gal,49.392
out.params.non_hp_water_heater_unmet_heat_transfer_demand..j,0.0
out.params.num_air_loops,12.0
out.params.num_air_loops_dcv,0.0
out.params.num_air_loops_economizer,0.0
out.params.num_air_loops_heat_recovery,0.0
out.params.num_broilers,0
out.params.num_errors,9.0
out.params.num_fryers,1
out.params.num_griddles,0
out.params.num_ovens,1.5
out.params.num_ranges,0
out.params.num_steamers,1
out.params.num_warnings,3690083.0
out.params.number_of_spaces,12.0
out.params.number_of_surfaces,72.0
out.params.number_of_zones,12.0
out.params.occupant_density_ppl_per_m_2..people_per_m2,0.403646640626615
out.params.occupant_eflh..hr,2064.5831818181437
out.params.oven_fuel_type,Gas
out.params.range_fuel_type,Gas
out.params.smallest_space_floor_area..m2,17.260634001603538
out.params.steamer_fuel_type,Electric
out.params.vrf_area_average_indoor_unit_cooling_capacity..w,0.0
out.params.vrf_area_average_indoor_unit_heating_capacity..w,0.0
out.params.vrf_average_line_height..m,0.0
out.params.vrf_average_line_length..m,0.0
out.params.vrf_average_num_compressors,0.0
out.params.vrf_average_outdoor_unit_cooling_capacity..w,0.0
out.params.vrf_average_outdoor_unit_heating_capacity..w,0.0
out.params.vrf_cooling_average_cop,0.0
out.params.vrf_cooling_design_cop,0.0
out.params.vrf_cooling_design_cop_110f,0.0
out.params.vrf_cooling_design_cop_35f,0.0
out.params.vrf_cooling_design_cop_60f,0.0
out.params.vrf_cooling_design_cop_85f,0.0
out.params.vrf_heating_average_cop,0.0
out.params.vrf_heating_average_total_cop,0.0
out.params.vrf_heating_design_cop,0.0
out.params.vrf_heating_design_cop_0f,0.0
out.params.vrf_heating_design_cop_20f,0.0
out.params.vrf_heating_design_cop_40f,0.0
out.params.vrf_heating_design_cop_minus22f,0.0
out.params.vrf_heating_fraction_supplemental,0.0
out.params.vrf_heating_total_supplemental_electric..j,0.0
out.params.vrf_heating_total_supplemental_gas..j,0.0
out.params.vrf_heating_total_supplemental_load..j,0.0
out.params.vrf_heating_total_supplemental_load_electric..j,0.0
out.params.vrf_heating_total_supplemental_load_gas..j,0.0
out.params.vrf_indoor_unit_count,0.0
out.params.vrf_outdoor_unit_count,0.0
out.params.vrf_temperature_type,
out.params.vrf_total_cooling_load..j,0.0
out.params.vrf_total_heat_recovery..j,0.0
out.params.vrf_total_heating_load..j,0.0
out.params.vrf_total_indoor_unit_cooling_capacity..w,0.0
out.params.vrf_total_indoor_unit_heating_capacity..w,0.0
out.params.vrf_total_outdoor_unit_cooling_capacity..w,0.0
out.params.vrf_total_outdoor_unit_heating_capacity..w,0.0
out.params.wa_hp_cooling_average_cop..cop,0.0
out.params.wa_hp_cooling_capacity..w,0.0
out.params.wa_hp_cooling_design_cop..cop,0.0
out.params.wa_hp_cooling_electric..j,0.0
out.params.wa_hp_cooling_load..j,0.0
out.params.wa_hp_heating_average_cop..cop,0.0
out.params.wa_hp_heating_capacity..w,0.0
out.params.wa_hp_heating_design_cop..cop,0.0
out.params.wa_hp_heating_electric..j,0.0
out.params.wa_hp_heating_load..j,0.0
out.params.window_to_wall_ratio,0.06
out.params.zone_hvac_fan_power_minimum_flow_fraction,1.0
out.params.zone_hvac_fan_static_pressure..inwc,2.500229934125
out.params.zone_hvac_fan_total_efficiency,0.53625
calc.emissions.total_with_cambium_mid_case_15y..co2e_kg,33329.8877775974
calc.emissions.total_with_egrid..co2e_kg,65925.14773390506
calc.enduse_group.district_cooling.hvac.energy_consumption..kwh,0.0
calc.enduse_group.district_heating.hvac.energy_consumption..kwh,0.0
calc.enduse_group.district_heating.water_systems.energy_consumption..kwh,0.0
calc.enduse_group.electricity.hvac.energy_consumption..kwh,58616.666666666664
calc.enduse_group.electricity.interior_equipment.energy_consumption..kwh,64327.77777777778
calc.enduse_group.electricity.lighting.energy_consumption..kwh,27875.0
calc.enduse_group.electricity.refrigeration.energy_consumption..kwh,10050.0
calc.enduse_group.electricity.water_systems.energy_consumption..kwh,0.0
calc.enduse_group.natural_gas.hvac.energy_consumption..kwh,0.0
calc.enduse_group.natural_gas.interior_equipment.energy_consumption..kwh,58636.1111111111
calc.enduse_group.natural_gas.water_systems.energy_consumption..kwh,26166.66666666666
calc.enduse_group.other_fuel.hvac.energy_consumption..kwh,0.0
calc.enduse_group.other_fuel.interior_equipment.energy_consumption..kwh,0.0
calc.enduse_group.other_fuel.water_systems.energy_consumption..kwh,0.0
calc.enduse_group.site_energy.cooling.energy_consumption..kwh,13286.111111111111
calc.enduse_group.site_energy.heating.energy_consumption..kwh,18208.333333333332
calc.enduse_group.site_energy.hvac.energy_consumption..kwh,58616.666666666664
calc.enduse_group.site_energy.interior_equipment.energy_consumption..kwh,122963.88888888888
calc.enduse_group.site_energy.lighting.energy_consumption..kwh,27875.0
calc.enduse_group.site_energy.refrigeration.energy_consumption..kwh,10050.0
calc.enduse_group.site_energy.water_systems.energy_consumption..kwh,26166.66666666666
calc.percent_savings.district_cooling.cooling.energy_consumption..percent,0.0
calc.percent_savings.district_cooling.cooling.energy_consumption_intensity..percent,0.0
calc.percent_savings.district_cooling.total.energy_consumption..percent,0.0
calc.percent_savings.district_cooling.total.energy_consumption_intensity..percent,0.0
calc.percent_savings.district_heating.cooling.energy_consumption..percent,0.0
calc.percent_savings.district_heating.cooling.energy_consumption_intensity..percent,0.0
calc.percent_savings.district_heating.heating.energy_consumption..percent,0.0
calc.percent_savings.district_heating.heating.energy_consumption_intensity..percent,0.0
calc.percent_savings.district_heating.total.energy_consumption..percent,0.0
calc.percent_savings.district_heating.total.energy_consumption_intensity..percent,0.0
calc.percent_savings.district_heating.water_systems.energy_consumption..percent,0.0
calc.percent_savings.district_heating.water_systems.energy_consumption_intensity..percent,0.0
calc.percent_savings.electricity.cooling.energy_consumption..percent,0.0
calc.percent_savings.electricity.cooling.energy_consumption_intensity..percent,0.0
calc.percent_savings.electricity.exterior_lighting.energy_consumption..percent,0.0
calc.percent_savings.electricity.exterior_lighting.energy_consumption_intensity..percent,0.0
calc.percent_savings.electricity.fans.energy_consumption..percent,0.0
calc.percent_savings.electricity.fans.energy_consumption_intensity..percent,0.0
calc.percent_savings.electricity.heat_recovery.energy_consumption..percent,0.0
calc.percent_savings.electricity.heat_recovery.energy_consumption_intensity..percent,0.0
calc.percent_savings.electricity.heat_rejection.energy_consumption..percent,0.0
calc.percent_savings.electricity.heat_rejection.energy_consumption_intensity..percent,0.0
calc.percent_savings.electricity.heating.energy_consumption..percent,0.0
calc.percent_savings.electricity.heating.energy_consumption_intensity..percent,0.0
calc.percent_savings.electricity.interior_equipment.energy_consumption..percent,0.0
calc.percent_savings.electricity.interior_equipment.energy_consumption_intensity..percent,0.0
calc.percent_savings.electricity.interior_lighting.energy_consumption..percent,0.0
calc.percent_savings.electricity.interior_lighting.energy_consumption_intensity..percent,0.0
calc.percent_savings.electricity.pumps.energy_consumption..percent,0.0
calc.percent_savings.electricity.pumps.energy_consumption_intensity..percent,0.0
calc.percent_savings.electricity.refrigeration.energy_consumption..percent,0.0
calc.percent_savings.electricity.refrigeration.energy_consumption_intensity..percent,0.0
calc.percent_savings.electricity.total.energy_consumption..percent,0.0
calc.percent_savings.electricity.total.energy_consumption_intensity..percent,0.0
calc.percent_savings.electricity.water_systems.energy_consumption..percent,0.0
calc.percent_savings.electricity.water_systems.energy_consumption_intensity..percent,0.0
calc.percent_savings.natural_gas.cooling.energy_consumption..percent,0.0
calc.percent_savings.natural_gas.cooling.energy_consumption_intensity..percent,0.0
calc.percent_savings.natural_gas.heating.energy_consumption..percent,0.0
calc.percent_savings.natural_gas.heating.energy_consumption_intensity..percent,0.0
calc.percent_savings.natural_gas.interior_equipment.energy_consumption..percent,0.0
calc.percent_savings.natural_gas.interior_equipment.energy_consumption_intensity..percent,0.0
calc.percent_savings.natural_gas.total.energy_consumption..percent,0.0
calc.percent_savings.natural_gas.total.energy_consumption_intensity..percent,0.0
calc.percent_savings.natural_gas.water_systems.energy_consumption..percent,0.0
calc.percent_savings.natural_gas.water_systems.energy_consumption_intensity..percent,0.0
calc.percent_savings.other_fuel.cooling.energy_consumption..percent,0.0
calc.percent_savings.other_fuel.cooling.energy_consumption_intensity..percent,0.0
calc.percent_savings.other_fuel.heating.energy_consumption..percent,0.0
calc.percent_savings.other_fuel.heating.energy_consumption_intensity..percent,0.0
calc.percent_savings.other_fuel.interior_equipment.energy_consumption..percent,0.0
calc.percent_savings.other_fuel.interior_equipment.energy_consumption_intensity..percent,0.0
calc.percent_savings.other_fuel.total.energy_consumption..percent,0.0
calc.percent_savings.other_fuel.total.energy_consumption_intensity..percent,0.0
calc.percent_savings.other_fuel.water_systems.energy_consumption..percent,0.0
calc.percent_savings.other_fuel.water_systems.energy_consumption_intensity..percent,0.0
calc.percent_savings.site_energy.total.energy_consumption..percent,0.0
calc.percent_savings.site_energy.total.energy_consumption_intensity..percent,0.0
calc.segment,B: Food-Service Buildings with Small Packaged Units
calc.weighted.district_cooling.cooling.energy_consumption..tbtu,0.0
calc.weighted.district_cooling.total.energy_consumption..tbtu,0.0
calc.weighted.district_heating.cooling.energy_consumption..tbtu,0.0
calc.weighted.district_heating.heating.energy_consumption..tbtu,0.0
calc.weighted.district_heating.total.energy_consumption..tbtu,0.0
calc.weighted.district_heating.water_systems.energy_consumption..tbtu,0.0
calc.weighted.electricity.cooling.energy_consumption..tbtu,0.0003867571254167682
calc.weighted.electricity.exterior_lighting.energy_consumption..tbtu,0.00018614152262375088
calc.weighted.electricity.fans.energy_consumption..tbtu,0.000789524685881105
calc.weighted.electricity.heat_recovery.energy_consumption..tbtu,0.0
calc.weighted.electricity.heat_rejection.energy_consumption..tbtu,0.0
calc.weighted.electricity.heating.energy_consumption..tbtu,0.0005300424330141992
calc.weighted.electricity.interior_equipment.energy_consumption..tbtu,0.0018725740143009657
calc.weighted.electricity.interior_lighting.energy_consumption..tbtu,0.000625296435468925
calc.weighted.electricity.pumps.energy_consumption..tbtu,0.0
calc.weighted.electricity.refrigeration.energy_consumption..tbtu,0.0002925543131419334
calc.weighted.electricity.total.energy_consumption..tbtu,0.0046828096690645785
calc.weighted.electricity.water_systems.energy_consumption..tbtu,0.0
calc.weighted.emissions.electricity.egrid_2021_subregion..co2e_mmt,0.00039748370326417944
calc.weighted.emissions.electricity.lrmer_high_re_cost_15_2023_start..co2e_mmt,0.0002807943906555489
calc.weighted.emissions.electricity.lrmer_low_re_cost_15_2023_start..co2e_mmt,0.00016070282586899535
calc.weighted.emissions.fuel_oil..co2e_mmt,0.0
calc.weighted.emissions.natural_gas..co2e_mmt,0.00016494115227227334
calc.weighted.emissions.propane..co2e_mmt,0.0
calc.weighted.emissions.total_with_cambium_mid_case_15y..co2e_mmt,0.0002843460797998429
calc.weighted.emissions.total_with_egrid..co2e_mmt,0.0005624248555364527
calc.weighted.enduse_group.district_cooling.hvac.energy_consumption..tbtu,0.0
calc.weighted.enduse_group.district_heating.hvac.energy_consumption..tbtu,0.0
calc.weighted.enduse_group.district_heating.interior_equipment.energy_consumption..tbtu,0.0
calc.weighted.enduse_group.district_heating.water_systems.energy_consumption..tbtu,0.0
calc.weighted.enduse_group.electricity.hvac.emissions.egrid_2021_subregion..co2e_mmt,0.00014483528640490254
calc.weighted.enduse_group.electricity.hvac.energy_consumption..tbtu,0.0017063242443120725
calc.weighted.enduse_group.electricity.interior_equipment.emissions.egrid_2021_subregion..co2e_mmt,0.00015894680895482574
calc.weighted.enduse_group.electricity.interior_equipment.energy_consumption..tbtu,0.0018725740143009657
calc.weighted.enduse_group.electricity.lighting.emissions.egrid_2021_subregion..co2e_mmt,6.887603540295692e-05
calc.weighted.enduse_group.electricity.lighting.energy_consumption..tbtu,0.000811437958092676
calc.weighted.enduse_group.electricity.refrigeration.emissions.egrid_2021_subregion..co2e_mmt,2.4832436082501058e-05
calc.weighted.enduse_group.electricity.refrigeration.energy_consumption..tbtu,0.0002925543131419334
calc.weighted.enduse_group.electricity.water_systems.emissions.egrid_2021_subregion..co2e_mmt,0.0
calc.weighted.enduse_group.electricity.water_systems.energy_consumption..tbtu,0.0
calc.weighted.enduse_group.natural_gas.hvac.emissions..co2e_mmt,0.0
calc.weighted.enduse_group.natural_gas.hvac.energy_consumption..tbtu,0.0
calc.weighted.enduse_group.natural_gas.interior_equipment.emissions..co2e_mmt,0.00011404332732772412
calc.weighted.enduse_group.natural_gas.interior_equipment.energy_consumption..tbtu,0.001706890269793552
calc.weighted.enduse_group.natural_gas.water_systems.emissions..co2e_mmt,5.089242235194283e-05
calc.weighted.enduse_group.natural_gas.water_systems.energy_consumption..tbtu,0.0007617085765055312
calc.weighted.enduse_group.other_fuel.hvac.emissions..co2e_mmt,0.0
calc.weighted.enduse_group.other_fuel.hvac.energy_consumption..tbtu,0.0
calc.weighted.enduse_group.other_fuel.interior_equipment.emissions..co2e_mmt,0.0
calc.weighted.enduse_group.other_fuel.interior_equipment.energy_consumption..tbtu,0.0
calc.weighted.enduse_group.other_fuel.water_systems.emissions..co2e_mmt,0.0
calc.weighted.enduse_group.other_fuel.water_systems.energy_consumption..tbtu,0.0
calc.weighted.enduse_group.site_energy.hvac.emissions..co2e_mmt,0.00013419442681030546
calc.weighted.enduse_group.site_energy.hvac.energy_consumption..tbtu,0.0017063242443120725
calc.weighted.enduse_group.site_energy.interior_equipment.emissions..co2e_mmt,0.00028150813627200223
calc.weighted.enduse_group.site_energy.interior_equipment.energy_consumption..tbtu,0.0035794642840945175
calc.weighted.enduse_group.site_energy.lighting.emissions..co2e_mmt,6.381580291163945e-05
calc.weighted.enduse_group.site_energy.lighting.energy_consumption..tbtu,0.000811437958092676
calc.weighted.enduse_group.site_energy.refrigeration.emissions..co2e_mmt,2.3008029390564175e-05
calc.weighted.enduse_group.site_energy.refrigeration.energy_consumption..tbtu,0.0002925543131419334
calc.weighted.enduse_group.site_energy.water_systems.emissions..co2e_mmt,5.990481947460323e-05
calc.weighted.enduse_group.site_energy.water_systems.energy_consumption..tbtu,0.0007617085765055312
calc.weighted.natural_gas.cooling.energy_consumption..tbtu,0.0
calc.weighted.natural_gas.heating.energy_consumption..tbtu,0.0
calc.weighted.natural_gas.interior_equipment.energy_consumption..tbtu,0.001706890269793552
calc.weighted.natural_gas.total.energy_consumption..tbtu,0.002468679707082152
calc.weighted.natural_gas.water_systems.energy_consumption..tbtu,0.0007617085765055312
calc.weighted.other_fuel.cooling.energy_consumption..tbtu,0.0
calc.weighted.other_fuel.heating.energy_consumption..tbtu,0.0
calc.weighted.other_fuel.interior_equipment.energy_consumption..tbtu,0.0
calc.weighted.other_fuel.total.energy_consumption..tbtu,0.0
calc.weighted.other_fuel.water_systems.energy_consumption..tbtu,0.0
calc.weighted.savings.district_cooling.cooling.energy_consumption..tbtu,0.0
calc.weighted.savings.district_cooling.total.energy_consumption..tbtu,0.0
calc.weighted.savings.district_heating.cooling.energy_consumption..tbtu,0.0
calc.weighted.savings.district_heating.heating.energy_consumption..tbtu,0.0
calc.weighted.savings.district_heating.total.energy_consumption..tbtu,0.0
calc.weighted.savings.district_heating.water_systems.energy_consumption..tbtu,0.0
calc.weighted.savings.electricity.cooling.energy_consumption..tbtu,0.0
calc.weighted.savings.electricity.exterior_lighting.energy_consumption..tbtu,0.0
calc.weighted.savings.electricity.fans.energy_consumption..tbtu,0.0
calc.weighted.savings.electricity.heat_recovery.energy_consumption..tbtu,0.0
calc.weighted.savings.electricity.heat_rejection.energy_consumption..tbtu,0.0
calc.weighted.savings.electricity.heating.energy_consumption..tbtu,0.0
calc.weighted.savings.electricity.interior_equipment.energy_consumption..tbtu,0.0
calc.weighted.savings.electricity.interior_lighting.energy_consumption..tbtu,0.0
calc.weighted.savings.electricity.pumps.energy_consumption..tbtu,0.0
calc.weighted.savings.electricity.refrigeration.energy_consumption..tbtu,0.0
calc.weighted.savings.electricity.total.energy_consumption..tbtu,0.0
calc.weighted.savings.electricity.water_systems.energy_consumption..tbtu,0.0
calc.weighted.savings.natural_gas.cooling.energy_consumption..tbtu,0.0
calc.weighted.savings.natural_gas.heating.energy_consumption..tbtu,0.0
calc.weighted.savings.natural_gas.interior_equipment.energy_consumption..tbtu,0.0
calc.weighted.savings.natural_gas.total.energy_consumption..tbtu,0.0
calc.weighted.savings.natural_gas.water_systems.energy_consumption..tbtu,0.0
calc.weighted.savings.other_fuel.cooling.energy_consumption..tbtu,0.0
calc.weighted.savings.other_fuel.heating.energy_consumption..tbtu,0.0
calc.weighted.savings.other_fuel.interior_equipment.energy_consumption..tbtu,0.0
calc.weighted.savings.other_fuel.total.energy_consumption..tbtu,0.0
calc.weighted.savings.other_fuel.water_systems.energy_consumption..tbtu,0.0
calc.weighted.savings.site_energy.total.energy_consumption..tbtu,0.0
calc.weighted.site_energy.total.energy_consumption..tbtu,0.007151408515363662
