geohash,Year,Month,Charge (MWh),Discharge (MWh),Net Gen (MWh)
9muccv,2018,1.0,204.0,96.7,-106.1
9muccv,2018,2.0,157.0,75.1,-82.4
9muccv,2018,3.0,229.0,109.3,-119.9
9muccv,2018,4.0,262.0,125.1,-137.3
9muccv,2018,5.0,250.0,119.0,-130.6
9muccv,2018,6.0,245.0,116.9,-128.3
9muccv,2018,7.0,247.0,117.7,-129.2
9muccv,2018,8.0,253.0,120.8,-132.5
9muccv,2018,9.0,230.0,109.7,-120.4
9muccv,2018,10.0,237.0,113.2,-124.2
9muccv,2018,11.0,234.0,111.5,-122.4
9muccv,2018,12.0,229.0,109.1,-119.7
9muccv,2019,1.0,258.0,157.8,-101.3
9muccv,2019,2.0,209.0,127.0,-81.6
9muccv,2019,3.0,237.0,144.1,-92.5
9muccv,2019,4.0,221.0,134.3,-86.2
9muccv,2019,5.0,203.0,123.3,-79.2
9muccv,2019,6.0,239.0,145.5,-93.4
9muccv,2019,7.0,246.0,150.0,-96.3
9muccv,2019,8.0,269.0,163.7,-105.2
9muccv,2019,9.0,242.0,147.2,-94.6
9muccv,2019,10.0,262.0,159.8,-102.7
9muccv,2019,11.0,223.0,136.1,-87.4
9muccv,2019,12.0,237.0,144.2,-92.6
9muccv,2020,1.0,197.0,133.5,-62.5
9muccv,2020,2.0,151.0,103.2,-48.3
9muccv,2020,3.0,232.0,158.3,-74.1
9muccv,2020,4.0,206.0,140.4,-65.7
9muccv,2020,5.0,200.0,136.0,-63.7
9muccv,2020,6.0,177.0,120.8,-56.6
9muccv,2020,7.0,1733.0,1587.8,-144.9
9muccv,2020,8.0,4327.0,3040.3,-1186.6
9muccv,2020,9.0,6698.0,5308.9,-1389.0
9muccv,2020,10.0,4124.0,2849.3,1121.1
9muccv,2020,11.0,3613.0,2636.0,-976.8
9muccv,2020,12.0,1921.0,906.3,-1014.8
9muccv,2021,1.0,1776.0,718.1,-1058.9
9muccv,2021,2.0,8274.0,6983.9,-1290.3
9muccv,2021,3.0,7347.0,5983.1,-1363.9
9muccv,2021,4.0,6850.0,5632.2,-1217.7
9muccv,2021,5.0,6666.0,5385.7,-1280.1
9muccv,2021,6.0,7868.0,6284.0,-1583.9
9muccv,2021,7.0,8828.0,7212.2,-1616.0
9muccv,2021,8.0,9166.0,7849.6,-1316.2
9muccv,2021,9.0,16359.0,14406.1,-1952.5
9muccv,2021,10.0,14280.0,12431.3,-1848.2
9muccv,2021,11.0,16467.0,14954.4,-1512.4
9muccv,2021,12.0,17301.0,15400.4,-1900.9
9muccv,2022,1.0,15284.0,13195.0,-2089.4
9muccv,2022,2.0,20412.0,18457.9,-1953.7
9muccv,2022,3.0,22339.0,20132.2,-2206.6
9muccv,2022,4.0,22133.0,19839.5,-2293.6
9muccv,2022,5.0,23486.0,21002.8,-2483.5
9muccv,2022,6.0,22879.0,20240.3,-2638.3
9muccv,2022,7.0,22090.0,19651.1,-2439.0
9muccv,2022,8.0,21880.0,19282.4,-2598.1
9muccv,2022,9.0,20975.0,18509.9,-2465.2
9muccv,2022,10.0,22501.0,19555.4,-2945.1
9muccv,2022,11.0,21761.0,19234.6,-2526.5
9muccv,2022,12.0,22444.0,20657.0,-1787.1
9mudw2,2018,1.0,2417.0,1972.5,-444.7
9mudw2,2018,2.0,3031.0,2511.3,-519.3
9mudw2,2018,3.0,3700.0,3211.4,-488.9
9mudw2,2018,4.0,4210.0,3556.8,-653.2
9mudw2,2018,5.0,4316.0,3631.9,-684.1
9mudw2,2018,6.0,3742.0,3107.6,-634.0
9mudw2,2018,7.0,4856.0,4252.7,-603.0
9mudw2,2018,8.0,4877.0,4260.2,-617.1
9mudw2,2018,9.0,4399.0,3871.5,-527.9
9mudw2,2018,10.0,4445.0,3818.0,-627.0
9mudw2,2018,11.0,5123.0,4559.8,-562.9
9mudw2,2018,12.0,5204.0,4535.4,-668.9
9mudw2,2019,1.0,5372.0,4650.1,-722.5
9mudw2,2019,2.0,5067.0,4470.2,-596.8
9mudw2,2019,3.0,5656.0,5101.8,-554.2
9mudw2,2019,4.0,4530.0,3939.9,-589.9
9mudw2,2019,5.0,5022.0,4406.8,-613.7
9mudw2,2019,6.0,4208.0,3657.9,-550.2
9mudw2,2019,7.0,4072.0,3433.4,-638.3
9mudw2,2019,8.0,3642.0,3161.7,-448.6
9mudw2,2019,9.0,10565.0,9101.1,-1464.2
9mudw2,2019,10.0,3289.0,2842.3,-446.5
9mudw2,2019,11.0,2543.0,2114.0,-428.0
9mudw2,2019,12.0,2768.0,2455.8,-312.2
9mudw2,2020,1.0,1463.0,1320.1,-143.2
9mudw2,2020,2.0,3673.0,3180.1,-494.2
9mudw2,2020,3.0,3825.0,3469.5,-354.9
9mudw2,2020,4.0,3060.0,2635.9,-423.4
9mudw2,2020,5.0,3220.0,2858.6,-361.2
9mudw2,2020,6.0,2988.0,2610.5,-377.7
9mudw2,2020,7.0,2285.0,1925.2,-359.4
9mudw2,2020,8.0,2757.0,2474.0,-282.4
9mudw2,2020,9.0,3686.0,3166.1,-519.8
9mudw2,2020,10.0,3439.0,3104.7,-335.1
9mudw2,2020,11.0,3782.0,3357.5,-425.0
9mudw2,2020,12.0,3697.0,3181.8,-514.7
9mudw2,2021,1.0,3253.0,2914.1,-339.3
9mudw2,2021,2.0,3620.0,3253.7,-366.7
9mudw2,2021,3.0,3228.0,2820.0,-408.4
9mudw2,2021,4.0,3545.0,3125.1,-419.2
9mudw2,2021,5.0,3896.0,3460.8,-435.2
9mudw2,2021,6.0,3566.0,3158.5,-408.0
9mudw2,2021,7.0,3964.0,3106.5,-858.1
9mudw2,2021,8.0,6097.0,5103.6,-994.1
9mudw2,2021,9.0,5758.0,4976.6,-781.7
9mudw2,2021,10.0,6351.0,5352.5,-997.8
9mudw2,2021,11.0,5540.0,4686.4,-853.3
9mudw2,2021,12.0,4544.0,3940.2,-603.2
9mudw2,2022,1.0,4742.0,3910.9,-832.1
9mudw2,2022,2.0,4326.0,3709.6,-615.9
9mudw2,2022,3.0,4714.0,4037.5,-676.2
9mudw2,2022,4.0,3966.0,3309.2,-657.0
9mudw2,2022,5.0,4952.0,4203.0,-748.7
9mudw2,2022,6.0,6303.0,5530.1,-772.7
9mudw2,2022,7.0,5614.0,4804.7,-809.5
9mudw2,2022,8.0,4126.0,3499.2,-627.3
9mudw2,2022,9.0,4736.0,3956.5,-778.9
9mudw2,2022,10.0,4554.0,3970.2,-584.3
9mudw2,2022,11.0,5073.0,4374.0,-698.7
9mudw2,2022,12.0,3810.0,3159.1,-650.7
9mumuf,2018,1.0,0.0,0.0,0.0
9mumuf,2018,2.0,0.0,0.0,0.0
9mumuf,2018,3.0,0.0,0.0,0.0
9mumuf,2018,4.0,0.0,0.0,0.0
9mumuf,2018,5.0,0.0,0.0,0.0
9mumuf,2018,6.0,53.0,54.0,1.0
9mumuf,2018,7.0,2439.0,1893.0,-546.0
9mumuf,2018,8.0,2224.0,1817.0,-407.0
9mumuf,2018,9.0,1269.0,946.0,-323.0
9mumuf,2018,10.0,735.0,545.0,-190.0
9mumuf,2018,11.0,1795.0,1506.0,-289.0
9mumuf,2018,12.0,1063.0,772.0,-291.0
9mumuf,2019,1.0,3374.0,3374.4,-588.5
9mumuf,2019,2.0,2331.0,2330.9,-437.4
9mumuf,2019,3.0,2700.0,2327.2,-371.4
9mumuf,2019,4.0,2843.0,2545.0,-298.4
9mumuf,2019,5.0,2980.0,2964.8,-14.4
9mumuf,2019,6.0,2418.0,1888.2,-529.4
9mumuf,2019,7.0,2244.0,1924.3,-318.4
9mumuf,2019,8.0,1419.0,1325.5,-93.5
9mumuf,2019,9.0,1698.0,1312.2,-385.4
9mumuf,2019,10.0,1597.0,1276.4,319.5
9mumuf,2019,11.0,2104.0,1934.0,168.6
9mumuf,2019,12.0,2140.0,2070.2,-69.4
9mumuf,2020,1.0,2744.0,2557.0,-187.0
9mumuf,2020,2.0,1815.0,1499.0,-316.0
9mumuf,2020,3.0,4082.0,3774.0,-308.0
9mumuf,2020,4.0,2221.0,1915.0,306.0
9mumuf,2020,5.0,1167.0,858.0,-309.0
9mumuf,2020,6.0,1462.0,1387.0,75.0
9mumuf,2020,7.0,1289.0,1254.0,-35.0
9mumuf,2020,8.0,2068.0,1766.0,-302.0
9mumuf,2020,9.0,2300.0,1938.0,-362.0
9mumuf,2020,10.0,3492.0,3004.0,-488.0
9mumuf,2020,11.0,5165.0,4527.0,-638.0
9mumuf,2020,12.0,5421.0,4793.0,-628.0
9mumuf,2021,1.0,4633.0,4044.7,-588.0
9mumuf,2021,2.0,3629.0,3138.8,-490.1
9mumuf,2021,3.0,2744.0,2313.9,-430.1
9mumuf,2021,4.0,5307.0,4656.8,-650.5
9mumuf,2021,5.0,4635.0,4075.9,-558.8
9mumuf,2021,6.0,4819.0,4192.1,-627.1
9mumuf,2021,7.0,1324.0,1052.2,-272.2
9mumuf,2021,8.0,1018.0,753.4,-264.2
9mumuf,2021,9.0,1170.0,905.1,-265.1
9mumuf,2021,10.0,1618.0,1326.6,-291.5
9mumuf,2021,11.0,1901.0,1567.5,-333.7
9mumuf,2021,12.0,1751.0,1440.9,-309.6
9mumuf,2022,1.0,1937.0,1592.2,-345.3
9mumuf,2022,2.0,1993.0,1668.3,-326.4
9mumuf,2022,3.0,2535.0,2104.3,-430.7
9mumuf,2022,4.0,2281.0,1900.1,-381.7
9mumuf,2022,5.0,2581.0,2138.3,-442.0
9mumuf,2022,6.0,3325.0,2868.4,-456.3
9mumuf,2022,7.0,3164.0,2669.7,-494.2
9mumuf,2022,8.0,3479.0,2962.9,-515.9
9mumuf,2022,9.0,3666.0,3120.6,-545.2
9mumuf,2022,10.0,2589.0,2161.0,-427.9
9mumuf,2022,11.0,1578.0,1374.1,-203.0
9mumuf,2022,12.0,2568.0,2195.2,-372.2
9mupsy,2018,1.0,149.0,122.9,-25.6
9mupsy,2018,2.0,115.0,95.4,-19.8
9mupsy,2018,3.0,168.0,138.8,-28.9
9mupsy,2018,4.0,192.0,159.0,-33.1
9mupsy,2018,5.0,183.0,151.2,-31.5
9mupsy,2018,6.0,179.0,148.6,-30.9
9mupsy,2018,7.0,181.0,149.5,-31.1
9mupsy,2018,8.0,185.0,153.4,-31.9
9mupsy,2018,9.0,168.0,139.3,-29.0
9mupsy,2018,10.0,174.0,143.8,-29.9
9mupsy,2018,11.0,171.0,141.6,-29.5
9mupsy,2018,12.0,167.0,138.6,-28.8
9mupsy,2019,1.0,561.0,480.5,-80.1
9mupsy,2019,2.0,452.0,386.9,-64.5
9mupsy,2019,3.0,512.0,438.8,-73.2
9mupsy,2019,4.0,477.0,408.9,-68.2
9mupsy,2019,5.0,438.0,375.6,-62.6
9mupsy,2019,6.0,517.0,443.1,-73.9
9mupsy,2019,7.0,533.0,456.9,-76.2
9mupsy,2019,8.0,581.0,498.7,-83.1
9mupsy,2019,9.0,523.0,448.4,-74.8
9mupsy,2019,10.0,568.0,486.8,-81.2
9mupsy,2019,11.0,484.0,414.4,-69.1
9mupsy,2019,12.0,512.0,439.0,-73.2
9mupsy,2020,1.0,4238.0,3804.3,-432.4
9mupsy,2020,2.0,3273.0,2939.4,-334.1
9mupsy,2020,3.0,5023.0,4510.5,-512.7
9mupsy,2020,4.0,4455.0,3999.7,-454.6
9mupsy,2020,5.0,4316.0,3875.0,-440.5
9mupsy,2020,6.0,3832.0,3441.5,-391.2
9mupsy,2020,7.0,4531.0,4068.8,-462.5
9mupsy,2020,8.0,4545.0,4090.1,-455.9
9mupsy,2020,9.0,4917.0,4415.9,-500.3
9mupsy,2020,10.0,5228.0,4693.8,-535.2
9mupsy,2020,11.0,5145.0,4619.9,-524.6
9mupsy,2020,12.0,4808.0,4314.1,-494.0
9mupsy,2021,1.0,821.0,713.5,-108.0
9mupsy,2021,2.0,890.0,771.7,-118.0
9mupsy,2021,3.0,1010.0,871.5,-138.9
9mupsy,2021,4.0,1019.0,853.9,-165.3
9mupsy,2021,5.0,955.0,716.4,-238.6
9mupsy,2021,6.0,1047.0,821.4,-226.4
9mupsy,2021,7.0,1063.0,827.4,-235.6
9mupsy,2021,8.0,1127.0,839.8,-286.9
9mupsy,2021,9.0,1209.0,929.0,-279.1
9mupsy,2021,10.0,1099.0,834.1,-264.1
9mupsy,2021,11.0,1089.0,865.8,-223.4
9mupsy,2021,12.0,1115.0,855.7,-259.6
9mupsy,2022,1.0,1078.0,681.4,-259.4
9mupsy,2022,2.0,1097.0,720.7,-235.1
9mupsy,2022,3.0,984.0,678.2,-175.2
9mupsy,2022,4.0,1050.0,716.6,-196.4
9mupsy,2022,5.0,1098.0,742.6,-210.3
9mupsy,2022,6.0,8618.0,7448.2,-1023.5
9mupsy,2022,7.0,8923.0,7715.9,-1054.3
9mupsy,2022,8.0,9179.0,7938.0,-1084.3
9mupsy,2022,9.0,8194.0,7114.8,-937.9
9mupsy,2022,10.0,9200.0,7949.3,-1093.8
9mupsy,2022,11.0,8508.0,7364.7,-997.9
9mupsy,2022,12.0,8575.0,7417.6,-1010.9
9mvffm,2018,1.0,607.0,311.0,-296.0
9mvffm,2018,2.0,715.0,438.0,-277.0
9mvffm,2018,3.0,592.0,305.0,-287.0
9mvffm,2018,4.0,510.0,346.0,-164.0
9mvffm,2018,5.0,370.0,202.0,-168.0
9mvffm,2018,6.0,319.0,151.0,-168.0
9mvffm,2018,7.0,515.0,198.0,-317.0
9mvffm,2018,8.0,384.0,83.0,-301.0
9mvffm,2018,9.0,367.0,91.0,-276.0
9mvffm,2018,10.0,447.0,154.0,-293.0
9mvffm,2018,11.0,651.0,344.0,-307.0
9mvffm,2018,12.0,444.0,139.0,-305.0
9mvffm,2019,1.0,444.0,158.0,-286.0
9mvffm,2019,2.0,513.0,244.0,-269.0
9mvffm,2019,3.0,619.0,310.0,-309.0
9mvffm,2019,4.0,501.0,325.0,-176.0
9mvffm,2019,5.0,454.0,275.0,-179.0
9mvffm,2019,6.0,444.0,278.0,-166.0
9mvffm,2019,7.0,482.0,187.0,-295.0
9mvffm,2019,8.0,528.0,218.0,-310.0
9mvffm,2019,9.0,497.0,200.0,-297.0
9mvffm,2019,10.0,593.0,295.0,-298.0
9mvffm,2019,11.0,612.0,318.0,-294.0
9mvffm,2019,12.0,639.0,345.0,-294.0
9mvffm,2020,1.0,778.0,460.0,-318.0
9mvffm,2020,2.0,967.0,653.0,-314.0
9mvffm,2020,3.0,918.0,586.0,-332.0
9mvffm,2020,4.0,761.0,452.0,-309.0
9mvffm,2020,5.0,583.0,399.0,-184.0
9mvffm,2020,6.0,444.0,278.0,-166.0
9mvffm,2020,7.0,617.0,299.0,-318.0
9mvffm,2020,8.0,598.0,277.0,-321.0
9mvffm,2020,9.0,619.0,317.0,-302.0
9mvffm,2020,10.0,669.0,365.0,-298.0
9mvffm,2020,11.0,610.0,335.0,-275.0
9mvffm,2020,12.0,680.0,412.0,-268.0
9mvffm,2021,1.0,510.0,269.0,-241.0
9mvffm,2021,2.0,447.0,204.0,-243.0
9mvffm,2021,3.0,535.0,248.0,-287.0
9mvffm,2021,4.0,458.0,300.0,-158.0
9mvffm,2021,5.0,395.0,265.0,-130.0
9mvffm,2021,6.0,233.0,217.0,-16.0
9mvffm,2021,7.0,259.0,107.0,-152.0
9mvffm,2021,8.0,243.0,60.0,-183.0
9mvffm,2021,9.0,320.0,64.0,-256.0
9mvffm,2021,10.0,401.0,121.0,-280.0
9mvffm,2021,11.0,327.0,68.0,-259.0
9mvffm,2021,12.0,326.0,57.0,-269.0
9mvffm,2022,1.0,400.0,126.0,-247.0
9mvffm,2022,2.0,328.0,87.0,-241.0
9mvffm,2022,3.0,293.0,31.0,-262.0
9mvffm,2022,4.0,339.0,198.0,-141.0
9mvffm,2022,5.0,358.0,211.0,-147.0
9mvffm,2022,6.0,284.0,144.0,-140.0
9mvffm,2022,7.0,293.0,22.0,-271.0
9mvffm,2022,8.0,607.0,326.0,-281.0
9mvffm,2022,9.0,10287.0,8099.0,-2188.0
9mvffm,2022,10.0,18016.0,14529.0,-3487.0
9mvffm,2022,11.0,8945.0,7584.0,-1361.0
9mvffm,2022,12.0,8830.0,7519.0,-1311.0
9mvgw4,2021,1.0,0.0,0.0,0.0
9mvgw4,2021,2.0,0.0,0.0,0.0
9mvgw4,2021,3.0,686.0,490.0,-196.0
9mvgw4,2021,4.0,382.0,76.0,-306.0
9mvgw4,2021,5.0,701.0,638.0,-63.0
9mvgw4,2021,6.0,1014.0,732.0,-282.0
9mvgw4,2021,7.0,2127.0,1612.0,-515.0
9mvgw4,2021,8.0,2044.0,1668.0,-376.0
9mvgw4,2021,9.0,2890.0,2331.0,-559.0
9mvgw4,2021,10.0,2415.0,1841.0,574.0
9mvgw4,2021,11.0,3075.0,2524.0,-551.0
9mvgw4,2021,12.0,2759.0,2188.0,-571.0
9mvgw4,2022,1.0,2919.0,2348.0,-572.0
9mvgw4,2022,2.0,3222.0,2560.0,-662.0
9mvgw4,2022,3.0,3973.0,3360.0,-613.0
9mvgw4,2022,4.0,3932.0,3169.0,-763.0
9mvgw4,2022,5.0,3360.0,2657.0,-703.0
9mvgw4,2022,6.0,5371.0,4272.0,-1099.0
9mvgw4,2022,7.0,7383.0,6322.0,-1061.0
9mvgw4,2022,8.0,2198.0,2008.0,-190.0
9mvgw4,2022,9.0,6497.0,5802.0,-695.0
9mvgw4,2022,10.0,8590.0,7680.0,-910.0
9mvgw4,2022,11.0,9084.0,7950.0,-1134.0
9mvgw4,2022,12.0,5816.0,4779.0,-1036.0
9pr8ne,2021,1.0,,,
9pr8ne,2021,2.0,,,
9pr8ne,2021,3.0,,,
9pr8ne,2021,4.0,,,
9pr8ne,2021,5.0,,,
9pr8ne,2021,6.0,,,
9pr8ne,2021,7.0,,,
9pr8ne,2021,8.0,,,
9pr8ne,2021,9.0,,,
9pr8ne,2021,10.0,,,
9pr8ne,2021,11.0,,,
9pr8ne,2021,12.0,81.0,63.0,-18.0
9pr8ne,2022,1.0,198.0,174.6,-23.0
9pr8ne,2022,2.0,208.0,183.4,-24.1
9pr8ne,2022,3.0,192.0,169.8,-22.3
9pr8ne,2022,4.0,201.0,177.8,-23.4
9pr8ne,2022,5.0,213.0,188.4,-24.8
9pr8ne,2022,6.0,215.0,190.3,-25.1
9pr8ne,2022,7.0,224.0,197.8,-26.0
9pr8ne,2022,8.0,230.0,203.2,-26.7
9pr8ne,2022,9.0,206.0,182.2,-24.0
9pr8ne,2022,10.0,230.0,203.3,-26.8
9pr8ne,2022,11.0,213.0,188.2,-24.8
9pr8ne,2022,12.0,215.0,190.0,-25.0
9q5bwz,2018,1.0,0.0,0.0,0.0
9q5bwz,2018,2.0,0.0,0.0,0.0
9q5bwz,2018,3.0,0.0,0.0,0.0
9q5bwz,2018,4.0,0.0,0.0,0.0
9q5bwz,2018,5.0,0.0,0.0,0.0
9q5bwz,2018,6.0,0.0,0.0,0.0
9q5bwz,2018,7.0,0.0,0.0,0.0
9q5bwz,2018,8.0,0.0,0.0,0.0
9q5bwz,2018,9.0,0.0,0.0,0.0
9q5bwz,2018,10.0,0.0,0.0,0.0
9q5bwz,2018,11.0,0.0,0.0,0.0
9q5bwz,2018,12.0,0.0,0.0,0.0
9q5bwz,2019,1.0,0.0,0.0,0.0
9q5bwz,2019,2.0,0.0,0.0,0.0
9q5bwz,2019,3.0,0.0,0.0,0.0
9q5bwz,2019,4.0,0.0,0.0,0.0
9q5bwz,2019,5.0,0.0,0.0,0.0
9q5bwz,2019,6.0,0.0,0.0,0.0
9q5bwz,2019,7.0,0.0,0.0,0.0
9q5bwz,2019,8.0,0.0,0.0,0.0
9q5bwz,2019,9.0,4.0,3.0,-1.0
9q5bwz,2019,10.0,4.0,3.0,-1.0
9q5bwz,2019,11.0,2.0,1.0,1.0
9q5bwz,2019,12.0,1.0,2.0,1.0
9q5bwz,2020,1.0,382.0,343.3,-38.1
9q5bwz,2020,2.0,297.0,266.4,-30.4
9q5bwz,2020,3.0,450.0,405.8,-45.1
9q5bwz,2020,4.0,401.0,361.8,-40.0
9q5bwz,2020,5.0,389.0,349.6,-38.8
9q5bwz,2020,6.0,346.0,312.6,-34.4
9q5bwz,2020,7.0,409.0,368.0,-40.7
9q5bwz,2020,8.0,412.0,370.8,-41.6
9q5bwz,2020,9.0,440.0,395.4,-43.9
9q5bwz,2020,10.0,471.0,424.2,-46.8
9q5bwz,2020,11.0,466.0,418.2,-47.2
9q5bwz,2020,12.0,432.0,388.8,-43.1
9q5bwz,2021,1.0,13246.0,11925.0,-1321.0
9q5bwz,2021,2.0,15670.0,14223.0,-1447.0
9q5bwz,2021,3.0,16447.0,14724.0,-1723.0
9q5bwz,2021,4.0,14671.0,13073.0,-1598.0
9q5bwz,2021,5.0,15132.0,13965.0,-1167.0
9q5bwz,2021,6.0,14236.0,12580.0,-1656.0
9q5bwz,2021,7.0,12293.0,10923.0,-1370.0
9q5bwz,2021,8.0,12749.0,11207.0,-1541.0
9q5bwz,2021,9.0,15018.0,13509.0,-1509.0
9q5bwz,2021,10.0,14858.0,13191.0,-1667.0
9q5bwz,2021,11.0,12779.0,11481.0,-1298.0
9q5bwz,2021,12.0,11616.0,10286.0,-1330.0
9q5bwz,2022,1.0,10846.0,9564.0,-1282.0
9q5bwz,2022,2.0,12395.0,11139.0,-1256.0
9q5bwz,2022,3.0,10952.0,9662.0,-1290.0
9q5bwz,2022,4.0,10368.0,8894.0,-1474.0
9q5bwz,2022,5.0,8553.0,7454.0,-1099.0
9q5bwz,2022,6.0,9708.0,8746.0,-962.0
9q5bwz,2022,7.0,12377.0,11011.0,-1366.0
9q5bwz,2022,8.0,13134.0,11653.0,-1477.0
9q5bwz,2022,9.0,8050.0,6626.0,-1424.0
9q5bwz,2022,10.0,11307.0,9957.0,-1350.0
9q5bwz,2022,11.0,10801.0,9576.0,-1225.0
9q5bwz,2022,12.0,10812.0,9500.0,-1312.0
9q5dy2,2021,1.0,,,
9q5dy2,2021,2.0,,,
9q5dy2,2021,3.0,,,
9q5dy2,2021,4.0,3317.0,3564.0,-447.0
9q5dy2,2021,5.0,13069.0,11269.0,-1800.0
9q5dy2,2021,6.0,14040.0,13067.0,-973.0
9q5dy2,2021,7.0,14748.0,12943.0,-1805.0
9q5dy2,2021,8.0,13874.0,11980.0,-1894.0
9q5dy2,2021,9.0,13166.0,11500.0,-1666.0
9q5dy2,2021,10.0,12572.0,10850.0,-1722.0
9q5dy2,2021,11.0,9359.0,8111.0,-1248.0
9q5dy2,2021,12.0,11228.0,9723.0,-1505.0
9q5dy2,2022,1.0,13205.0,11599.0,-1605.5
9q5dy2,2022,2.0,13764.0,12041.0,-1723.1
9q5dy2,2022,3.0,12365.0,10633.2,-1732.2
9q5dy2,2022,4.0,12113.0,10550.6,-1562.7
9q5dy2,2022,5.0,12451.0,10749.9,-1701.4
9q5dy2,2022,6.0,12966.0,11508.4,-1457.5
9q5dy2,2022,7.0,9708.0,8469.2,-1239.0
9q5dy2,2022,8.0,9877.0,8580.4,-1296.4
9q5dy2,2022,9.0,12152.0,10505.0,-1647.0
9q5dy2,2022,10.0,12708.0,11336.5,-1371.4
9q5dy2,2022,11.0,11994.0,10509.7,-1484.4
9q5dy2,2022,12.0,14408.0,12504.1,-1903.5
9q5fm0,2018,1.0,9.0,16.1,6.6
9q5fm0,2018,2.0,7.0,12.5,5.1
9q5fm0,2018,3.0,11.0,18.2,7.4
9q5fm0,2018,4.0,12.0,20.9,8.5
9q5fm0,2018,5.0,12.0,19.9,8.1
9q5fm0,2018,6.0,12.0,19.5,7.9
9q5fm0,2018,7.0,12.0,19.6,8.0
9q5fm0,2018,8.0,12.0,20.2,8.2
9q5fm0,2018,9.0,11.0,18.3,7.5
9q5fm0,2018,10.0,11.0,18.9,7.7
9q5fm0,2018,11.0,11.0,18.6,7.6
9q5fm0,2018,12.0,11.0,18.2,7.4
9q5fm0,2019,1.0,0.0,0.0,0.0
9q5fm0,2019,2.0,0.0,0.0,0.0
9q5fm0,2019,3.0,0.0,0.0,0.0
9q5fm0,2019,4.0,0.0,0.0,0.0
9q5fm0,2019,5.0,0.0,0.0,0.0
9q5fm0,2019,6.0,0.0,0.0,0.0
9q5fm0,2019,7.0,0.0,0.0,0.0
9q5fm0,2019,8.0,0.0,0.0,0.0
9q5fm0,2019,9.0,0.0,0.0,0.0
9q5fm0,2019,10.0,0.0,0.0,0.0
9q5fm0,2019,11.0,0.0,0.0,0.0
9q5fm0,2019,12.0,11.0,26.0,15.0
9q5fm0,2020,1.0,0.0,0.5,0.0
9q5fm0,2020,2.0,0.0,0.4,0.0
9q5fm0,2020,3.0,1.0,0.6,0.0
9q5fm0,2020,4.0,0.0,0.5,0.0
9q5fm0,2020,5.0,0.0,0.5,0.0
9q5fm0,2020,6.0,0.0,0.4,0.0
9q5fm0,2020,7.0,1.0,0.5,0.0
9q5fm0,2020,8.0,0.0,0.5,0.0
9q5fm0,2020,9.0,1.0,0.5,0.0
9q5fm0,2020,10.0,1.0,0.6,0.0
9q5fm0,2020,11.0,1.0,0.6,0.0
9q5fm0,2020,12.0,1.0,0.5,0.0
9q5fm0,2021,1.0,0.0,0.0,0.0
9q5fm0,2021,2.0,0.0,0.0,0.0
9q5fm0,2021,3.0,0.0,0.0,0.0
9q5fm0,2021,4.0,0.0,0.0,0.0
9q5fm0,2021,5.0,0.0,0.0,0.0
9q5fm0,2021,6.0,0.0,0.0,0.0
9q5fm0,2021,7.0,0.0,0.0,0.0
9q5fm0,2021,8.0,0.0,0.0,0.0
9q5fm0,2021,9.0,0.0,0.0,0.0
9q5fm0,2021,10.0,0.0,0.0,0.0
9q5fm0,2021,11.0,0.0,0.0,0.0
9q5fm0,2021,12.0,3.0,4.0,1.0
9q5fm0,2022,1.0,16.0,11.4,-4.7
9q5fm0,2022,2.0,17.0,12.0,-5.0
9q5fm0,2022,3.0,16.0,11.1,-4.6
9q5fm0,2022,4.0,16.0,11.6,-4.8
9q5fm0,2022,5.0,17.0,12.3,-5.1
9q5fm0,2022,6.0,18.0,12.4,-5.2
9q5fm0,2022,7.0,18.0,12.9,-5.4
9q5fm0,2022,8.0,19.0,13.3,-5.5
9q5fm0,2022,9.0,17.0,11.9,-4.9
9q5fm0,2022,10.0,19.0,13.3,-5.5
9q5fm0,2022,11.0,17.0,12.3,-5.1
9q5fm0,2022,12.0,18.0,12.4,-5.2
9q5sgb,2021,1.0,,,
9q5sgb,2021,2.0,,,
9q5sgb,2021,3.0,,,
9q5sgb,2021,4.0,,,
9q5sgb,2021,5.0,,,
9q5sgb,2021,6.0,,,
9q5sgb,2021,7.0,,,
9q5sgb,2021,8.0,4481.0,3679.1,-802.0
9q5sgb,2021,9.0,4978.0,4087.2,-891.0
9q5sgb,2021,10.0,4301.0,3531.1,-769.7
9q5sgb,2021,11.0,4613.0,3787.6,-825.7
9q5sgb,2021,12.0,4579.0,3760.0,-819.6
9q5sgb,2022,1.0,7390.0,6303.2,-1086.6
9q5sgb,2022,2.0,7763.0,6621.7,-1141.5
9q5sgb,2022,3.0,7185.0,6128.8,-1056.6
9q5sgb,2022,4.0,7526.0,6419.1,-1106.6
9q5sgb,2022,5.0,7975.0,6802.2,-1172.7
9q5sgb,2022,6.0,8056.0,6871.2,-1184.5
9q5sgb,2022,7.0,8369.0,7138.7,-1230.7
9q5sgb,2022,8.0,8599.0,7334.4,-1264.4
9q5sgb,2022,9.0,7710.0,6576.1,-1133.7
9q5sgb,2022,10.0,8603.0,7338.3,-1265.1
9q5sgb,2022,11.0,7965.0,6793.7,-1171.2
9q5sgb,2022,12.0,8042.0,6859.5,-1182.5
9q5zqv,2018,1.0,0.0,0.0,0.0
9q5zqv,2018,2.0,0.0,0.0,0.0
9q5zqv,2018,3.0,0.0,0.0,0.0
9q5zqv,2018,4.0,0.0,0.0,0.0
9q5zqv,2018,5.0,0.0,0.0,0.0
9q5zqv,2018,6.0,0.0,0.0,0.0
9q5zqv,2018,7.0,0.0,0.0,0.0
9q5zqv,2018,8.0,0.0,0.0,0.0
9q5zqv,2018,9.0,0.0,0.0,0.0
9q5zqv,2018,10.0,155.0,25.0,-130.0
9q5zqv,2018,11.0,144.0,35.0,-109.0
9q5zqv,2018,12.0,157.0,65.0,-92.0
9q5zqv,2019,1.0,250.0,179.0,-71.0
9q5zqv,2019,2.0,191.0,113.0,-78.0
9q5zqv,2019,3.0,187.0,118.0,-69.0
9q5zqv,2019,4.0,269.0,154.0,-115.0
9q5zqv,2019,5.0,167.0,112.0,-55.0
9q5zqv,2019,6.0,148.0,88.0,-60.0
9q5zqv,2019,7.0,212.0,92.0,-120.0
9q5zqv,2019,8.0,285.0,158.0,-127.0
9q5zqv,2019,9.0,269.0,154.0,-115.0
9q5zqv,2019,10.0,293.0,203.0,-90.0
9q5zqv,2019,11.0,184.0,110.0,-74.0
9q5zqv,2019,12.0,9.0,0.0,-9.0
9q5zqv,2020,1.0,0.0,0.0,0.0
9q5zqv,2020,2.0,0.0,0.0,0.0
9q5zqv,2020,3.0,0.0,0.0,0.0
9q5zqv,2020,4.0,23.0,0.0,-23.0
9q5zqv,2020,5.0,62.0,0.0,-62.0
9q5zqv,2020,6.0,205.0,118.0,-87.0
9q5zqv,2020,7.0,314.0,174.0,-140.0
9q5zqv,2020,8.0,349.0,215.0,-134.0
9q5zqv,2020,9.0,278.0,163.0,-94.0
9q5zqv,2020,10.0,278.0,189.0,-89.0
9q5zqv,2020,11.0,324.0,246.0,-70.0
9q5zqv,2020,12.0,280.0,197.0,-74.0
9q5zqv,2021,1.0,283.0,202.0,-81.0
9q5zqv,2021,2.0,338.0,248.0,-90.0
9q5zqv,2021,3.0,388.0,269.0,-119.0
9q5zqv,2021,4.0,320.0,189.0,-131.0
9q5zqv,2021,5.0,266.0,150.0,-116.0
9q5zqv,2021,6.0,366.0,221.0,-145.0
9q5zqv,2021,7.0,384.0,244.0,-140.0
9q5zqv,2021,8.0,378.0,245.0,-133.0
9q5zqv,2021,9.0,364.0,246.0,-118.0
9q5zqv,2021,10.0,357.0,255.0,-102.0
9q5zqv,2021,11.0,20554.0,16855.0,-3699.0
9q5zqv,2021,12.0,25071.0,21138.0,-3933.0
9q5zqv,2022,1.0,15267.0,12503.0,-2764.0
9q5zqv,2022,2.0,13970.0,11199.0,-2771.0
9q5zqv,2022,3.0,13088.0,10711.0,-2377.0
9q5zqv,2022,4.0,27205.0,22659.0,-4506.0
9q5zqv,2022,5.0,35411.0,29699.0,-5712.0
9q5zqv,2022,6.0,35905.0,29676.0,-6229.0
9q5zqv,2022,7.0,39943.0,32548.0,-7395.0
9q5zqv,2022,8.0,43818.0,35989.0,-7829.0
9q5zqv,2022,9.0,47210.0,40153.0,-7058.0
9q5zqv,2022,10.0,56507.0,47336.0,-9171.0
9q5zqv,2022,11.0,52739.0,43895.0,-8844.0
9q5zqv,2022,12.0,50981.0,43355.0,-7626.0
9q6tde,2021,1.0,,,
9q6tde,2021,2.0,,,
9q6tde,2021,3.0,,,
9q6tde,2021,4.0,,,
9q6tde,2021,5.0,,,
9q6tde,2021,6.0,,,
9q6tde,2021,7.0,,,
9q6tde,2021,8.0,,,
9q6tde,2021,9.0,,,
9q6tde,2021,10.0,5135.0,4401.3,-734.7
9q6tde,2021,11.0,7588.0,6454.0,-1134.0
9q6tde,2021,12.0,6051.0,9290.7,3239.7
9q6tde,2022,1.0,9649.0,12652.1,3003.8
9q6tde,2022,2.0,17565.0,14940.4,-2624.9
9q6tde,2022,3.0,21487.0,18074.0,-3413.5
9q6tde,2022,4.0,15332.0,12900.0,-2431.7
9q6tde,2022,5.0,17355.0,14840.7,-2513.8
9q6tde,2022,6.0,17150.0,14766.2,-2384.2
9q6tde,2022,7.0,17447.0,15130.3,-2317.0
9q6tde,2022,8.0,17955.0,15242.5,-2712.9
9q6tde,2022,9.0,15926.0,13729.5,-2197.1
9q6tde,2022,10.0,16642.0,14321.2,-2320.6
9q6tde,2022,11.0,15401.0,13254.7,-2146.2
9q6tde,2022,12.0,12817.0,10824.4,-1992.9
9q92vz,2021,1.0,,,
9q92vz,2021,2.0,,,
9q92vz,2021,3.0,,,
9q92vz,2021,4.0,,,
9q92vz,2021,5.0,0.0,0.0,0.0
9q92vz,2021,6.0,27987.0,23623.0,-4364.0
9q92vz,2021,7.0,35190.0,28808.0,-6382.0
9q92vz,2021,8.0,54876.0,46752.0,-8124.0
9q92vz,2021,9.0,16424.0,14600.0,-1824.0
9q92vz,2021,10.0,9184.0,7226.0,-1958.0
9q92vz,2021,11.0,7439.0,5981.0,-1458.0
9q92vz,2021,12.0,7020.0,5448.0,-1572.0
9q92vz,2022,1.0,5625.0,4191.0,-1434.0
9q92vz,2022,2.0,4864.0,3575.0,-1289.0
9q92vz,2022,3.0,605.0,0.0,-605.0
9q92vz,2022,4.0,8898.0,8015.0,-883.0
9q92vz,2022,5.0,17033.0,13850.0,-3183.0
9q92vz,2022,6.0,57252.0,48643.0,-8609.0
9q92vz,2022,7.0,62132.0,52521.0,-9611.0
9q92vz,2022,8.0,57817.0,47816.0,-10001.0
9q92vz,2022,9.0,41685.0,35732.0,-5953.0
9q92vz,2022,10.0,37131.0,30894.0,-6237.0
9q92vz,2022,11.0,40645.0,34935.0,-5710.0
9q92vz,2022,12.0,62440.0,53095.0,-9345.0
9q97v8,2018,1.0,739.0,340.0,-399.0
9q97v8,2018,2.0,459.0,91.0,-368.0
9q97v8,2018,3.0,595.0,190.0,-405.0
9q97v8,2018,4.0,532.0,160.0,-372.0
9q97v8,2018,5.0,640.0,253.0,-387.0
9q97v8,2018,6.0,574.0,220.0,-354.0
9q97v8,2018,7.0,662.0,279.0,-383.0
9q97v8,2018,8.0,505.0,151.0,-354.0
9q97v8,2018,9.0,372.0,38.0,-334.0
9q97v8,2018,10.0,421.0,72.0,-349.0
9q97v8,2018,11.0,443.0,102.0,-341.0
9q97v8,2018,12.0,480.0,127.0,-353.0
9q97v8,2019,1.0,464.0,115.0,-349.0
9q97v8,2019,2.0,535.0,212.0,-323.0
9q97v8,2019,3.0,573.0,217.0,-356.0
9q97v8,2019,4.0,422.0,145.0,-277.0
9q97v8,2019,5.0,580.0,345.0,-235.0
9q97v8,2019,6.0,449.0,257.0,-192.0
9q97v8,2019,7.0,426.0,206.0,-220.0
9q97v8,2019,8.0,400.0,179.0,-221.0
9q97v8,2019,9.0,323.0,126.0,-197.0
9q97v8,2019,10.0,575.0,351.0,-224.0
9q97v8,2019,11.0,505.0,285.0,-221.0
9q97v8,2019,12.0,238.0,21.0,-217.0
9q97v8,2020,1.0,211.0,0.0,-211.0
9q97v8,2020,2.0,196.0,0.0,-196.0
9q97v8,2020,3.0,209.0,0.0,-209.0
9q97v8,2020,4.0,201.0,0.0,-201.0
9q97v8,2020,5.0,204.0,0.0,-204.0
9q97v8,2020,6.0,196.0,0.0,-196.0
9q97v8,2020,7.0,204.0,1.0,-203.0
9q97v8,2020,8.0,300.0,142.0,-158.0
9q97v8,2020,9.0,267.0,106.0,-160.0
9q97v8,2020,10.0,278.0,116.0,-161.0
9q97v8,2020,11.0,251.0,94.0,-157.0
9q97v8,2020,12.0,338.0,117.0,-221.0
9q97v8,2021,1.0,6.0,4.6,-0.7
9q97v8,2021,2.0,6.0,4.9,-0.8
9q97v8,2021,3.0,6.0,5.5,-0.9
9q97v8,2021,4.0,6.0,5.3,-0.9
9q97v8,2021,5.0,5.0,4.5,-0.7
9q97v8,2021,6.0,6.0,5.2,-0.8
9q97v8,2021,7.0,6.0,5.2,-0.8
9q97v8,2021,8.0,6.0,5.2,-0.8
9q97v8,2021,9.0,7.0,5.8,-0.9
9q97v8,2021,10.0,6.0,5.0,-0.8
9q97v8,2021,11.0,6.0,5.4,-0.9
9q97v8,2021,12.0,6.0,5.3,-0.9
9q9fy1,2018,1.0,,,
9q9fy1,2018,2.0,,,
9q9fy1,2018,3.0,,,
9q9fy1,2018,4.0,,,
9q9fy1,2018,5.0,,,
9q9fy1,2018,6.0,,,
9q9fy1,2018,7.0,,,
9q9fy1,2018,8.0,,,
9q9fy1,2018,9.0,,,
9q9fy1,2018,10.0,,,
9q9fy1,2018,11.0,,,
9q9fy1,2018,12.0,2.0,1.0,-1.0
9q9fy1,2019,1.0,12.0,9.0,-3.7
9q9fy1,2019,2.0,10.0,7.3,-3.0
9q9fy1,2019,3.0,12.0,8.2,-3.4
9q9fy1,2019,4.0,11.0,7.7,-3.2
9q9fy1,2019,5.0,10.0,7.0,-2.9
9q9fy1,2019,6.0,12.0,8.3,-3.4
9q9fy1,2019,7.0,12.0,8.6,-3.5
9q9fy1,2019,8.0,13.0,9.4,-3.9
9q9fy1,2019,9.0,12.0,8.4,-3.5
9q9fy1,2019,10.0,13.0,9.1,-3.8
9q9fy1,2019,11.0,11.0,7.8,-3.2
9q9fy1,2019,12.0,12.0,8.2,-3.4
9q9fy1,2020,1.0,8.0,7.6,-0.2
9q9fy1,2020,2.0,6.0,5.9,-0.1
9q9fy1,2020,3.0,9.0,9.0,-0.2
9q9fy1,2020,4.0,8.0,8.0,-0.2
9q9fy1,2020,5.0,8.0,7.7,-0.2
9q9fy1,2020,6.0,7.0,6.9,-0.1
9q9fy1,2020,7.0,8.0,8.1,-0.2
9q9fy1,2020,8.0,8.0,8.1,-0.2
9q9fy1,2020,9.0,9.0,8.7,-0.2
9q9fy1,2020,10.0,10.0,9.3,-0.2
9q9fy1,2020,11.0,9.0,9.2,-0.2
9q9fy1,2020,12.0,9.0,8.6,-0.2
9q9fy1,2021,1.0,10.0,13.9,5.1
9q9fy1,2021,2.0,9.0,14.9,5.4
9q9fy1,2021,3.0,11.0,16.7,6.1
9q9fy1,2021,4.0,10.0,16.3,5.9
9q9fy1,2021,5.0,9.0,13.8,5.0
9q9fy1,2021,6.0,10.0,15.9,5.8
9q9fy1,2021,7.0,10.0,15.9,5.8
9q9fy1,2021,8.0,10.0,15.9,5.8
9q9fy1,2021,9.0,11.0,17.7,6.5
9q9fy1,2021,10.0,10.0,15.3,5.6
9q9fy1,2021,11.0,10.0,16.4,6.0
9q9fy1,2021,12.0,10.0,16.3,5.9
9q9fy1,2022,1.0,13.0,9.3,-5.0
9q9fy1,2022,2.0,15.0,9.8,-5.3
9q9fy1,2022,3.0,14.0,9.1,-4.9
9q9fy1,2022,4.0,15.0,9.5,-5.1
9q9fy1,2022,5.0,16.0,10.1,-5.4
9q9fy1,2022,6.0,16.0,10.2,-5.5
9q9fy1,2022,7.0,16.0,10.6,-5.7
9q9fy1,2022,8.0,17.0,10.8,-5.9
9q9fy1,2022,9.0,15.0,9.7,-5.3
9q9fy1,2022,10.0,17.0,10.8,-5.9
9q9fy1,2022,11.0,15.0,10.0,-5.4
9q9fy1,2022,12.0,16.0,10.1,-5.5
9q9hq4,2021,1.0,,,
9q9hq4,2021,2.0,,,
9q9hq4,2021,3.0,0.0,0.0,0.0
9q9hq4,2021,4.0,0.0,0.0,0.0
9q9hq4,2021,5.0,0.0,0.0,0.0
9q9hq4,2021,6.0,0.0,0.0,0.0
9q9hq4,2021,7.0,0.0,0.0,0.0
9q9hq4,2021,8.0,0.0,0.0,0.0
9q9hq4,2021,9.0,0.0,0.0,0.0
9q9hq4,2021,10.0,0.0,0.0,0.0
9q9hq4,2021,11.0,0.0,0.0,0.0
9q9hq4,2021,12.0,0.0,0.0,0.0
9q9hq4,2022,1.0,18.0,14.8,-1.8
9q9hq4,2022,2.0,17.0,15.6,-1.9
9q9hq4,2022,3.0,16.0,14.4,-1.7
9q9hq4,2022,4.0,17.0,15.1,-1.8
9q9hq4,2022,5.0,18.0,16.0,-1.9
9q9hq4,2022,6.0,18.0,16.2,-1.9
9q9hq4,2022,7.0,19.0,16.8,-2.0
9q9hq4,2022,8.0,19.0,17.3,-2.1
9q9hq4,2022,9.0,17.0,15.5,-1.9
9q9hq4,2022,10.0,19.0,17.3,-2.1
9q9hq4,2022,11.0,18.0,16.0,-1.9
9q9hq4,2022,12.0,18.0,16.1,-1.9
9q9jb9,2020,1.0,,,
9q9jb9,2020,2.0,,,
9q9jb9,2020,3.0,,,
9q9jb9,2020,4.0,,,
9q9jb9,2020,5.0,,,
9q9jb9,2020,6.0,,,
9q9jb9,2020,7.0,,,
9q9jb9,2020,8.0,,,
9q9jb9,2020,9.0,,,
9q9jb9,2020,10.0,,,
9q9jb9,2020,11.0,0.0,17.1,11.9
9q9jb9,2020,12.0,0.0,15.9,11.1
9q9jb9,2021,1.0,0.0,0.0,0.0
9q9jb9,2021,2.0,0.0,0.0,0.0
9q9jb9,2021,3.0,0.0,0.0,0.0
9q9jb9,2021,4.0,0.0,0.0,0.0
9q9jb9,2021,5.0,0.0,0.0,0.0
9q9jb9,2021,6.0,0.0,0.0,0.0
9q9jb9,2021,7.0,0.0,0.0,0.0
9q9jb9,2021,8.0,0.0,0.0,0.0
9q9jb9,2021,9.0,0.0,0.0,0.0
9q9jb9,2021,10.0,0.0,0.0,0.0
9q9jb9,2021,11.0,0.0,0.0,0.0
9q9jb9,2021,12.0,0.0,0.0,0.0
9q9jb9,2022,1.0,0.0,0.0,0.0
9q9jb9,2022,2.0,0.0,0.0,0.0
9q9jb9,2022,3.0,0.0,0.0,0.0
9q9jb9,2022,4.0,0.0,0.0,0.0
9q9jb9,2022,5.0,0.0,0.0,0.0
9q9jb9,2022,6.0,0.0,0.0,0.0
9q9jb9,2022,7.0,0.0,0.0,0.0
9q9jb9,2022,8.0,0.0,0.0,0.0
9q9jb9,2022,9.0,0.0,0.0,0.0
9q9jb9,2022,10.0,0.0,0.0,0.0
9q9jb9,2022,11.0,0.0,0.0,0.0
9q9jb9,2022,12.0,0.0,0.0,0.0
9q9m24,2018,1.0,0.0,0.0,0.0
9q9m24,2018,2.0,0.0,0.0,0.0
9q9m24,2018,3.0,0.0,0.0,0.0
9q9m24,2018,4.0,0.0,0.0,0.0
9q9m24,2018,5.0,0.0,0.0,0.0
9q9m24,2018,6.0,0.0,0.0,0.0
9q9m24,2018,7.0,0.0,0.0,0.0
9q9m24,2018,8.0,0.0,0.0,0.0
9q9m24,2018,9.0,0.0,0.0,0.0
9q9m24,2018,10.0,0.0,0.0,0.0
9q9m24,2018,11.0,0.0,0.0,0.0
9q9m24,2018,12.0,0.0,0.0,0.0
9q9m24,2019,1.0,0.0,0.0,0.0
9q9m24,2019,2.0,0.0,0.0,0.0
9q9m24,2019,3.0,0.0,0.0,0.0
9q9m24,2019,4.0,0.0,0.0,0.0
9q9m24,2019,5.0,0.0,0.0,0.0
9q9m24,2019,6.0,0.0,0.0,0.0
9q9m24,2019,7.0,0.0,0.0,0.0
9q9m24,2019,8.0,0.0,0.0,0.0
9q9m24,2019,9.0,0.0,0.0,0.0
9q9m24,2019,10.0,0.0,0.0,0.0
9q9m24,2019,11.0,0.0,0.0,0.0
9q9m24,2019,12.0,0.0,0.0,0.0
9q9m24,2020,1.0,0.0,0.0,0.0
9q9m24,2020,2.0,0.0,0.0,0.0
9q9m24,2020,3.0,0.0,0.0,0.0
9q9m24,2020,4.0,0.0,0.0,0.0
9q9m24,2020,5.0,0.0,0.0,0.0
9q9m24,2020,6.0,0.0,0.0,0.0
9q9m24,2020,7.0,0.0,0.0,0.0
9q9m24,2020,8.0,0.0,0.0,0.0
9q9m24,2020,9.0,0.0,0.0,0.0
9q9m24,2020,10.0,0.0,0.0,0.0
9q9m24,2020,11.0,0.0,0.0,0.0
9q9m24,2020,12.0,0.0,0.0,0.0
9q9m24,2021,1.0,0.0,0.0,0.0
9q9m24,2021,2.0,0.0,0.0,0.0
9q9m24,2021,3.0,0.0,0.0,0.0
9q9m24,2021,4.0,0.0,0.0,0.0
9q9m24,2021,5.0,0.0,0.0,0.0
9q9m24,2021,6.0,0.0,0.0,0.0
9q9m24,2021,7.0,0.0,0.0,0.0
9q9m24,2021,8.0,0.0,0.0,0.0
9q9m24,2021,9.0,0.0,0.0,0.0
9q9m24,2021,10.0,0.0,0.0,0.0
9q9m24,2021,11.0,0.0,0.0,0.0
9q9m24,2021,12.0,0.0,0.0,0.0
9q9m24,2022,1.0,0.0,0.0,0.0
9q9m24,2022,2.0,0.0,0.0,0.0
9q9m24,2022,3.0,0.0,0.0,0.0
9q9m24,2022,4.0,0.0,0.0,0.0
9q9m24,2022,5.0,0.0,0.0,0.0
9q9m24,2022,6.0,0.0,0.0,0.0
9q9m24,2022,7.0,0.0,0.0,0.0
9q9m24,2022,8.0,0.0,0.0,0.0
9q9m24,2022,9.0,0.0,0.0,0.0
9q9m24,2022,10.0,0.0,0.0,0.0
9q9m24,2022,11.0,0.0,0.0,0.0
9q9m24,2022,12.0,0.0,0.0,0.0
9q9pk4,2022,1.0,,,
9q9pk4,2022,2.0,,,
9q9pk4,2022,3.0,0.0,0.0,0.0
9q9pk4,2022,4.0,0.0,0.0,0.0
9q9pk4,2022,5.0,0.0,0.0,0.0
9q9pk4,2022,6.0,0.0,0.0,0.0
9q9pk4,2022,7.0,0.0,0.0,0.0
9q9pk4,2022,8.0,0.0,0.0,0.0
9q9pk4,2022,9.0,0.0,0.0,0.0
9q9pk4,2022,10.0,0.0,0.0,0.0
9q9pk4,2022,11.0,0.0,0.0,0.0
9q9pk4,2022,12.0,0.0,0.0,0.0
9qben2,2020,1.0,,,
9qben2,2020,2.0,,,
9qben2,2020,3.0,,,
9qben2,2020,4.0,,,
9qben2,2020,5.0,,,
9qben2,2020,6.0,4.0,3.6,-0.1
9qben2,2020,7.0,4.0,4.3,-0.1
9qben2,2020,8.0,4.0,4.3,-0.1
9qben2,2020,9.0,5.0,4.6,-0.1
9qben2,2020,10.0,5.0,4.9,-0.2
9qben2,2020,11.0,5.0,4.8,-0.2
9qben2,2020,12.0,5.0,4.5,-0.1
9qc26h,2022,1.0,,,
9qc26h,2022,2.0,,,
9qc26h,2022,3.0,,,
9qc26h,2022,4.0,4581.0,4123.0,-458.0
9qc26h,2022,5.0,23643.0,19791.0,-3852.0
9qc26h,2022,6.0,9351.0,7004.0,-2347.0
9qc26h,2022,7.0,13343.0,10459.0,-2884.0
9qc26h,2022,8.0,13380.0,10425.0,-2955.0
9qc26h,2022,9.0,20339.0,17159.0,-3180.0
9qc26h,2022,10.0,19937.0,16677.0,-3261.0
9qc26h,2022,11.0,18063.0,15152.0,-2911.0
9qc26h,2022,12.0,18173.0,16245.0,-1928.0
9qc63x,2018,1.0,249.0,131.0,-118.0
9qc63x,2018,2.0,253.0,144.0,-109.0
9qc63x,2018,3.0,150.0,42.0,-108.0
9qc63x,2018,4.0,176.0,67.0,-109.0
9qc63x,2018,5.0,241.0,125.0,-116.0
9qc63x,2018,6.0,273.0,165.0,-108.0
9qc63x,2018,7.0,250.0,147.0,-103.0
9qc63x,2018,8.0,224.0,114.0,-110.0
9qc63x,2018,9.0,215.0,110.0,-105.0
9qc63x,2018,10.0,77.0,4.0,-73.0
9qc63x,2018,11.0,53.0,0.0,-53.0
9qc63x,2018,12.0,55.0,0.0,-55.0
9qc63x,2019,1.0,55.0,0.0,-55.0
9qc63x,2019,2.0,21.0,0.0,-21.0
9qc63x,2019,3.0,0.0,0.0,0.0
9qc63x,2019,4.0,60.0,15.0,-45.0
9qc63x,2019,5.0,176.0,60.0,-116.0
9qc63x,2019,6.0,105.0,9.0,-96.0
9qc63x,2019,7.0,114.0,19.0,-95.0
9qc63x,2019,8.0,88.0,0.0,-88.0
9qc63x,2019,9.0,53.0,2.0,-51.0
9qc63x,2019,10.0,55.0,0.0,-55.0
9qc63x,2019,11.0,59.0,3.0,-56.0
9qc63x,2019,12.0,58.0,0.0,-58.0
9qc63x,2020,1.0,59.0,0.0,-59.0
9qc63x,2020,2.0,61.0,0.0,-61.0
9qc63x,2020,3.0,64.0,4.0,-60.0
9qc63x,2020,4.0,53.0,0.0,-53.0
9qc63x,2020,5.0,54.0,0.0,-54.0
9qc63x,2020,6.0,52.0,0.0,-52.0
9qc63x,2020,7.0,48.0,2.0,-46.0
9qc63x,2020,8.0,77.0,20.0,-57.0
9qc63x,2020,9.0,58.0,1.0,-58.0
9qc63x,2020,10.0,93.0,34.0,-59.0
9qc63x,2020,11.0,110.0,51.0,-59.0
9qc63x,2020,12.0,153.0,86.0,-67.0
9qcbq0,2022,1.0,,,
9qcbq0,2022,2.0,,,
9qcbq0,2022,3.0,,,
9qcbq0,2022,4.0,,,
9qcbq0,2022,5.0,0.0,0.0,0.0
9qcbq0,2022,6.0,0.0,0.0,0.0
9qcbq0,2022,7.0,0.0,0.0,0.0
9qcbq0,2022,8.0,0.0,0.0,0.0
9qcbq0,2022,9.0,0.0,0.0,0.0
9qcbq0,2022,10.0,0.0,0.0,0.0
9qcbq0,2022,11.0,0.0,0.0,0.0
9qcbq0,2022,12.0,0.0,0.0,0.0
9qct8r,2022,1.0,,,
9qct8r,2022,2.0,,,
9qct8r,2022,3.0,,,
9qct8r,2022,4.0,,,
9qct8r,2022,5.0,,,
9qct8r,2022,6.0,364.0,314.7,-49.4
9qct8r,2022,7.0,378.0,326.9,-51.4
9qct8r,2022,8.0,389.0,335.9,-52.8
9qct8r,2022,9.0,348.0,301.2,-47.3
9qct8r,2022,10.0,389.0,336.1,-52.8
9qct8r,2022,11.0,360.0,311.1,-48.9
9qct8r,2022,12.0,364.0,314.1,-49.4
9qcts0,2022,1.0,,,
9qcts0,2022,2.0,,,
9qcts0,2022,3.0,0.0,0.0,0.0
9qcts0,2022,4.0,0.0,0.0,0.0
9qcts0,2022,5.0,0.0,0.0,0.0
9qcts0,2022,6.0,0.0,0.0,0.0
9qcts0,2022,7.0,0.0,0.0,0.0
9qcts0,2022,8.0,0.0,0.0,0.0
9qcts0,2022,9.0,0.0,0.0,0.0
9qcts0,2022,10.0,0.0,0.0,0.0
9qcts0,2022,11.0,0.0,0.0,0.0
9qcts0,2022,12.0,0.0,0.0,0.0
9qd2ds,2021,1.0,,,
9qd2ds,2021,2.0,,,
9qd2ds,2021,3.0,,,
9qd2ds,2021,4.0,,,
9qd2ds,2021,5.0,,,
9qd2ds,2021,6.0,,,
9qd2ds,2021,7.0,,,
9qd2ds,2021,8.0,,,
9qd2ds,2021,9.0,,,
9qd2ds,2021,10.0,,,
9qd2ds,2021,11.0,1727.0,1456.3,-270.5
9qd2ds,2021,12.0,1714.0,1445.7,-268.5
9qd2ds,2022,1.0,5158.0,4368.5,-790.0
9qd2ds,2022,2.0,5419.0,4589.2,-829.9
9qd2ds,2022,3.0,5016.0,4247.6,-768.1
9qd2ds,2022,4.0,5253.0,4448.8,-804.5
9qd2ds,2022,5.0,5567.0,4714.3,-852.5
9qd2ds,2022,6.0,5623.0,4762.1,-861.2
9qd2ds,2022,7.0,5842.0,4947.5,-894.7
9qd2ds,2022,8.0,6002.0,5083.1,-919.2
9qd2ds,2022,9.0,5382.0,4557.6,-824.2
9qd2ds,2022,10.0,6006.0,5085.9,-919.7
9qd2ds,2022,11.0,5560.0,4708.4,-851.4
9qd2ds,2022,12.0,5614.0,4754.0,-859.7
9qd9xh,2020,1.0,,,
9qd9xh,2020,2.0,,,
9qd9xh,2020,3.0,4.0,4.4,-0.8
9qd9xh,2020,4.0,5.0,3.9,-0.7
9qd9xh,2020,5.0,5.0,3.8,-0.6
9qd9xh,2020,6.0,4.0,3.4,-0.6
9qd9xh,2020,7.0,5.0,4.0,-0.7
9qd9xh,2020,8.0,5.0,4.0,-0.7
9qd9xh,2020,9.0,5.0,4.3,-0.7
9qd9xh,2020,10.0,5.0,4.6,-0.8
9qd9xh,2020,11.0,5.0,4.5,-0.8
9qd9xh,2020,12.0,5.0,4.2,-0.7
9qd9xh,2021,1.0,12.0,8.8,-1.4
9qd9xh,2021,2.0,11.0,9.4,-1.5
9qd9xh,2021,3.0,12.0,10.5,-1.7
9qd9xh,2021,4.0,12.0,10.2,-1.6
9qd9xh,2021,5.0,10.0,8.7,-1.4
9qd9xh,2021,6.0,11.0,10.0,-1.6
9qd9xh,2021,7.0,11.0,10.0,-1.6
9qd9xh,2021,8.0,11.0,10.0,-1.6
9qd9xh,2021,9.0,13.0,11.2,-1.8
9qd9xh,2021,10.0,11.0,9.6,-1.5
9qd9xh,2021,11.0,12.0,10.3,-1.6
9qd9xh,2021,12.0,12.0,10.3,-1.6
9qd9xh,2022,1.0,13.0,10.1,-1.6
9qd9xh,2022,2.0,12.0,10.6,-1.6
9qd9xh,2022,3.0,12.0,9.8,-1.5
9qd9xh,2022,4.0,12.0,10.3,-1.6
9qd9xh,2022,5.0,12.0,10.9,-1.7
9qd9xh,2022,6.0,13.0,11.0,-1.7
9qd9xh,2022,7.0,13.0,11.4,-1.8
9qd9xh,2022,8.0,13.0,11.7,-1.8
9qd9xh,2022,9.0,12.0,10.5,-1.6
9qd9xh,2022,10.0,13.0,11.8,-1.8
9qd9xh,2022,11.0,12.0,10.9,-1.7
9qd9xh,2022,12.0,16.0,13.0,-2.7
9qdbm8,2020,1.0,,,
9qdbm8,2020,2.0,,,
9qdbm8,2020,3.0,,,
9qdbm8,2020,4.0,,,
9qdbm8,2020,5.0,,,
9qdbm8,2020,6.0,,,
9qdbm8,2020,7.0,,,
9qdbm8,2020,8.0,,,
9qdbm8,2020,9.0,,,
9qdbm8,2020,10.0,,,
9qdbm8,2020,11.0,,,
9qdbm8,2020,12.0,2.0,0.0,-2.0
9qdbm8,2021,1.0,3.0,3.0,-0.4
9qdbm8,2021,2.0,4.0,3.1,-0.5
9qdbm8,2021,3.0,4.0,3.5,-0.5
9qdbm8,2021,4.0,4.0,3.4,-0.5
9qdbm8,2021,5.0,3.0,2.9,-0.4
9qdbm8,2021,6.0,4.0,3.4,-0.5
9qdbm8,2021,7.0,4.0,3.4,-0.5
9qdbm8,2021,8.0,4.0,3.4,-0.5
9qdbm8,2021,9.0,4.0,3.7,-0.6
9qdbm8,2021,10.0,4.0,3.2,-0.5
9qdbm8,2021,11.0,4.0,3.5,-0.5
9qdbm8,2021,12.0,4.0,3.4,-0.5
9qdbm8,2022,1.0,6.0,5.4,-0.8
9qdbm8,2022,2.0,6.0,5.6,-0.8
9qdbm8,2022,3.0,6.0,5.2,-0.8
9qdbm8,2022,4.0,6.0,5.5,-0.8
9qdbm8,2022,5.0,7.0,5.8,-0.8
9qdbm8,2022,6.0,7.0,5.8,-0.8
9qdbm8,2022,7.0,7.0,6.1,-0.9
9qdbm8,2022,8.0,7.0,6.2,-0.9
9qdbm8,2022,9.0,6.0,5.6,-0.8
9qdbm8,2022,10.0,7.0,6.2,-0.9
9qdbm8,2022,11.0,7.0,5.8,-0.8
9qdbm8,2022,12.0,7.0,5.8,-0.8
9qh0rw,2019,1.0,,,
9qh0rw,2019,2.0,,,
9qh0rw,2019,3.0,,,
9qh0rw,2019,4.0,,,
9qh0rw,2019,5.0,,,
9qh0rw,2019,6.0,0.0,0.0,0.0
9qh0rw,2019,7.0,0.0,0.0,0.0
9qh0rw,2019,8.0,0.0,0.0,0.0
9qh0rw,2019,9.0,0.0,0.0,0.0
9qh0rw,2019,10.0,0.0,0.0,0.0
9qh0rw,2019,11.0,0.0,0.0,0.0
9qh0rw,2019,12.0,0.0,0.0,0.0
9qh0rw,2020,1.0,177.0,156.0,-20.1
9qh0rw,2020,2.0,132.0,117.3,-15.0
9qh0rw,2020,3.0,228.0,202.2,-25.7
9qh0rw,2020,4.0,172.0,152.2,-19.5
9qh0rw,2020,5.0,234.0,208.5,-25.2
9qh0rw,2020,6.0,188.0,166.2,-21.2
9qh0rw,2020,7.0,234.0,210.7,-23.7
9qh0rw,2020,8.0,189.0,165.4,-23.7
9qh0rw,2020,9.0,204.0,183.5,-21.4
9qh0rw,2020,10.0,265.0,238.9,-26.2
9qh0rw,2020,11.0,209.0,187.4,-22.0
9qh0rw,2020,12.0,500.0,444.9,-55.3
9qh0rw,2021,1.0,51.0,43.8,-5.6
9qh0rw,2021,2.0,84.0,74.2,-9.6
9qh0rw,2021,3.0,103.0,93.0,-9.7
9qh0rw,2021,4.0,51.0,45.8,-5.7
9qh0rw,2021,5.0,60.0,54.8,-5.6
9qh0rw,2021,6.0,105.0,94.6,-10.7
9qh0rw,2021,7.0,138.0,124.6,-13.7
9qh0rw,2021,8.0,118.0,104.7,-13.7
9qh0rw,2021,9.0,132.0,116.4,-15.8
9qh0rw,2021,10.0,122.0,107.4,-14.6
9qh0rw,2021,11.0,117.0,102.9,-13.7
9qh0rw,2021,12.0,117.0,103.8,-13.7
9qh0rw,2022,1.0,31.0,24.7,-5.9
9qh0rw,2022,2.0,132.0,116.4,-16.0
9qh0rw,2022,3.0,138.0,121.3,-16.8
9qh0rw,2022,4.0,168.0,147.9,-19.9
9qh0rw,2022,5.0,157.0,138.8,-18.0
9qh0rw,2022,6.0,163.0,143.0,-19.0
9qh0rw,2022,7.0,168.0,147.6,-20.1
9qh0rw,2022,8.0,115.0,102.1,-13.2
9qh0rw,2022,9.0,105.0,90.3,-14.9
9qh0rw,2022,10.0,49.0,44.1,-5.2
9qh0rw,2022,11.0,95.0,82.8,-12.0
9qh0rw,2022,12.0,112.0,99.0,-13.0
9qh3ky,2018,1.0,1293.0,1126.0,-167.0
9qh3ky,2018,2.0,1421.0,1236.0,-185.0
9qh3ky,2018,3.0,1376.0,1219.0,-157.0
9qh3ky,2018,4.0,1099.0,908.0,-191.0
9qh3ky,2018,5.0,1144.0,967.0,-177.0
9qh3ky,2018,6.0,1206.0,1055.0,-151.0
9qh3ky,2018,7.0,1885.0,1717.0,-168.0
9qh3ky,2018,8.0,1970.0,1673.0,-297.0
9qh3ky,2018,9.0,2116.0,1965.0,-151.0
9qh3ky,2018,10.0,2460.0,2203.0,-257.0
9qh3ky,2018,11.0,2625.0,2391.0,-234.0
9qh3ky,2018,12.0,2885.0,2552.0,-333.0
9qh3ky,2019,1.0,3065.0,2858.0,-207.0
9qh3ky,2019,2.0,3016.0,2677.0,-339.0
9qh3ky,2019,3.0,2479.0,2316.0,-163.0
9qh3ky,2019,4.0,2063.0,1830.0,-233.0
9qh3ky,2019,5.0,2094.0,1880.0,-214.0
9qh3ky,2019,6.0,2012.0,1780.0,-232.0
9qh3ky,2019,7.0,1870.0,1588.0,-282.0
9qh3ky,2019,8.0,1628.0,1447.0,-181.0
9qh3ky,2019,9.0,1975.0,1793.0,-182.0
9qh3ky,2019,10.0,1556.0,1348.0,-208.0
9qh3ky,2019,11.0,1725.0,1531.0,-194.0
9qh3ky,2019,12.0,1661.0,1432.0,-229.0
9qh3ky,2020,1.0,1537.0,1359.0,-178.0
9qh3ky,2020,2.0,1821.0,1609.0,-212.0
9qh3ky,2020,3.0,2232.0,2014.0,-218.0
9qh3ky,2020,4.0,1676.0,1502.0,-174.0
9qh3ky,2020,5.0,1617.0,1390.0,-227.0
9qh3ky,2020,6.0,1041.0,953.0,-88.0
9qh3ky,2020,7.0,1243.0,1035.0,-208.0
9qh3ky,2020,8.0,1216.0,1016.0,-200.0
9qh3ky,2020,9.0,1383.0,1211.0,-172.0
9qh3ky,2020,10.0,1522.0,1327.0,-195.0
9qh3ky,2020,11.0,2289.0,2077.0,-212.0
9qh3ky,2020,12.0,2273.0,1987.0,-286.0
9qh3ky,2021,1.0,2668.0,2425.0,-243.0
9qh3ky,2021,2.0,2217.0,1991.0,-226.0
9qh3ky,2021,3.0,2862.0,2537.0,-325.0
9qh3ky,2021,4.0,2728.0,2429.0,-299.0
9qh3ky,2021,5.0,2596.0,2351.0,-245.0
9qh3ky,2021,6.0,2400.0,2076.0,-324.0
9qh3ky,2021,7.0,2555.0,2247.0,-308.0
9qh3ky,2021,8.0,2787.0,2524.0,-263.0
9qh3ky,2021,9.0,3069.0,2743.0,-326.0
9qh3ky,2021,10.0,3418.0,3051.0,-367.0
9qh3ky,2021,11.0,3297.0,2931.0,-366.0
9qh3ky,2021,12.0,2702.0,2402.0,-300.0
9qh3ky,2022,1.0,3180.0,2842.0,-338.0
9qh3ky,2022,2.0,3204.0,2862.0,-342.0
9qh3ky,2022,3.0,2872.0,2547.0,-325.0
9qh3ky,2022,4.0,2373.0,2098.0,-275.0
9qh3ky,2022,5.0,2981.0,2648.0,-333.0
9qh3ky,2022,6.0,3098.0,2758.0,-340.0
9qh3ky,2022,7.0,2988.0,2636.0,-352.0
9qh3ky,2022,8.0,2535.0,2199.0,-336.0
9qh3ky,2022,9.0,2236.0,1923.0,-313.0
9qh3ky,2022,10.0,2529.0,2238.0,-291.0
9qh3ky,2022,11.0,1675.0,1411.0,-264.0
9qh3ky,2022,12.0,2438.0,2155.0,-283.0
9qhh0n,2021,1.0,66.0,68.1,3.1
9qhh0n,2021,2.0,69.0,72.7,3.3
9qhh0n,2021,3.0,78.0,81.8,3.7
9qhh0n,2021,4.0,76.0,79.5,3.6
9qhh0n,2021,5.0,64.0,67.3,3.1
9qhh0n,2021,6.0,74.0,77.6,3.5
9qhh0n,2021,7.0,74.0,77.7,3.5
9qhh0n,2021,8.0,74.0,77.9,3.5
9qhh0n,2021,9.0,83.0,86.6,3.9
9qhh0n,2021,10.0,71.0,74.8,3.4
9qhh0n,2021,11.0,77.0,80.2,3.6
9qhh0n,2021,12.0,76.0,79.7,3.6
9qhh0n,2022,1.0,239.0,235.9,-1.1
9qhh0n,2022,2.0,249.0,247.9,-1.1
9qhh0n,2022,3.0,230.0,229.4,-1.1
9qhh0n,2022,4.0,241.0,240.3,-1.1
9qhh0n,2022,5.0,256.0,254.6,-1.2
9qhh0n,2022,6.0,258.0,257.2,-1.2
9qhh0n,2022,7.0,268.0,267.2,-1.2
9qhh0n,2022,8.0,9968.0,8661.5,-1306.3
9qhh0n,2022,9.0,25590.0,21612.2,-3978.1
9qhh0n,2022,10.0,29913.0,25516.7,-4396.3
9qhh0n,2022,11.0,25135.0,22042.3,-3093.2
9qhh0n,2022,12.0,24909.0,21644.8,-3264.2
9qhsdk,2021,1.0,,,
9qhsdk,2021,2.0,,,
9qhsdk,2021,3.0,,,
9qhsdk,2021,4.0,,,
9qhsdk,2021,5.0,,,
9qhsdk,2021,6.0,,,
9qhsdk,2021,7.0,,,
9qhsdk,2021,8.0,,,
9qhsdk,2021,9.0,,,
9qhsdk,2021,10.0,,,
9qhsdk,2021,11.0,,,
9qhsdk,2021,12.0,1191.0,995.0,-196.0
9qhsdk,2022,1.0,3878.0,3426.0,-452.0
9qhsdk,2022,2.0,4654.0,4029.0,-625.0
9qhsdk,2022,3.0,4085.0,3455.0,-631.0
9qhsdk,2022,4.0,3972.0,3608.0,-363.0
9qhsdk,2022,5.0,6296.0,5561.0,-735.0
9qhsdk,2022,6.0,5300.0,4475.0,-824.0
9qhsdk,2022,7.0,4773.0,4218.0,-555.0
9qhsdk,2022,8.0,5466.0,4799.0,-666.0
9qhsdk,2022,9.0,5130.0,4449.0,-681.0
9qhsdk,2022,10.0,5668.0,5011.0,-657.0
9qhsdk,2022,11.0,3788.0,3366.0,-422.0
9qhsdk,2022,12.0,4735.0,4143.0,-592.0
9qj152,2018,1.0,5.0,2.5,-2.3
9qj152,2018,2.0,4.0,1.9,-1.8
9qj152,2018,3.0,5.0,2.8,-2.6
9qj152,2018,4.0,6.0,3.2,-3.0
9qj152,2018,5.0,6.0,3.1,-2.9
9qj152,2018,6.0,6.0,3.0,-2.8
9qj152,2018,7.0,6.0,3.0,-2.8
9qj152,2018,8.0,6.0,3.1,-2.9
9qj152,2018,9.0,5.0,2.8,-2.7
9qj152,2018,10.0,6.0,2.9,-2.7
9qj152,2018,11.0,6.0,2.9,-2.7
9qj152,2018,12.0,5.0,2.8,-2.6
9qj152,2019,1.0,3.0,3.1,-0.4
9qj152,2019,2.0,3.0,2.5,-0.3
9qj152,2019,3.0,3.0,2.8,-0.3
9qj152,2019,4.0,3.0,2.6,-0.3
9qj152,2019,5.0,3.0,2.4,-0.3
9qj152,2019,6.0,3.0,2.9,-0.3
9qj152,2019,7.0,3.0,2.9,-0.3
9qj152,2019,8.0,4.0,3.2,-0.4
9qj152,2019,9.0,3.0,2.9,-0.3
9qj152,2019,10.0,4.0,3.1,-0.4
9qj152,2019,11.0,3.0,2.7,-0.3
9qj152,2019,12.0,3.0,2.8,-0.3
9qj152,2020,1.0,15.0,14.4,-2.1
9qj152,2020,2.0,13.0,11.1,-1.6
9qj152,2020,3.0,20.0,17.0,-2.5
9qj152,2020,4.0,17.0,15.1,-2.2
9qj152,2020,5.0,17.0,14.6,-2.1
9qj152,2020,6.0,15.0,13.0,-1.9
9qj152,2020,7.0,18.0,15.4,-2.3
9qj152,2020,8.0,18.0,15.3,-2.2
9qj152,2020,9.0,19.0,16.6,-2.4
9qj152,2020,10.0,20.0,17.7,-2.6
9qj152,2020,11.0,20.0,17.4,-2.6
9qj152,2020,12.0,19.0,16.3,-2.4
9qj152,2021,1.0,12.0,9.5,-1.9
9qj152,2021,2.0,12.0,10.2,-2.0
9qj152,2021,3.0,14.0,11.4,-2.3
9qj152,2021,4.0,13.0,11.1,-2.2
9qj152,2021,5.0,11.0,9.4,-1.9
9qj152,2021,6.0,13.0,10.8,-2.2
9qj152,2021,7.0,13.0,10.8,-2.2
9qj152,2021,8.0,13.0,10.9,-2.2
9qj152,2021,9.0,15.0,12.1,-2.4
9qj152,2021,10.0,13.0,10.4,-2.1
9qj152,2021,11.0,13.0,11.2,-2.3
9qj152,2021,12.0,13.0,11.1,-2.2
9qj152,2022,1.0,239.0,223.0,-19.2
9qj152,2022,2.0,251.0,234.2,-20.1
9qj152,2022,3.0,233.0,216.8,-18.6
9qj152,2022,4.0,244.0,227.1,-19.5
9qj152,2022,5.0,258.0,240.6,-20.7
9qj152,2022,6.0,260.0,243.1,-20.9
9qj152,2022,7.0,271.0,252.5,-21.7
9qj152,2022,8.0,278.0,259.5,-22.3
9qj152,2022,9.0,249.0,232.6,-20.0
9qj152,2022,10.0,279.0,259.6,-22.3
9qj152,2022,11.0,257.0,240.3,-20.7
9qj152,2022,12.0,260.0,242.7,-20.9
9qndpr,2021,1.0,,,
9qndpr,2021,2.0,,,
9qndpr,2021,3.0,0.0,0.0,0.0
9qndpr,2021,4.0,2687.0,1923.0,-764.0
9qndpr,2021,5.0,11215.0,8156.0,-3059.0
9qndpr,2021,6.0,24927.0,21985.5,-2941.0
9qndpr,2021,7.0,49909.0,43986.4,-5924.0
9qndpr,2021,8.0,45063.0,39810.7,-5251.7
9qndpr,2021,9.0,54532.0,48401.4,-6131.0
9qndpr,2021,10.0,54444.0,48489.9,-5953.6
9qndpr,2021,11.0,57987.0,52029.3,-5956.8
9qndpr,2021,12.0,57665.0,51104.9,-6560.8
9qndpr,2022,1.0,52865.0,46686.3,-6178.4
9qndpr,2022,2.0,56543.0,50063.9,-6479.1
9qndpr,2022,3.0,48397.0,42800.3,-5596.1
9qndpr,2022,4.0,56078.0,48751.8,-7326.1
9qndpr,2022,5.0,51350.0,44994.6,-6356.0
9qndpr,2022,6.0,56303.0,49566.5,-6735.9
9qndpr,2022,7.0,61278.0,53045.4,-8238.4
9qndpr,2022,8.0,68878.0,59761.7,-6751.3
9qndpr,2022,9.0,66198.0,55304.1,-10894.0
9qndpr,2022,10.0,98552.0,85501.8,-13051.7
9qndpr,2022,11.0,117956.0,102263.8,-15692.0
9qndpr,2022,12.0,116809.0,101811.8,-14997.0
9qqk6u,2021,1.0,,,
9qqk6u,2021,2.0,,,
9qqk6u,2021,3.0,,,
9qqk6u,2021,4.0,,,
9qqk6u,2021,5.0,,,
9qqk6u,2021,6.0,,,
9qqk6u,2021,7.0,,,
9qqk6u,2021,8.0,,,
9qqk6u,2021,9.0,,,
9qqk6u,2021,10.0,,,
9qqk6u,2021,11.0,,,
9qqk6u,2021,12.0,0.0,0.0,0.0
9qqk6u,2022,1.0,4069.0,3717.0,-352.0
9qqk6u,2022,2.0,9136.0,7684.0,-1452.0
9qqk6u,2022,3.0,11122.0,9712.0,-1410.0
9qqk6u,2022,4.0,11308.0,9871.0,-1437.0
9qqk6u,2022,5.0,11582.0,10011.0,-1571.0
9qqk6u,2022,6.0,10007.0,8841.0,-1166.0
9qqk6u,2022,7.0,11062.0,9522.0,-1540.0
9qqk6u,2022,8.0,11722.0,10309.0,-1413.0
9qqk6u,2022,9.0,11510.0,9845.0,-1665.0
9qqk6u,2022,10.0,11626.0,10216.0,-1411.0
9qqk6u,2022,11.0,9236.0,8084.0,-1152.0
9qqk6u,2022,12.0,10041.0,8794.0,-1247.0
9r13pb,2018,1.0,11.0,7.5,-1.9
9r13pb,2018,2.0,7.0,5.8,-1.5
9r13pb,2018,3.0,10.0,8.5,-2.1
9r13pb,2018,4.0,12.0,9.7,-2.5
9r13pb,2018,5.0,11.0,9.3,-2.3
9r13pb,2018,6.0,11.0,9.1,-2.3
9r13pb,2018,7.0,11.0,9.2,-2.3
9r13pb,2018,8.0,11.0,9.4,-2.4
9r13pb,2018,9.0,10.0,8.5,-2.2
9r13pb,2018,10.0,11.0,8.8,-2.2
9r13pb,2018,11.0,11.0,8.7,-2.2
9r13pb,2018,12.0,10.0,8.5,-2.1
9r13pb,2019,1.0,19.0,14.6,-3.1
9r13pb,2019,2.0,14.0,11.7,-2.5
9r13pb,2019,3.0,16.0,13.3,-2.8
9r13pb,2019,4.0,15.0,12.4,-2.6
9r13pb,2019,5.0,14.0,11.4,-2.4
9r13pb,2019,6.0,16.0,13.4,-2.9
9r13pb,2019,7.0,17.0,13.9,-2.9
9r13pb,2019,8.0,18.0,15.1,-3.2
9r13pb,2019,9.0,16.0,13.6,-2.9
9r13pb,2019,10.0,18.0,14.8,-3.1
9r13pb,2019,11.0,15.0,12.6,-2.7
9r13pb,2019,12.0,16.0,13.3,-2.8
9r13pb,2020,1.0,6.0,4.1,-1.5
9r13pb,2020,2.0,4.0,3.2,-1.1
9r13pb,2020,3.0,7.0,4.9,-1.8
9r13pb,2020,4.0,6.0,4.4,-1.6
9r13pb,2020,5.0,6.0,4.2,-1.5
9r13pb,2020,6.0,5.0,3.7,-1.3
9r13pb,2020,7.0,6.0,4.4,-1.6
9r13pb,2020,8.0,6.0,4.4,-1.6
9r13pb,2020,9.0,6.0,4.8,-1.7
9r13pb,2020,10.0,7.0,5.1,-1.8
9r13pb,2020,11.0,7.0,5.0,-1.8
9r13pb,2020,12.0,6.0,4.7,-1.7
9r13pb,2021,1.0,10.0,7.9,-1.7
9r13pb,2021,2.0,10.0,8.4,-1.8
9r13pb,2021,3.0,12.0,9.5,-2.0
9r13pb,2021,4.0,11.0,9.2,-2.0
9r13pb,2021,5.0,9.0,7.8,-1.7
9r13pb,2021,6.0,11.0,9.0,-1.9
9r13pb,2021,7.0,11.0,9.0,-1.9
9r13pb,2021,8.0,11.0,9.0,-1.9
9r13pb,2021,9.0,12.0,10.0,-2.2
9r13pb,2021,10.0,11.0,8.7,-1.9
9r13pb,2021,11.0,11.0,9.3,-2.0
9r13pb,2021,12.0,11.0,9.2,-2.0
9r13pb,2022,1.0,14.0,10.3,-2.8
9r13pb,2022,2.0,14.0,10.8,-2.9
9r13pb,2022,3.0,13.0,10.0,-2.7
9r13pb,2022,4.0,13.0,10.5,-2.8
9r13pb,2022,5.0,14.0,11.1,-3.0
9r13pb,2022,6.0,14.0,11.3,-3.0
9r13pb,2022,7.0,15.0,11.7,-3.2
9r13pb,2022,8.0,15.0,12.0,-3.3
9r13pb,2022,9.0,14.0,10.8,-2.9
9r13pb,2022,10.0,15.0,12.0,-3.3
9r13pb,2022,11.0,14.0,11.1,-3.0
9r13pb,2022,12.0,14.0,11.2,-3.0
9r4bc7,2022,1.0,,,
9r4bc7,2022,2.0,,,
9r4bc7,2022,3.0,2072.0,1945.0,-127.0
9r4bc7,2022,4.0,6348.0,5987.0,-361.0
9r4bc7,2022,5.0,7591.0,6800.0,-791.0
9r4bc7,2022,6.0,7752.0,7031.0,-721.0
9r4bc7,2022,7.0,7997.0,7146.0,-851.0
9r4bc7,2022,8.0,6452.0,5780.0,-672.0
9r4bc7,2022,9.0,6822.0,6159.0,-662.0
9r4bc7,2022,10.0,12272.0,11164.0,-1106.0
9r4bc7,2022,11.0,9499.0,9135.0,-363.0
9r4bc7,2022,12.0,7841.0,7445.0,-396.0
9rb6wg,2018,1.0,49.0,4.0,-45.0
9rb6wg,2018,2.0,56.0,11.0,-44.0
9rb6wg,2018,3.0,61.0,11.0,-49.0
9rb6wg,2018,4.0,56.0,8.0,-48.0
9rb6wg,2018,5.0,38.0,4.0,-34.0
9rb6wg,2018,6.0,55.0,8.0,-47.0
9rb6wg,2018,7.0,57.0,7.0,-49.0
9rb6wg,2018,8.0,62.0,14.0,-48.0
9rb6wg,2018,9.0,53.0,6.0,-47.0
9rb6wg,2018,10.0,57.0,10.0,-47.0
9rb6wg,2018,11.0,45.0,5.0,-40.0
9rb6wg,2018,12.0,54.0,6.0,-47.0
9rb6wg,2019,1.0,37.0,7.0,-31.0
9rb6wg,2019,2.0,55.0,10.0,-45.0
9rb6wg,2019,3.0,58.0,9.0,-49.0
9rb6wg,2019,4.0,61.0,15.0,-46.0
9rb6wg,2019,5.0,46.0,6.0,-39.0
9rb6wg,2019,6.0,51.0,5.0,-46.0
9rb6wg,2019,7.0,52.0,6.0,-46.0
9rb6wg,2019,8.0,53.0,6.0,-47.0
9rb6wg,2019,9.0,52.0,6.0,-46.0
9rb6wg,2019,10.0,52.0,4.0,-47.0
9rb6wg,2019,11.0,48.0,6.0,-42.0
9rb6wg,2019,12.0,47.0,5.0,-42.0
9rb6wg,2020,1.0,42.0,3.0,-39.0
9rb6wg,2020,2.0,41.0,3.0,-38.0
9rb6wg,2020,3.0,41.0,4.0,-37.0
9rb6wg,2020,4.0,40.0,5.0,-35.0
9rb6wg,2020,5.0,26.0,2.0,-24.0
9rb6wg,2020,6.0,38.0,4.0,-34.0
9rb6wg,2020,7.0,39.0,5.0,-34.0
9rb6wg,2020,8.0,37.0,5.0,-32.0
9rb6wg,2020,9.0,35.0,6.0,-29.0
9rb6wg,2020,10.0,33.0,5.0,-28.0
9rb6wg,2020,11.0,30.0,3.0,-27.0
9rb6wg,2020,12.0,31.0,3.0,-28.0
9rb6wg,2021,1.0,31.0,2.0,-29.0
9rb6wg,2021,2.0,25.0,10.0,-15.0
9rb6wg,2021,3.0,40.0,15.0,-25.0
9rb6wg,2021,4.0,34.0,3.0,-30.0
9rb6wg,2021,5.0,30.0,3.0,-27.0
9rb6wg,2021,6.0,38.0,9.0,-29.0
9rb6wg,2021,7.0,20.0,3.0,-17.0
9rb6wg,2021,8.0,39.0,6.0,-33.0
9rb6wg,2021,9.0,32.0,5.0,-27.0
9rb6wg,2021,10.0,28.0,6.0,-22.0
9rb6wg,2021,11.0,20.0,3.0,-17.0
9rb6wg,2021,12.0,5.0,0.0,-5.0
9rb6wg,2022,1.0,19.0,2.0,-17.0
9rb6wg,2022,2.0,28.0,3.0,-25.0
9rb6wg,2022,3.0,34.0,3.0,-31.0
9rb6wg,2022,4.0,36.0,4.0,-32.0
9rb6wg,2022,5.0,40.0,8.0,-32.0
9rb6wg,2022,6.0,41.0,8.0,-33.0
9rb6wg,2022,7.0,46.0,7.0,-39.0
9rb6wg,2022,8.0,41.0,6.0,-35.0
9rb6wg,2022,9.0,38.0,4.0,-34.0
9rb6wg,2022,10.0,36.0,5.0,-31.0
9rb6wg,2022,11.0,34.0,4.0,-30.0
9rb6wg,2022,12.0,35.0,3.0,-32.0
9rkf69,2021,1.0,,,
9rkf69,2021,2.0,,,
9rkf69,2021,3.0,,,
9rkf69,2021,4.0,,,
9rkf69,2021,5.0,,,
9rkf69,2021,6.0,145.0,137.0,-8.0
9rkf69,2021,7.0,2816.0,2705.0,-111.0
9rkf69,2021,8.0,3271.0,3043.0,-228.0
9rkf69,2021,9.0,3088.0,2907.0,-181.0
9rkf69,2021,10.0,1187.0,1085.0,-102.0
9rkf69,2021,11.0,1527.0,1459.0,-68.0
9rkf69,2021,12.0,1317.0,1254.0,-63.0
9rkf69,2022,1.0,2396.0,2272.0,-124.0
9rkf69,2022,2.0,2464.0,2378.0,-86.0
9rkf69,2022,3.0,2375.0,2237.0,-138.0
9rkf69,2022,4.0,3086.0,2941.0,-145.0
9rkf69,2022,5.0,3089.0,2805.0,-284.0
9rkf69,2022,6.0,2927.0,2753.0,-174.0
9rkf69,2022,7.0,3118.0,2922.0,-196.0
9rkf69,2022,8.0,2893.0,2703.0,-190.0
9rkf69,2022,9.0,2695.0,2548.0,-147.0
9rkf69,2022,10.0,2035.0,1828.0,-208.0
9rkf69,2022,11.0,1084.0,1105.0,21.0
9rkf69,2022,12.0,2018.0,1916.0,-102.0
9w01f3,2018,1.0,120.0,111.8,-74.6
9w01f3,2018,2.0,114.0,108.1,-66.0
9w01f3,2018,3.0,120.0,112.2,-72.5
9w01f3,2018,4.0,125.0,112.0,-75.2
9w01f3,2018,5.0,1498.0,1304.6,-252.3
9w01f3,2018,6.0,1602.0,1408.1,-253.8
9w01f3,2018,7.0,1711.0,1501.2,-273.5
9w01f3,2018,8.0,1705.0,1495.7,-270.9
9w01f3,2018,9.0,6365.0,6104.8,-315.1
9w01f3,2018,10.0,2603.0,2241.3,-424.0
9w01f3,2018,11.0,1564.0,1397.9,-226.0
9w01f3,2018,12.0,1553.0,1386.3,-232.0
9w01f3,2019,1.0,1728.0,1453.7,-273.8
9w01f3,2019,2.0,2038.0,1615.4,-422.2
9w01f3,2019,3.0,2842.0,2402.7,-439.8
9w01f3,2019,4.0,2733.0,2321.6,-411.2
9w01f3,2019,5.0,2618.0,2202.1,-415.6
9w01f3,2019,6.0,2066.0,1789.4,-276.8
9w01f3,2019,7.0,1544.0,1244.0,-299.6
9w01f3,2019,8.0,1605.0,1305.0,-300.0
9w01f3,2019,9.0,2598.0,2185.1,-413.3
9w01f3,2019,10.0,2915.0,2513.9,-401.3
9w01f3,2019,11.0,2582.0,2177.7,-404.2
9w01f3,2019,12.0,2640.0,2216.4,-384.0
9w01f3,2020,1.0,2847.0,2401.8,-443.9
9w01f3,2020,2.0,2741.0,2313.9,-427.3
9w01f3,2020,3.0,2882.0,2464.5,-417.5
9w01f3,2020,4.0,2792.0,2383.3,-408.5
9w01f3,2020,5.0,2738.0,2674.5,-63.8
9w01f3,2020,6.0,2616.0,2543.5,-72.8
9w01f3,2020,7.0,2668.0,2670.8,2.4
9w01f3,2020,8.0,2515.0,2470.3,-44.9
9w01f3,2020,9.0,2701.0,2570.9,-129.9
9w01f3,2020,10.0,2691.0,2685.9,-5.5
9w01f3,2020,11.0,2742.0,2299.2,-442.3
9w01f3,2020,12.0,2786.0,2348.4,-437.8
9w01f3,2021,1.0,2931.0,2478.3,-451.0
9w01f3,2021,2.0,2495.0,2113.7,-381.7
9w01f3,2021,3.0,2840.0,2426.2,-414.2
9w01f3,2021,4.0,2768.0,2349.1,-418.5
9w01f3,2021,5.0,3205.0,2846.2,-358.9
9w01f3,2021,6.0,2708.0,2391.9,-604.4
9w01f3,2021,7.0,3055.0,2433.8,-621.5
9w01f3,2021,8.0,4217.0,3203.0,-1013.9
9w01f3,2021,9.0,6748.0,5792.6,-955.9
9w01f3,2021,10.0,5326.0,4469.2,-887.9
9w01f3,2021,11.0,6455.0,5370.2,-1084.8
9w01f3,2021,12.0,6215.0,5864.8,-350.3
9w01f3,2022,1.0,4256.0,3570.2,-685.3
9w01f3,2022,2.0,6622.0,5642.0,-979.9
9w01f3,2022,3.0,6674.0,5661.5,-1012.2
9w01f3,2022,4.0,5708.0,4832.2,-875.7
9w01f3,2022,5.0,5658.0,4837.2,-821.2
9w01f3,2022,6.0,5970.0,5030.2,-940.1
9w01f3,2022,7.0,6258.0,5009.6,-1248.9
9w01f3,2022,8.0,6589.0,4986.6,-1601.9
9w01f3,2022,9.0,5423.0,4722.6,-700.5
9w01f3,2022,10.0,5588.0,4812.5,-777.0
9w01f3,2022,11.0,5521.0,4558.6,-962.3
9w01f3,2022,12.0,3284.0,2675.0,-600.9
9w1zzg,2022,1.0,,,
9w1zzg,2022,2.0,,,
9w1zzg,2022,3.0,,,
9w1zzg,2022,4.0,,,
9w1zzg,2022,5.0,0.0,0.0,0.0
9w1zzg,2022,6.0,0.0,0.0,0.0
9w1zzg,2022,7.0,0.0,0.0,0.0
9w1zzg,2022,8.0,0.0,0.0,0.0
9w1zzg,2022,9.0,0.0,0.0,0.0
9w1zzg,2022,10.0,0.0,0.0,0.0
9w1zzg,2022,11.0,0.0,0.0,0.0
9w1zzg,2022,12.0,0.0,0.0,0.0
9wdb95,2018,1.0,0.0,0.0,0.0
9wdb95,2018,2.0,0.0,0.0,0.0
9wdb95,2018,3.0,0.0,0.0,0.0
9wdb95,2018,4.0,0.0,0.0,0.0
9wdb95,2018,5.0,0.0,0.0,0.0
9wdb95,2018,6.0,0.0,0.0,0.0
9wdb95,2018,7.0,0.0,0.0,0.0
9wdb95,2018,8.0,0.0,0.0,0.0
9wdb95,2018,9.0,0.0,0.0,0.0
9wdb95,2018,10.0,0.0,0.0,0.0
9wdb95,2018,11.0,0.0,0.0,0.0
9wdb95,2018,12.0,0.0,0.0,0.0
9wdb95,2019,1.0,0.0,0.0,0.0
9wdb95,2019,2.0,0.0,0.0,0.0
9wdb95,2019,3.0,0.0,0.0,0.0
9wdb95,2019,4.0,0.0,0.0,0.0
9wdb95,2019,5.0,0.0,0.0,0.0
9wdb95,2019,6.0,0.0,0.0,0.0
9wdb95,2019,7.0,0.0,0.0,0.0
9wdb95,2019,8.0,0.0,0.0,0.0
9wdb95,2019,9.0,0.0,0.0,0.0
9wdb95,2019,10.0,0.0,0.0,0.0
9wdb95,2019,11.0,0.0,0.0,0.0
9wdb95,2019,12.0,0.0,0.0,0.0
9wdb95,2020,1.0,0.0,0.0,0.0
9wdb95,2020,2.0,0.0,0.0,0.0
9wdb95,2020,3.0,0.0,0.0,0.0
9wdb95,2020,4.0,0.0,0.0,0.0
9wdb95,2020,5.0,0.0,0.0,0.0
9wdb95,2020,6.0,0.0,0.0,0.0
9wdb95,2020,7.0,0.0,0.0,0.0
9wdb95,2020,8.0,0.0,0.0,0.0
9wdb95,2020,9.0,0.0,0.0,0.0
9wdb95,2020,10.0,0.0,0.0,0.0
9wdb95,2020,11.0,0.0,0.0,0.0
9wdb95,2020,12.0,0.0,0.0,0.0
9wdb95,2021,1.0,0.0,0.0,0.0
9wdb95,2021,2.0,0.0,0.0,0.0
9wdb95,2021,3.0,0.0,0.0,0.0
9wdb95,2021,4.0,0.0,0.0,0.0
9wdb95,2021,5.0,0.0,0.0,0.0
9wdb95,2021,6.0,0.0,0.0,0.0
9wdb95,2021,7.0,0.0,0.0,0.0
9wdb95,2021,8.0,0.0,0.0,0.0
9wdb95,2021,9.0,0.0,0.0,0.0
9wdb95,2021,10.0,0.0,0.0,0.0
9wdb95,2021,11.0,0.0,0.0,0.0
9wdb95,2021,12.0,0.0,0.0,0.0
9wdb95,2022,1.0,0.0,0.0,0.0
9wdb95,2022,2.0,0.0,0.0,0.0
9wdb95,2022,3.0,0.0,0.0,0.0
9wdb95,2022,4.0,0.0,0.0,0.0
9wdb95,2022,5.0,0.0,0.0,0.0
9wdb95,2022,6.0,0.0,0.0,0.0
9wdb95,2022,7.0,0.0,0.0,0.0
9wdb95,2022,8.0,0.0,0.0,0.0
9wdb95,2022,9.0,0.0,0.0,0.0
9wdb95,2022,10.0,0.0,0.0,0.0
9wdb95,2022,11.0,0.0,0.0,0.0
9wdb95,2022,12.0,0.0,0.0,0.0
9we1bp,2018,1.0,80.0,19.0,-61.0
9we1bp,2018,2.0,76.0,21.0,-55.0
9we1bp,2018,3.0,78.0,20.0,-58.0
9we1bp,2018,4.0,62.0,7.0,-55.0
9we1bp,2018,5.0,72.0,15.0,-57.0
9we1bp,2018,6.0,82.0,24.0,-58.0
9we1bp,2018,7.0,81.0,18.0,-63.0
9we1bp,2018,8.0,71.0,14.0,-57.0
9we1bp,2018,9.0,77.0,20.0,-57.0
9we1bp,2018,10.0,79.0,18.0,-61.0
9we1bp,2018,11.0,87.0,20.0,-67.0
9we1bp,2018,12.0,95.0,21.0,-74.0
9we1bp,2022,1.0,,,
9we1bp,2022,2.0,,,
9we1bp,2022,3.0,,,
9we1bp,2022,4.0,,,
9we1bp,2022,5.0,,,
9we1bp,2022,6.0,,,
9we1bp,2022,7.0,,,
9we1bp,2022,8.0,0.0,0.0,0.0
9we1bp,2022,9.0,0.0,0.0,0.0
9we1bp,2022,10.0,0.0,0.0,0.0
9we1bp,2022,11.0,515.0,463.0,-52.0
9we1bp,2022,12.0,752.0,638.0,-114.0
9wve62,2018,1.0,19.0,15.2,-2.5
9wve62,2018,2.0,16.0,13.6,-2.3
9wve62,2018,3.0,17.0,14.7,-2.5
9wve62,2018,4.0,16.0,14.1,-2.4
9wve62,2018,5.0,15.0,13.2,-2.2
9wve62,2018,6.0,16.0,13.4,-2.3
9wve62,2018,7.0,17.0,14.2,-2.4
9wve62,2018,8.0,16.0,14.0,-2.3
9wve62,2018,9.0,14.0,12.2,-2.1
9wve62,2018,10.0,16.0,14.0,-2.3
9wve62,2018,11.0,16.0,13.5,-2.3
9wve62,2018,12.0,30.0,19.9,-10.5
9wve62,2019,1.0,124.0,39.2,-85.1
9wve62,2019,2.0,87.0,17.3,-69.9
9wve62,2019,3.0,128.0,29.5,-98.9
9wve62,2019,4.0,133.0,40.9,-91.5
9wve62,2019,5.0,135.0,48.7,-86.6
9wve62,2019,6.0,131.0,43.9,-87.2
9wve62,2019,7.0,101.0,25.6,-75.1
9wve62,2019,8.0,160.0,58.4,-101.0
9wve62,2019,9.0,134.0,40.2,-94.5
9wve62,2019,10.0,134.0,39.0,-95.0
9wve62,2019,11.0,116.0,35.7,-80.2
9wve62,2019,12.0,109.0,26.7,-82.0
9wve62,2020,1.0,155.0,151.9,6.3
9wve62,2020,2.0,173.0,163.8,1.1
9wve62,2020,3.0,161.0,155.7,4.8
9wve62,2020,4.0,176.0,163.2,-3.8
9wve62,2020,5.0,135.0,120.8,-7.3
9wve62,2020,6.0,111.0,100.4,-5.3
9wve62,2020,7.0,173.0,157.4,-8.1
9wve62,2020,8.0,161.0,150.7,-2.0
9wve62,2020,9.0,126.0,121.8,3.4
9wve62,2020,10.0,145.0,143.0,7.5
9wve62,2020,11.0,160.0,148.3,-3.2
9wve62,2020,12.0,195.0,182.0,-2.4
9wve62,2021,1.0,33.0,21.0,-12.0
9wve62,2021,2.0,38.0,28.0,-10.0
9wve62,2021,3.0,28.0,20.0,-8.0
9wve62,2021,4.0,22.0,16.0,-6.0
9wve62,2021,5.0,36.0,24.0,-12.0
9wve62,2021,6.0,31.0,21.0,-10.0
9wve62,2021,7.0,39.0,29.0,-10.0
9wve62,2021,8.0,33.0,21.0,-12.0
9wve62,2021,9.0,21.0,15.0,-6.0
9wve62,2021,10.0,17.0,11.0,-6.0
9wve62,2021,11.0,29.0,22.0,-7.0
9wve62,2021,12.0,23.0,12.0,-11.0
9wve62,2022,1.0,74.0,42.8,-32.7
9wve62,2022,2.0,61.0,33.6,-27.5
9wve62,2022,3.0,83.0,46.6,-36.6
9wve62,2022,4.0,78.0,46.3,-32.1
9wve62,2022,5.0,81.0,48.9,-31.6
9wve62,2022,6.0,71.0,39.5,-31.3
9wve62,2022,7.0,98.0,60.9,-36.8
9wve62,2022,8.0,90.0,53.4,-36.2
9wve62,2022,9.0,76.0,38.9,-36.7
9wve62,2022,10.0,84.0,45.5,-38.4
9wve62,2022,11.0,68.0,35.7,-32.5
9wve62,2022,12.0,67.0,33.9,-32.7
9xkgmv,2019,1.0,92.0,69.0,-33.0
9xkgmv,2019,2.0,107.0,84.0,-23.0
9xkgmv,2019,3.0,47.0,34.0,-13.0
9xkgmv,2019,4.0,58.0,49.0,-9.0
9xkgmv,2019,5.0,102.0,89.0,-13.0
9xkgmv,2019,6.0,84.0,72.0,-12.0
9xkgmv,2019,7.0,120.0,105.0,-15.0
9xkgmv,2019,8.0,136.0,120.0,-16.0
9xkgmv,2019,9.0,49.0,42.0,-7.0
9xkgmv,2019,10.0,143.0,123.0,-20.0
9xkgmv,2019,11.0,150.0,130.0,-21.0
9xkgmv,2019,12.0,132.0,97.0,-35.0
9xkgmv,2020,1.0,130.0,112.0,-18.0
9xkgmv,2020,2.0,38.0,32.0,-6.0
9xkgmv,2020,3.0,40.0,32.0,-8.0
9xkgmv,2020,4.0,70.0,62.0,-8.0
9xkgmv,2020,5.0,85.0,74.0,-11.0
9xkgmv,2020,6.0,110.0,93.0,-17.0
9xkgmv,2020,7.0,146.0,128.0,-18.0
9xkgmv,2020,8.0,90.0,79.0,-11.0
9xkgmv,2020,9.0,47.0,40.0,-7.0
9xkgmv,2020,10.0,42.0,36.0,-6.0
9xkgmv,2020,11.0,18.0,14.0,-4.0
9xkgmv,2020,12.0,139.0,120.0,-19.0
9xkgmv,2021,1.0,88.0,75.0,-13.0
9xkgmv,2021,2.0,64.0,44.0,-20.0
9xkgmv,2021,3.0,95.0,58.5,-37.2
9xkgmv,2021,4.0,120.0,82.6,-37.3
9xkgmv,2021,5.0,64.0,41.6,-21.9
9xkgmv,2021,6.0,155.0,131.3,-23.3
9xkgmv,2021,7.0,176.0,152.1,-24.3
9xkgmv,2021,8.0,87.0,72.3,-14.9
9xkgmv,2021,9.0,148.0,124.0,-23.7
9xkgmv,2021,10.0,150.0,116.7,-33.2
9xkgmv,2021,11.0,133.0,109.5,-22.3
9xkgmv,2021,12.0,255.0,206.1,-49.0
9xkgmv,2022,1.0,197.0,129.8,-68.7
9xkgmv,2022,2.0,128.0,84.2,-43.6
9xkgmv,2022,3.0,156.0,111.2,-44.3
9xkgmv,2022,4.0,119.0,85.9,-33.0
9xkgmv,2022,5.0,176.0,144.0,-31.9
9xkgmv,2022,6.0,84.0,67.4,-17.1
9xkgmv,2022,7.0,159.0,134.5,-24.1
9xkgmv,2022,8.0,133.0,112.1,-21.0
9xkgmv,2022,9.0,105.0,80.9,-23.7
9xkgmv,2022,10.0,86.0,59.6,-26.0
9xkgmv,2022,11.0,293.0,253.4,-39.7
9xkgmv,2022,12.0,253.0,177.0,-75.8
c245ue,2022,1.0,,,
c245ue,2022,2.0,,,
c245ue,2022,3.0,719.0,595.0,-124.0
c245ue,2022,4.0,4158.0,4009.0,-149.0
c245ue,2022,5.0,2098.0,2008.0,-90.0
c245ue,2022,6.0,2674.0,2593.0,-81.0
c245ue,2022,7.0,2682.0,2593.0,-89.0
c245ue,2022,8.0,1313.0,1249.0,-64.0
c245ue,2022,9.0,,,
c245ue,2022,10.0,2263.0,2161.0,-102.0
c245ue,2022,11.0,1445.0,1387.0,-58.0
c245ue,2022,12.0,1269.0,1225.0,-44.0
c26crp,2020,1.0,,,
c26crp,2020,2.0,,,
c26crp,2020,3.0,,,
c26crp,2020,4.0,,,
c26crp,2020,5.0,,,
c26crp,2020,6.0,,,
c26crp,2020,7.0,,,
c26crp,2020,8.0,,,
c26crp,2020,9.0,,,
c26crp,2020,10.0,,,
c26crp,2020,11.0,,,
c26crp,2020,12.0,36.0,23.0,-13.0
c26crp,2021,1.0,45.0,34.4,-11.9
c26crp,2021,2.0,49.0,36.4,-12.5
c26crp,2021,3.0,55.0,40.7,-14.0
c26crp,2021,4.0,53.0,39.6,-13.6
c26crp,2021,5.0,45.0,33.3,-11.5
c26crp,2021,6.0,51.0,37.6,-12.9
c26crp,2021,7.0,52.0,38.3,-13.2
c26crp,2021,8.0,50.0,37.4,-12.9
c26crp,2021,9.0,56.0,41.9,-14.4
c26crp,2021,10.0,49.0,36.3,-12.5
c26crp,2021,11.0,51.0,37.8,-13.0
c26crp,2021,12.0,53.0,39.2,-13.5
c26crp,2022,1.0,89.0,69.9,-18.4
c26crp,2022,2.0,93.0,73.7,-19.4
c26crp,2022,3.0,86.0,68.3,-18.0
c26crp,2022,4.0,90.0,71.5,-18.8
c26crp,2022,5.0,95.0,75.5,-19.8
c26crp,2022,6.0,97.0,76.5,-20.1
c26crp,2022,7.0,99.0,78.4,-20.6
c26crp,2022,8.0,103.0,81.6,-21.4
c26crp,2022,9.0,93.0,73.3,-19.3
c26crp,2022,10.0,103.0,81.5,-21.4
c26crp,2022,11.0,95.0,75.5,-19.8
c26crp,2022,12.0,96.0,76.2,-20.0
c2967d,2018,1.0,117.0,64.2,-55.7
c2967d,2018,2.0,102.0,56.7,-45.0
c2967d,2018,3.0,100.0,39.4,-60.3
c2967d,2018,4.0,106.0,41.1,-64.6
c2967d,2018,5.0,98.0,37.4,-60.8
c2967d,2018,6.0,100.0,41.6,-58.0
c2967d,2018,7.0,87.0,31.7,-55.2
c2967d,2018,8.0,88.0,31.9,-55.6
c2967d,2018,9.0,112.0,51.8,-59.9
c2967d,2018,10.0,135.0,72.6,-62.4
c2967d,2018,11.0,83.0,31.4,-51.2
c2967d,2018,12.0,126.0,68.4,-57.2
c2967d,2019,1.0,86.0,69.0,-17.5
c2967d,2019,2.0,44.0,31.0,-12.6
c2967d,2019,3.0,78.0,62.0,-16.1
c2967d,2019,4.0,71.0,55.0,-15.8
c2967d,2019,5.0,31.0,21.0,-10.4
c2967d,2019,6.0,10.0,2.0,-8.1
c2967d,2019,7.0,4.0,0.0,-4.2
c2967d,2019,8.0,13.0,0.0,-12.6
c2967d,2019,9.0,4.0,0.0,-4.1
c2967d,2019,10.0,5.0,0.0,-4.5
c2967d,2019,11.0,4.0,0.0,-3.8
c2967d,2019,12.0,4.0,0.0,-4.1
c2967d,2020,1.0,0.0,0.0,0.0
c2967d,2020,2.0,0.0,0.0,0.0
c2967d,2020,3.0,0.0,0.0,0.0
c2967d,2020,4.0,0.0,0.0,0.0
c2967d,2020,5.0,0.0,0.0,0.0
c2967d,2020,6.0,0.0,0.0,0.0
c2967d,2020,7.0,0.0,0.0,0.0
c2967d,2020,8.0,0.0,0.0,0.0
c2967d,2020,9.0,0.0,0.0,0.0
c2967d,2020,10.0,0.0,0.0,0.0
c2967d,2020,11.0,0.0,0.0,0.0
c2967d,2020,12.0,0.0,0.0,0.0
c2967d,2021,1.0,0.0,0.0,0.0
c2967d,2021,2.0,0.0,0.0,0.0
c2967d,2021,3.0,0.0,0.0,0.0
c2967d,2021,4.0,0.0,0.0,0.0
c2967d,2021,5.0,0.0,0.0,0.0
c2967d,2021,6.0,0.0,0.0,0.0
c2967d,2021,7.0,0.0,0.0,0.0
c2967d,2021,8.0,0.0,0.0,0.0
c2967d,2021,9.0,0.0,0.0,0.0
c2967d,2021,10.0,15.0,10.9,-4.5
c2967d,2021,11.0,16.0,11.4,-4.7
c2967d,2021,12.0,17.0,11.8,-4.8
c2967d,2022,1.0,5.0,0.9,-2.9
c2967d,2022,2.0,4.0,1.0,-3.0
c2967d,2022,3.0,4.0,0.9,-2.8
c2967d,2022,4.0,4.0,1.0,-2.9
c2967d,2022,5.0,4.0,1.0,-3.1
c2967d,2022,6.0,4.0,1.0,-3.1
c2967d,2022,7.0,5.0,1.0,-4.2
c2967d,2022,8.0,4.0,1.1,-3.3
c2967d,2022,9.0,4.0,1.0,-3.0
c2967d,2022,10.0,4.0,1.1,-3.3
c2967d,2022,11.0,4.0,1.0,-3.1
c2967d,2022,12.0,4.0,1.0,-3.1
c2c10y,2018,1.0,121.0,100.5,-21.3
c2c10y,2018,2.0,96.0,79.3,-16.8
c2c10y,2018,3.0,137.0,112.9,-23.9
c2c10y,2018,4.0,154.0,126.9,-26.9
c2c10y,2018,5.0,146.0,120.7,-25.6
c2c10y,2018,6.0,147.0,121.2,-25.7
c2c10y,2018,7.0,147.0,121.6,-25.8
c2c10y,2018,8.0,149.0,122.5,-26.0
c2c10y,2018,9.0,138.0,114.2,-24.2
c2c10y,2018,10.0,143.0,117.6,-24.9
c2c10y,2018,11.0,137.0,112.7,-23.9
c2c10y,2018,12.0,137.0,112.7,-23.9
c2c10y,2019,1.0,157.0,134.3,-23.6
c2c10y,2019,2.0,126.0,107.4,-18.9
c2c10y,2019,3.0,146.0,123.8,-21.8
c2c10y,2019,4.0,136.0,115.3,-20.3
c2c10y,2019,5.0,121.0,102.8,-18.1
c2c10y,2019,6.0,145.0,123.2,-21.7
c2c10y,2019,7.0,149.0,126.5,-22.2
c2c10y,2019,8.0,161.0,137.0,-24.1
c2c10y,2019,9.0,146.0,124.3,-21.8
c2c10y,2019,10.0,160.0,136.1,-23.9
c2c10y,2019,11.0,133.0,113.4,-19.9
c2c10y,2019,12.0,146.0,124.0,-21.8
c2c10y,2020,1.0,6.0,4.4,-0.8
c2c10y,2020,2.0,4.0,3.5,-0.6
c2c10y,2020,3.0,6.0,5.1,-0.9
c2c10y,2020,4.0,5.0,4.5,-0.8
c2c10y,2020,5.0,5.0,4.3,-0.8
c2c10y,2020,6.0,5.0,4.0,-0.7
c2c10y,2020,7.0,5.0,4.6,-0.8
c2c10y,2020,8.0,5.0,4.6,-0.8
c2c10y,2020,9.0,6.0,4.9,-0.9
c2c10y,2020,10.0,6.0,5.2,-0.9
c2c10y,2020,11.0,6.0,5.0,-0.9
c2c10y,2020,12.0,6.0,4.9,-0.9
c2c10y,2021,1.0,14.0,6.2,-8.1
c2c10y,2021,2.0,15.0,6.5,-8.5
c2c10y,2021,3.0,17.0,7.3,-9.5
c2c10y,2021,4.0,16.0,7.1,-9.3
c2c10y,2021,5.0,14.0,6.0,-7.8
c2c10y,2021,6.0,16.0,6.7,-8.8
c2c10y,2021,7.0,16.0,6.9,-9.0
c2c10y,2021,8.0,15.0,6.7,-8.7
c2c10y,2021,9.0,17.0,7.5,-9.8
c2c10y,2021,10.0,15.0,6.5,-8.5
c2c10y,2021,11.0,16.0,6.8,-8.9
c2c10y,2021,12.0,16.0,7.0,-9.2
c2c10y,2022,1.0,13.0,3.3,-11.1
c2c10y,2022,2.0,15.0,3.5,-11.7
c2c10y,2022,3.0,14.0,3.3,-10.8
c2c10y,2022,4.0,15.0,3.4,-11.3
c2c10y,2022,5.0,16.0,3.6,-12.0
c2c10y,2022,6.0,16.0,3.6,-12.1
c2c10y,2022,7.0,16.0,3.7,-12.4
c2c10y,2022,8.0,17.0,3.9,-12.9
c2c10y,2022,9.0,15.0,3.5,-11.6
c2c10y,2022,10.0,17.0,3.9,-12.9
c2c10y,2022,11.0,16.0,3.6,-12.0
c2c10y,2022,12.0,16.0,3.6,-12.1
