   I,     J,     K,'CKT',CW,CZ,CM,    MAG1,       MAG2,NMETR,               'N A M E',               STAT,O1,  F1,    O2,  F2,    O3,  F3,    O4,  F4,     'VECGRP', ZCOD
@!   R1-2,       X1-2,   SBASE1-2,     R2-3,       X2-3,   SBASE2-3,     R3-1,       X3-1,   SBASE3-1, VMSTAR,   ANSTAR
@!WINDV1,  NOMV1,    ANG1,  RATE1-1,  RATE1-2,  RATE1-3,  RATE1-4,  RATE1-5,  RATE1-6,  RATE1-7,  RATE1-8,  RATE1-9, RATE1-10, RATE1-11, RATE1-12,COD1,CONT1,   RMA1,    RMI1,    VMA1,    VMI1, NTP1,TAB1,  CR1,     CX1,   CNXA1,NOD1
@!WINDV2,  NOMV2,    ANG2,  RATE2-1,  RATE2-2,  RATE2-3,  RATE2-4,  RATE2-5,  RATE2-6,  RATE2-7,  RATE2-8,  RATE2-9, RATE2-10, RATE2-11, RATE2-12,COD2,CONT2,   RMA2,    RMI2,    VMA2,    VMI2, NTP2,TAB2,  CR2,     CX2,   CNXA2,NOD2
@!WINDV3,  NOMV3,    ANG3,  RATE3-1,  RATE3-2,  RATE3-3,  RATE3-4,  RATE3-5,  RATE3-6,  RATE3-7,  RATE3-8,  RATE3-9, RATE3-10, RATE3-11, RATE3-12,COD3,CONT3,   RMA3,    RMI3,    VMA3,    VMI3, NTP3,TAB3,  CR3,     CX3,   CNXA3,NOD3
  1001,  1002,     0,'1 ', 1, 1, 1, 0.00000E+0, 0.00000E+0,2,'                                        ',1,   1,1.0000,   0,1.0000,   0,1.0000,   0,1.0000,'            '
 1.00000E-7, 1.10000E-2,   100.00
1.00000, 500.000,   0.000,     0.00,     0.00,     0.00,     0.00,     0.00,     0.00,     0.00,     0.00,     0.00,     0.00,     0.00,     0.00, 0,   1001, 1.10000, 0.90000, 1.10000, 0.90000, 989, 0, 0.00000, 0.00000,  0.000,   0
1.00000, 345.000
  1001,  1002,     0,'2 ', 1, 1, 1, 0.00000E+0, 0.00000E+0,2,'                                        ',1,   1,1.0000,   0,1.0000,   0,1.0000,   0,1.0000,'            '
 1.00000E-7, 1.10000E-2,   100.00
1.00000, 500.000,   0.000,     0.00,     0.00,     0.00,     0.00,     0.00,     0.00,     0.00,     0.00,     0.00,     0.00,     0.00,     0.00, 0,   1001, 1.10000, 0.90000, 1.10000, 0.90000, 989, 0, 0.00000, 0.00000,  0.000,   0
1.00000, 345.000
  1002,  1003,     0,'1 ', 1, 1, 1, 0.00000E+0, 0.00000E+0,2,'                                        ',1,   1,1.0000,   0,1.0000,   0,1.0000,   0,1.0000,'            '
 2.80000E-4, 1.38000E-2,   100.00
1.00000, 345.000,   0.000,     0.00,     0.00,   430.00,     0.00,     0.00,     0.00,     0.00,     0.00,     0.00,     0.00,     0.00,     0.00, 0,   1002, 1.10000, 0.90000, 1.10000, 0.90000, 989, 0, 0.00000, 0.00000,  0.000,   0
1.00000, 230.000
  1002,  1003,     0,'2 ', 1, 1, 1, 0.00000E+0, 0.00000E+0,2,'                                        ',1,   1,1.0000,   0,1.0000,   0,1.0000,   0,1.0000,'            '
 2.90000E-4, 1.39000E-2,   100.00
1.00000, 345.000,   0.000,     0.00,     0.00,   430.00,     0.00,     0.00,     0.00,     0.00,     0.00,     0.00,     0.00,     0.00,     0.00, 0,   1002, 1.10000, 0.90000, 1.10000, 0.90000, 989, 0, 0.00000, 0.00000,  0.000,   0
1.00000, 230.000
  1002,  1032,     0,'1 ', 1, 1, 1, 0.00000E+0, 0.00000E+0,2,'                                        ',1,   1,1.0000,   0,1.0000,   0,1.0000,   0,1.0000,'            '
 1.00000E-7, 5.00000E-4,   100.00
1.00000, 345.000,   0.000,     0.00,     0.00,     0.00,     0.00,     0.00,     0.00,     0.00,     0.00,     0.00,     0.00,     0.00,     0.00, 0,   1002, 1.10000, 0.90000, 1.10000, 0.90000, 989, 0, 0.00000, 0.00000,  0.000,   0
1.00000,  20.000
  1004,  1034,     0,'1 ', 1, 1, 1, 0.00000E+0, 0.00000E+0,2,'                                        ',1,   1,1.0000,   0,1.0000,   0,1.0000,   0,1.0000,'            '
 1.00000E-7, 5.00000E-4,   100.00
1.00000, 345.000,   0.000,     0.00,     0.00,     0.00,     0.00,     0.00,     0.00,     0.00,     0.00,     0.00,     0.00,     0.00,     0.00, 0,   1004, 1.10000, 0.90000, 1.10000, 0.90000, 989, 0, 0.00000, 0.00000,  0.000,   0
1.00000,  20.000
  1101,  1102,     0,'1 ', 1, 1, 1, 0.00000E+0, 0.00000E+0,2,'                                        ',1,   1,1.0000,   0,1.0000,   0,1.0000,   0,1.0000,'            '
 1.00000E-7, 1.46000E-2,   100.00
1.00000, 500.000,   0.000,     0.00,     0.00,     0.00,     0.00,     0.00,     0.00,     0.00,     0.00,     0.00,     0.00,     0.00,     0.00, 0,   1101, 1.10000, 0.90000, 1.10000, 0.90000, 989, 0, 0.00000, 0.00000,  0.000,   0
1.00000, 345.000
  1101,  1102,     0,'2 ', 1, 1, 1, 0.00000E+0, 0.00000E+0,2,'                                        ',1,   1,1.0000,   0,1.0000,   0,1.0000,   0,1.0000,'            '
 1.00000E-7, 1.46000E-2,   100.00
1.00000, 500.000,   0.000,     0.00,     0.00,     0.00,     0.00,     0.00,     0.00,     0.00,     0.00,     0.00,     0.00,     0.00,     0.00, 0,   1101, 1.10000, 0.90000, 1.10000, 0.90000, 989, 0, 0.00000, 0.00000,  0.000,   0
1.00000, 345.000
  1101,  1131,     0,'1 ', 1, 1, 1, 0.00000E+0, 0.00000E+0,2,'                                        ',1,   1,1.0000,   0,1.0000,   0,1.0000,   0,1.0000,'            '
 1.00000E-7, 5.00000E-4,   100.00
1.00000, 500.000,   0.000,     0.00,     0.00,     0.00,     0.00,     0.00,     0.00,     0.00,     0.00,     0.00,     0.00,     0.00,     0.00, 0,   1101, 1.10000, 0.90000, 1.10000, 0.90000, 989, 0, 0.00000, 0.00000,  0.000,   0
1.00000,  20.000
  1202,  1232,     0,'1 ', 1, 1, 1, 0.00000E+0, 0.00000E+0,2,'                                        ',1,   1,1.0000,   0,1.0000,   0,1.0000,   0,1.0000,'            '
 1.00000E-7, 5.00000E-4,   100.00
1.00000, 500.000,   0.000,     0.00,     0.00,  2000.00,     0.00,     0.00,     0.00,     0.00,     0.00,     0.00,     0.00,     0.00,     0.00, 0,   1202, 1.10000, 0.90000, 1.10000, 0.90000, 989, 0, 0.00000, 0.00000,  0.000,   0
1.00000,  20.000
  1301,  1331,     0,'1 ', 1, 1, 1, 0.00000E+0, 0.00000E+0,2,'                                        ',1,   1,1.0000,   0,1.0000,   0,1.0000,   0,1.0000,'            '
 1.00000E-7, 5.00000E-4,   100.00
1.00000, 500.000,   0.000,     0.00,     0.00,     0.00,     0.00,     0.00,     0.00,     0.00,     0.00,     0.00,     0.00,     0.00,     0.00, 0,   1301, 1.10000, 0.90000, 1.10000, 0.90000, 989, 0, 0.00000, 0.00000,  0.000,   0
1.00000,  20.000
  1302,  1303,     0,'1 ', 1, 1, 1, 0.00000E+0, 0.00000E+0,2,'                                        ',1,   1,1.0000,   0,1.0000,   0,1.0000,   0,1.0000,'            '
 1.00000E-7, 7.20000E-3,   100.00
1.00000, 500.000,   0.000,     0.00,     0.00,  1500.00,     0.00,     0.00,     0.00,     0.00,     0.00,     0.00,     0.00,     0.00,     0.00, 0,   1302, 1.10000, 0.90000, 1.10000, 0.90000, 989, 0, 0.00000, 0.00000,  0.000,   0
1.00000, 345.000
  1303,  1333,     0,'1 ', 1, 1, 1, 0.00000E+0, 0.00000E+0,2,'                                        ',1,   1,1.0000,   0,1.0000,   0,1.0000,   0,1.0000,'            '
 1.00000E-7, 5.00000E-4,   100.00
1.00000, 345.000,   0.000,     0.00,     0.00,     0.00,     0.00,     0.00,     0.00,     0.00,     0.00,     0.00,     0.00,     0.00,     0.00, 0,   1303, 1.10000, 0.90000, 1.10000, 0.90000, 989, 0, 0.00000, 0.00000,  0.000,   0
1.00000,  20.000
  1401,  1403,     0,'1 ', 1, 1, 1, 0.00000E+0, 0.00000E+0,2,'                                        ',1,   1,1.0000,   0,1.0000,   0,1.0000,   0,1.0000,'            '
 2.80000E-4, 1.38000E-2,   100.00
1.00000, 500.000,   0.000,     0.00,     0.00,   430.00,     0.00,     0.00,     0.00,     0.00,     0.00,     0.00,     0.00,     0.00,     0.00, 0,   1401, 1.10000, 0.90000, 1.10000, 0.90000, 989, 0, 0.00000, 0.00000,  0.000,   0
1.00000, 230.000
  1401,  1431,     0,'1 ', 1, 1, 1, 0.00000E+0, 0.00000E+0,2,'                                        ',1,   1,1.0000,   0,1.0000,   0,1.0000,   0,1.0000,'            '
 1.00000E-7, 5.00000E-4,   100.00
1.00000, 500.000,   0.000,     0.00,     0.00,  3066.00,     0.00,     0.00,     0.00,     0.00,     0.00,     0.00,     0.00,     0.00,     0.00, 0,   1401, 1.10000, 0.90000, 1.10000, 0.90000, 989, 0, 0.00000, 0.00000,  0.000,   0
1.00000,  20.000
  2000,  2030,     0,'1 ', 1, 1, 1, 0.00000E+0, 0.00000E+0,2,'                                        ',1,   1,1.0000,   0,1.0000,   0,1.0000,   0,1.0000,'            '
 1.00000E-7, 5.00000E-4,   100.00
1.00000, 230.000,   0.000,     0.00,     0.00,     0.00,     0.00,     0.00,     0.00,     0.00,     0.00,     0.00,     0.00,     0.00,     0.00, 0,   2000, 1.10000, 0.90000, 1.10000, 0.90000, 989, 0, 0.00000, 0.00000,  0.000,   0
1.00000,  20.000
  2100,  2130,     0,'1 ', 1, 1, 1, 0.00000E+0, 0.00000E+0,2,'                                        ',1,   1,1.0000,   0,1.0000,   0,1.0000,   0,1.0000,'            '
 1.00000E-7, 5.00000E-4,   100.00
1.00000, 230.000,   0.000,     0.00,     0.00,     0.00,     0.00,     0.00,     0.00,     0.00,     0.00,     0.00,     0.00,     0.00,     0.00, 0,   2100, 1.10000, 0.90000, 1.10000, 0.90000, 989, 0, 0.00000, 0.00000,  0.000,   0
1.00000,  20.000
  2100,  2400,     0,'1 ', 1, 1, 1, 0.00000E+0, 0.00000E+0,2,'                                        ',1,   1,1.0000,   0,1.0000,   0,1.0000,   0,1.0000,'            '
 2.80000E-4, 1.38000E-2,   100.00
1.00000, 230.000,   0.000,     0.00,     0.00,   430.00,     0.00,     0.00,     0.00,     0.00,     0.00,     0.00,     0.00,     0.00,     0.00, 0,   2100, 1.10000, 0.90000, 1.10000, 0.90000, 989, 0, 0.00000, 0.00000,  0.000,   0
1.00000, 500.000
  2201,  2202,     0,'1 ', 1, 1, 1, 0.00000E+0, 0.00000E+0,2,'                                        ',1,   1,1.0000,   0,1.0000,   0,1.0000,   0,1.0000,'            '
 1.00000E-7, 5.00000E-3,   100.00
1.00000, 500.000,   0.000,     0.00,     0.00,     0.00,     0.00,     0.00,     0.00,     0.00,     0.00,     0.00,     0.00,     0.00,     0.00, 0,   2201, 1.10000, 0.90000, 1.10000, 0.90000, 989, 0, 0.00000, 0.00000,  0.000,   0
1.00000, 230.000
  2201,  2202,     0,'2 ', 1, 1, 1, 0.00000E+0, 0.00000E+0,2,'                                        ',1,   1,1.0000,   0,1.0000,   0,1.0000,   0,1.0000,'            '
 1.00000E-7, 5.00000E-3,   100.00
1.00000, 500.000,   0.000,     0.00,     0.00,     0.00,     0.00,     0.00,     0.00,     0.00,     0.00,     0.00,     0.00,     0.00,     0.00, 0,   2201, 1.10000, 0.90000, 1.10000, 0.90000, 989, 0, 0.00000, 0.00000,  0.000,   0
1.00000, 230.000
  2203,  2233,     0,'1 ', 1, 1, 1, 0.00000E+0, 0.00000E+0,2,'                                        ',1,   1,1.0000,   0,1.0000,   0,1.0000,   0,1.0000,'            '
 1.00000E-7, 5.00000E-4,   100.00
1.00000, 230.000,   0.000,     0.00,     0.00,     0.00,     0.00,     0.00,     0.00,     0.00,     0.00,     0.00,     0.00,     0.00,     0.00, 0,   2203, 1.10000, 0.90000, 1.10000, 0.90000, 989, 0, 0.00000, 0.00000,  0.000,   0
1.00000,  20.000
  2301,  2302,     0,'1 ', 1, 1, 1, 0.00000E+0, 0.00000E+0,2,'                                        ',1,   1,1.0000,   0,1.0000,   0,1.0000,   0,1.0000,'            '
 1.00000E-7, 5.00000E-3,   100.00
1.00000, 500.000,   0.000,     0.00,     0.00,     0.00,     0.00,     0.00,     0.00,     0.00,     0.00,     0.00,     0.00,     0.00,     0.00, 0,   2301, 1.10000, 0.90000, 1.10000, 0.90000, 989, 0, 0.00000, 0.00000,  0.000,   0
1.00000, 230.000
  2301,  2302,     0,'2 ', 1, 1, 1, 0.00000E+0, 0.00000E+0,2,'                                        ',1,   1,1.0000,   0,1.0000,   0,1.0000,   0,1.0000,'            '
 1.00000E-7, 5.00000E-3,   100.00
1.00000, 500.000,   0.000,     0.00,     0.00,     0.00,     0.00,     0.00,     0.00,     0.00,     0.00,     0.00,     0.00,     0.00,     0.00, 0,   2301, 1.10000, 0.90000, 1.10000, 0.90000, 989, 0, 0.00000, 0.00000,  0.000,   0
1.00000, 230.000
  2302,  2332,     0,'1 ', 1, 1, 1, 0.00000E+0, 0.00000E+0,2,'                                        ',1,   1,1.0000,   0,1.0000,   0,1.0000,   0,1.0000,'            '
 1.00000E-7, 5.00000E-4,   100.00
1.00000, 230.000,   0.000,     0.00,     0.00,     0.00,     0.00,     0.00,     0.00,     0.00,     0.00,     0.00,     0.00,     0.00,     0.00, 0,   2302, 1.10000, 0.90000, 1.10000, 0.90000, 989, 0, 0.00000, 0.00000,  0.000,   0
1.00000,  20.000
  2401,  2431,     0,'1 ', 1, 1, 1, 0.00000E+0, 0.00000E+0,2,'                                        ',1,   1,1.0000,   0,1.0000,   0,1.0000,   0,1.0000,'            '
 1.00000E-7, 1.00000E-4,   100.00
1.00000, 500.000,   0.000,     0.00,     0.00,     0.00,     0.00,     0.00,     0.00,     0.00,     0.00,     0.00,     0.00,     0.00,     0.00, 0,   2401, 1.10000, 0.90000, 1.10000, 0.90000, 989, 0, 0.00000, 0.00000,  0.000,   0
1.00000,  20.000
  2402,  2409,     0,'1 ', 1, 1, 1, 0.00000E+0, 0.00000E+0,2,'                                        ',1,   1,1.0000,   0,1.0000,   0,1.0000,   0,1.0000,'            '
 1.00000E-7, 5.00000E-3,   100.00
1.00000, 500.000,   0.000,     0.00,     0.00,     0.00,     0.00,     0.00,     0.00,     0.00,     0.00,     0.00,     0.00,     0.00,     0.00, 0,   2402, 1.10000, 0.90000, 1.10000, 0.90000, 989, 0, 0.00000, 0.00000,  0.000,   0
1.00000, 230.000
  2404,  2411,     0,'1 ', 1, 1, 1, 0.00000E+0, 0.00000E+0,2,'                                        ',1,   1,1.0000,   0,1.0000,   0,1.0000,   0,1.0000,'            '
 1.00000E-7, 1.14900E-2,   100.00
1.00000, 500.000,   0.000,     0.00,     0.00,  1120.00,     0.00,     0.00,     0.00,     0.00,     0.00,     0.00,     0.00,     0.00,     0.00, 0,   2404, 1.10000, 0.90000, 1.10000, 0.90000, 989, 0, 0.00000, 0.00000,  0.000,   0
1.00000, 230.000
  2404,  2411,     0,'2 ', 1, 1, 1, 0.00000E+0, 0.00000E+0,2,'                                        ',1,   1,1.0000,   0,1.0000,   0,1.0000,   0,1.0000,'            '
 1.00000E-7, 1.14900E-2,   100.00
1.00000, 500.000,   0.000,     0.00,     0.00,  1120.00,     0.00,     0.00,     0.00,     0.00,     0.00,     0.00,     0.00,     0.00,     0.00, 0,   2404, 1.10000, 0.90000, 1.10000, 0.90000, 989, 0, 0.00000, 0.00000,  0.000,   0
1.00000, 230.000
  2404,  2411,     0,'3 ', 1, 1, 1, 0.00000E+0, 0.00000E+0,2,'                                        ',1,   1,1.0000,   0,1.0000,   0,1.0000,   0,1.0000,'            '
 1.00000E-7, 1.14900E-2,   100.00
1.00000, 500.000,   0.000,     0.00,     0.00,  1120.00,     0.00,     0.00,     0.00,     0.00,     0.00,     0.00,     0.00,     0.00,     0.00, 0,   2404, 1.10000, 0.90000, 1.10000, 0.90000, 989, 0, 0.00000, 0.00000,  0.000,   0
1.00000, 230.000
  2405,  2619,     0,'1 ', 1, 1, 1, 0.00000E+0, 0.00000E+0,2,'                                        ',1,   1,1.0000,   0,1.0000,   0,1.0000,   0,1.0000,'            '
 1.00000E-7, 1.15000E-3,   100.00
1.00000, 230.000,   0.000,     0.00,     0.00,     0.00,     0.00,     0.00,     0.00,     0.00,     0.00,     0.00,     0.00,     0.00,     0.00, 0,   2405, 1.10000, 0.90000, 1.10000, 0.90000, 989, 0, 0.00000, 0.00000,  0.000,   0
1.00000, 230.000
  2408,  2438,     0,'1 ', 1, 1, 1, 0.00000E+0, 0.00000E+0,2,'                                        ',1,   1,1.0000,   0,1.0000,   0,1.0000,   0,1.0000,'            '
 1.00000E-7, 5.00000E-4,   100.00
1.00000, 230.000,   0.000,     0.00,     0.00,     0.00,     0.00,     0.00,     0.00,     0.00,     0.00,     0.00,     0.00,     0.00,     0.00, 0,   2408, 1.10000, 0.90000, 1.10000, 0.90000, 989, 0, 0.00000, 0.00000,  0.000,   0
1.00000,  20.000
  2409,  2439,     0,'1 ', 1, 1, 1, 0.00000E+0, 0.00000E+0,2,'                                        ',1,   1,1.0000,   0,1.0000,   0,1.0000,   0,1.0000,'            '
 1.00000E-7, 1.00000E-4,   100.00
1.00000, 230.000,   0.000,     0.00,     0.00,     0.00,     0.00,     0.00,     0.00,     0.00,     0.00,     0.00,     0.00,     0.00,     0.00, 0,   2409, 1.10000, 0.90000, 1.10000, 0.90000, 989, 0, 0.00000, 0.00000,  0.000,   0
1.00000,  20.000
  2411,  2434,     0,'1 ', 1, 1, 1, 0.00000E+0, 0.00000E+0,2,'                                        ',1,   1,1.0000,   0,1.0000,   0,1.0000,   0,1.0000,'            '
 1.00000E-7, 1.00000E-4,   100.00
1.00000, 230.000,   0.000,     0.00,     0.00,     0.00,     0.00,     0.00,     0.00,     0.00,     0.00,     0.00,     0.00,     0.00,     0.00, 0,   2411, 1.10000, 0.90000, 1.10000, 0.90000, 989, 0, 0.00000, 0.00000,  0.000,   0
1.00000,  20.000
  2501,  2502,     0,'1 ', 1, 1, 1, 0.00000E+0, 0.00000E+0,2,'                                        ',1,   1,1.0000,   0,1.0000,   0,1.0000,   0,1.0000,'            '
 1.00000E-7, 5.00000E-3,   100.00
1.00000, 500.000,   0.000,     0.00,     0.00,     0.00,     0.00,     0.00,     0.00,     0.00,     0.00,     0.00,     0.00,     0.00,     0.00, 0,   2501, 1.10000, 0.90000, 1.10000, 0.90000, 989, 0, 0.00000, 0.00000,  0.000,   0
1.00000, 230.000
  2501,  2502,     0,'2 ', 1, 1, 1, 0.00000E+0, 0.00000E+0,2,'                                        ',1,   1,1.0000,   0,1.0000,   0,1.0000,   0,1.0000,'            '
 1.00000E-7, 5.00000E-3,   100.00
1.00000, 500.000,   0.000,     0.00,     0.00,     0.00,     0.00,     0.00,     0.00,     0.00,     0.00,     0.00,     0.00,     0.00,     0.00, 0,   2501, 1.10000, 0.90000, 1.10000, 0.90000, 989, 0, 0.00000, 0.00000,  0.000,   0
1.00000, 230.000
  2501,  2502,     0,'3 ', 1, 1, 1, 0.00000E+0, 0.00000E+0,2,'                                        ',1,   1,1.0000,   0,1.0000,   0,1.0000,   0,1.0000,'            '
 1.00000E-7, 5.00000E-3,   100.00
1.00000, 500.000,   0.000,     0.00,     0.00,     0.00,     0.00,     0.00,     0.00,     0.00,     0.00,     0.00,     0.00,     0.00,     0.00, 0,   2501, 1.10000, 0.90000, 1.10000, 0.90000, 989, 0, 0.00000, 0.00000,  0.000,   0
1.00000, 230.000
  2503,  2533,     0,'1 ', 1, 1, 1, 0.00000E+0, 0.00000E+0,2,'                                        ',1,   1,1.0000,   0,1.0000,   0,1.0000,   0,1.0000,'            '
 1.00000E-7, 5.00000E-4,   100.00
1.00000, 230.000,   0.000,     0.00,     0.00,     0.00,     0.00,     0.00,     0.00,     0.00,     0.00,     0.00,     0.00,     0.00,     0.00, 0,   2503, 1.10000, 0.90000, 1.10000, 0.90000, 989, 0, 0.00000, 0.00000,  0.000,   0
1.00000,  20.000
  2601,  2612,     0,'1 ', 1, 1, 1, 0.00000E+0, 0.00000E+0,2,'                                        ',1,   1,1.0000,   0,1.0000,   0,1.0000,   0,1.0000,'            '
 2.60000E-4, 1.38600E-2,   100.00
1.00000, 500.000,   0.000,     0.00,     0.00,     0.00,     0.00,     0.00,     0.00,     0.00,     0.00,     0.00,     0.00,     0.00,     0.00, 0,   2601, 1.10000, 0.90000, 1.10000, 0.90000, 989, 0, 0.00000, 0.00000,  0.000,   0
1.00000, 230.000
  2602,  2615,     0,'1 ', 1, 1, 1, 0.00000E+0, 0.00000E+0,2,'                                        ',1,   1,1.0000,   0,1.0000,   0,1.0000,   0,1.0000,'            '
 1.30000E-4, 1.38600E-2,   100.00
1.00000, 500.000,   0.000,     0.00,     0.00,     0.00,     0.00,     0.00,     0.00,     0.00,     0.00,     0.00,     0.00,     0.00,     0.00, 0,   2602, 1.10000, 0.90000, 1.10000, 0.90000, 989, 0, 0.00000, 0.00000,  0.000,   0
1.00000, 230.000
  2602,  2615,     0,'2 ', 1, 1, 1, 0.00000E+0, 0.00000E+0,2,'                                        ',1,   1,1.0000,   0,1.0000,   0,1.0000,   0,1.0000,'            '
 1.30000E-4, 1.38600E-2,   100.00
1.00000, 500.000,   0.000,     0.00,     0.00,     0.00,     0.00,     0.00,     0.00,     0.00,     0.00,     0.00,     0.00,     0.00,     0.00, 0,   2602, 1.10000, 0.90000, 1.10000, 0.90000, 989, 0, 0.00000, 0.00000,  0.000,   0
1.00000, 230.000
  2603,  2607,     0,'1 ', 1, 1, 1, 0.00000E+0, 0.00000E+0,2,'                                        ',1,   1,1.0000,   0,1.0000,   0,1.0000,   0,1.0000,'            '
 2.00000E-4, 2.33800E-2,   100.00
1.00000, 500.000,   0.000,     0.00,     0.00,     0.00,     0.00,     0.00,     0.00,     0.00,     0.00,     0.00,     0.00,     0.00,     0.00, 0,   2603, 1.10000, 0.90000, 1.10000, 0.90000, 989, 0, 0.00000, 0.00000,  0.000,   0
1.00000, 287.000
  2604,  2634,     0,'1 ', 1, 1, 1, 0.00000E+0, 0.00000E+0,2,'                                        ',1,   1,1.0000,   0,1.0000,   0,1.0000,   0,1.0000,'            '
 1.00000E-7, 5.00000E-4,   100.00
1.00000, 345.000,   0.000,     0.00,     0.00,     0.00,     0.00,     0.00,     0.00,     0.00,     0.00,     0.00,     0.00,     0.00,     0.00, 0,   2604, 1.10000, 0.90000, 1.10000, 0.90000, 989, 0, 0.00000, 0.00000,  0.000,   0
1.00000,  20.000
  2605,  2621,     0,'1 ', 1, 1, 1, 0.00000E+0, 0.00000E+0,2,'                                        ',1,   1,1.0000,   0,1.0000,   0,1.0000,   0,1.0000,'            '
 5.90000E-4, 1.49100E-2,   100.00
1.00000, 287.000,   0.000,     0.00,     0.00,     0.00,     0.00,     0.00,     0.00,     0.00,     0.00,     0.00,     0.00,     0.00,     0.00, 0,   2605, 1.10000, 0.90000, 1.10000, 0.90000, 989, 0, 0.00000, 0.00000,  0.000,   0
1.00000, 138.000
  2606,  2621,     0,'1 ', 1, 1, 1, 0.00000E+0, 0.00000E+0,2,'                                        ',1,   1,1.0000,   0,1.0000,   0,1.0000,   0,1.0000,'            '
 5.90000E-4, 1.49100E-2,   100.00
1.00000, 287.000,   0.000,     0.00,     0.00,     0.00,     0.00,     0.00,     0.00,     0.00,     0.00,     0.00,     0.00,     0.00,     0.00, 0,   2606, 1.10000, 0.90000, 1.10000, 0.90000, 989, 0, 0.00000, 0.00000,  0.000,   0
1.00000, 138.000
  2608,  2638,     0,'1 ', 1, 1, 1, 0.00000E+0, 0.00000E+0,2,'                                        ',1,   1,1.0000,   0,1.0000,   0,1.0000,   0,1.0000,'            '
 1.00000E-7, 5.00000E-4,   100.00
1.00000, 230.000,   0.000,     0.00,     0.00,     0.00,     0.00,     0.00,     0.00,     0.00,     0.00,     0.00,     0.00,     0.00,     0.00, 0,   2608, 1.10000, 0.90000, 1.10000, 0.90000, 989, 0, 0.00000, 0.00000,  0.000,   0
1.00000,  20.000
  2610,  2630,     0,'1 ', 1, 1, 1, 0.00000E+0, 0.00000E+0,2,'                                        ',1,   1,1.0000,   0,1.0000,   0,1.0000,   0,1.0000,'            '
 1.00000E-7, 5.00000E-4,   100.00
1.00000, 230.000,   0.000,     0.00,     0.00,     0.00,     0.00,     0.00,     0.00,     0.00,     0.00,     0.00,     0.00,     0.00,     0.00, 0,   2610, 1.10000, 0.90000, 1.10000, 0.90000, 989, 0, 0.00000, 0.00000,  0.000,   0
1.00000,  20.000
  2611,  2631,     0,'1 ', 1, 1, 1, 0.00000E+0, 0.00000E+0,2,'                                        ',1,   1,1.0000,   0,1.0000,   0,1.0000,   0,1.0000,'            '
 1.00000E-7, 5.00000E-4,   100.00
1.00000, 230.000,   0.000,     0.00,     0.00,     0.00,     0.00,     0.00,     0.00,     0.00,     0.00,     0.00,     0.00,     0.00,     0.00, 0,   2611, 1.10000, 0.90000, 1.10000, 0.90000, 989, 0, 0.00000, 0.00000,  0.000,   0
1.00000,  20.000
  2612,  2637,     0,'1 ', 1, 1, 1, 0.00000E+0, 0.00000E+0,2,'                                        ',1,   1,1.0000,   0,1.0000,   0,1.0000,   0,1.0000,'            '
 1.00000E-7, 5.00000E-4,   100.00
1.00000, 230.000,   0.000,     0.00,     0.00,     0.00,     0.00,     0.00,     0.00,     0.00,     0.00,     0.00,     0.00,     0.00,     0.00, 0,   2612, 1.10000, 0.90000, 1.10000, 0.90000, 989, 0, 0.00000, 0.00000,  0.000,   0
1.00000,  20.000
  2614,  2621,     0,'1 ', 1, 1, 1, 0.00000E+0, 0.00000E+0,2,'                                        ',1,   1,1.0000,   0,1.0000,   0,1.0000,   0,1.0000,'            '
 3.00000E-4, 1.33000E-2,   100.00
1.00000, 230.000,   0.000,     0.00,     0.00,     0.00,     0.00,     0.00,     0.00,     0.00,     0.00,     0.00,     0.00,     0.00,     0.00, 0,   2614, 1.10000, 0.90000, 1.10000, 0.90000, 989, 0, 0.00000, 0.00000,  0.000,   0
1.00000, 138.000
  2614,  2621,     0,'2 ', 1, 1, 1, 0.00000E+0, 0.00000E+0,2,'                                        ',1,   1,1.0000,   0,1.0000,   0,1.0000,   0,1.0000,'            '
 3.00000E-4, 1.34000E-2,   100.00
1.00000, 230.000,   0.000,     0.00,     0.00,     0.00,     0.00,     0.00,     0.00,     0.00,     0.00,     0.00,     0.00,     0.00,     0.00, 0,   2614, 1.10000, 0.90000, 1.10000, 0.90000, 989, 0, 0.00000, 0.00000,  0.000,   0
1.00000, 138.000
  3102,  3104,     0,'1 ', 1, 1, 1, 0.00000E+0, 0.00000E+0,2,'                                        ',1,   1,1.0000,   0,1.0000,   0,1.0000,   0,1.0000,'            '
 8.90000E-4, 2.99000E-2,   100.00
1.00000, 230.000,   0.000,     0.00,     0.00,   250.00,     0.00,     0.00,     0.00,     0.00,     0.00,     0.00,     0.00,     0.00,     0.00, 0,   3102, 1.10000, 0.90000, 1.10000, 0.90000, 989, 0, 0.00000, 0.00000,  0.000,   0
1.00000, 115.000
  3103,  3133,     0,'1 ', 1, 1, 1, 0.00000E+0, 0.00000E+0,2,'                                        ',1,   1,1.0000,   0,1.0000,   0,1.0000,   0,1.0000,'            '
 1.00000E-7, 5.00000E-4,   100.00
1.00000, 230.000,   0.000,     0.00,     0.00,     0.00,     0.00,     0.00,     0.00,     0.00,     0.00,     0.00,     0.00,     0.00,     0.00, 0,   3103, 1.10000, 0.90000, 1.10000, 0.90000, 989, 0, 0.00000, 0.00000,  0.000,   0
1.00000,  20.000
  3105,  3135,     0,'1 ', 1, 1, 1, 0.00000E+0, 0.00000E+0,2,'                                        ',1,   1,1.0000,   0,1.0000,   0,1.0000,   0,1.0000,'            '
 1.00000E-7, 5.00000E-4,   100.00
1.00000, 115.000,   0.000,     0.00,     0.00,     0.00,     0.00,     0.00,     0.00,     0.00,     0.00,     0.00,     0.00,     0.00,     0.00, 0,   3105, 1.10000, 0.90000, 1.10000, 0.90000, 989, 0, 0.00000, 0.00000,  0.000,   0
1.00000,  20.000
  3204,  3234,     0,'1 ', 1, 1, 1, 0.00000E+0, 0.00000E+0,2,'                                        ',1,   1,1.0000,   0,1.0000,   0,1.0000,   0,1.0000,'            '
 1.00000E-7, 5.00000E-4,   100.00
1.00000, 230.000,   0.000,     0.00,     0.00,     0.00,     0.00,     0.00,     0.00,     0.00,     0.00,     0.00,     0.00,     0.00,     0.00, 0,   3204, 1.10000, 0.90000, 1.10000, 0.90000, 989, 0, 0.00000, 0.00000,  0.000,   0
1.00000,  20.000
  3301,  3303,     0,'1 ', 1, 1, 1, 0.00000E+0, 0.00000E+0,2,'                                        ',1,   1,1.0000,   0,1.0000,   0,1.0000,   0,1.0000,'            '
 3.00000E-4, 1.74000E-2,   100.00
1.00000, 500.000,   0.000,     0.00,     0.00,   840.00,     0.00,     0.00,     0.00,     0.00,     0.00,     0.00,     0.00,     0.00,     0.00, 0,   3301, 1.10000, 0.90000, 1.10000, 0.90000, 989, 0, 0.00000, 0.00000,  0.000,   0
1.00000, 230.000
  3301,  3303,     0,'2 ', 1, 1, 1, 0.00000E+0, 0.00000E+0,2,'                                        ',1,   1,1.0000,   0,1.0000,   0,1.0000,   0,1.0000,'            '
 3.00000E-4, 1.74000E-2,   100.00
1.00000, 500.000,   0.000,     0.00,     0.00,   840.00,     0.00,     0.00,     0.00,     0.00,     0.00,     0.00,     0.00,     0.00,     0.00, 0,   3301, 1.10000, 0.90000, 1.10000, 0.90000, 989, 0, 0.00000, 0.00000,  0.000,   0
1.00000, 230.000
  3301,  3303,     0,'3 ', 1, 1, 1, 0.00000E+0, 0.00000E+0,2,'                                        ',1,   1,1.0000,   0,1.0000,   0,1.0000,   0,1.0000,'            '
 3.00000E-4, 1.74000E-2,   100.00
1.00000, 500.000,   0.000,     0.00,     0.00,   840.00,     0.00,     0.00,     0.00,     0.00,     0.00,     0.00,     0.00,     0.00,     0.00, 0,   3301, 1.10000, 0.90000, 1.10000, 0.90000, 989, 0, 0.00000, 0.00000,  0.000,   0
1.00000, 230.000
  3303,  3333,     0,'1 ', 1, 1, 1, 0.00000E+0, 0.00000E+0,2,'                                        ',1,   1,1.0000,   0,1.0000,   0,1.0000,   0,1.0000,'            '
 1.00000E-7, 5.00000E-4,   100.00
1.00000, 230.000,   0.000,     0.00,     0.00,     0.00,     0.00,     0.00,     0.00,     0.00,     0.00,     0.00,     0.00,     0.00,     0.00, 0,   3303, 1.10000, 0.90000, 1.10000, 0.90000, 989, 0, 0.00000, 0.00000,  0.000,   0
1.00000,  20.000
  3402,  3432,     0,'1 ', 1, 1, 1, 0.00000E+0, 0.00000E+0,2,'                                        ',1,   1,1.0000,   0,1.0000,   0,1.0000,   0,1.0000,'            '
 1.00000E-7, 5.00000E-4,   100.00
1.00000, 230.000,   0.000,     0.00,     0.00,     0.00,     0.00,     0.00,     0.00,     0.00,     0.00,     0.00,     0.00,     0.00,     0.00, 0,   3402, 1.10000, 0.90000, 1.10000, 0.90000, 989, 0, 0.00000, 0.00000,  0.000,   0
1.00000,  20.000
  3403,  3433,     0,'1 ', 1, 1, 1, 0.00000E+0, 0.00000E+0,2,'                                        ',1,   1,1.0000,   0,1.0000,   0,1.0000,   0,1.0000,'            '
 1.00000E-7, 5.00000E-4,   100.00
1.00000, 230.000,   0.000,     0.00,     0.00,     0.00,     0.00,     0.00,     0.00,     0.00,     0.00,     0.00,     0.00,     0.00,     0.00, 0,   3403, 1.10000, 0.90000, 1.10000, 0.90000, 989, 0, 0.00000, 0.00000,  0.000,   0
1.00000,  20.000
  3501,  3531,     0,'1 ', 1, 1, 1, 0.00000E+0, 0.00000E+0,2,'                                        ',1,   1,1.0000,   0,1.0000,   0,1.0000,   0,1.0000,'            '
 1.00000E-7, 5.00000E-4,   100.00
1.00000, 230.000,   0.000,     0.00,     0.00,     0.00,     0.00,     0.00,     0.00,     0.00,     0.00,     0.00,     0.00,     0.00,     0.00, 0,   3501, 1.10000, 0.90000, 1.10000, 0.90000, 989, 0, 0.00000, 0.00000,  0.000,   0
1.00000,  20.000
  3601,  3631,     0,'1 ', 1, 1, 1, 0.00000E+0, 0.00000E+0,2,'                                        ',1,   1,1.0000,   0,1.0000,   0,1.0000,   0,1.0000,'            '
 1.00000E-7, 5.00000E-4,   100.00
1.00000, 115.000,   0.000,     0.00,     0.00,     0.00,     0.00,     0.00,     0.00,     0.00,     0.00,     0.00,     0.00,     0.00,     0.00, 0,   3601, 1.10000, 0.90000, 1.10000, 0.90000, 989, 0, 0.00000, 0.00000,  0.000,   0
1.00000,  20.000
  3701,  3731,     0,'1 ', 1, 1, 1, 0.00000E+0, 0.00000E+0,2,'                                        ',1,   1,1.0000,   0,1.0000,   0,1.0000,   0,1.0000,'            '
 1.00000E-7, 5.00000E-4,   100.00
1.00000, 115.000,   0.000,     0.00,     0.00,     0.00,     0.00,     0.00,     0.00,     0.00,     0.00,     0.00,     0.00,     0.00,     0.00, 0,   3701, 1.10000, 0.90000, 1.10000, 0.90000, 989, 0, 0.00000, 0.00000,  0.000,   0
1.00000,  20.000
  3701,  6402,     0,'1 ', 1, 1, 1, 0.00000E+0, 0.00000E+0,2,'                                        ',1,   1,1.0000,   0,1.0000,   0,1.0000,   0,1.0000,'            '
 8.90000E-4, 2.99000E-2,   100.00
1.00000, 115.000,   0.000,     0.00,     0.00,   250.00,     0.00,     0.00,     0.00,     0.00,     0.00,     0.00,     0.00,     0.00,     0.00, 0,   3701, 1.10000, 0.90000, 1.10000, 0.90000, 989, 0, 0.00000, 0.00000,  0.000,   0
1.00000, 115.000
  3701,  6402,     0,'2 ', 1, 1, 1, 0.00000E+0, 0.00000E+0,2,'                                        ',1,   1,1.0000,   0,1.0000,   0,1.0000,   0,1.0000,'            '
 8.90000E-4, 2.99000E-2,   100.00
1.00000, 115.000,   0.000,     0.00,     0.00,   250.00,     0.00,     0.00,     0.00,     0.00,     0.00,     0.00,     0.00,     0.00,     0.00, 0,   3701, 1.10000, 0.90000, 1.10000, 0.90000, 989, 0, 0.00000, 0.00000,  0.000,   0
1.00000, 115.000
  3801,  3831,     0,'1 ', 1, 1, 1, 0.00000E+0, 0.00000E+0,2,'                                        ',1,   1,1.0000,   0,1.0000,   0,1.0000,   0,1.0000,'            '
 1.00000E-7, 5.00000E-4,   100.00
1.00000, 500.000,   0.000,     0.00,     0.00,     0.00,     0.00,     0.00,     0.00,     0.00,     0.00,     0.00,     0.00,     0.00,     0.00, 0,   3801, 1.10000, 0.90000, 1.10000, 0.90000, 989, 0, 0.00000, 0.00000,  0.000,   0
1.00000,  20.000
  3802,  3804,     0,'1 ', 1, 1, 1, 0.00000E+0, 0.00000E+0,2,'                                        ',1,   1,1.0000,   0,1.0000,   0,1.0000,   0,1.0000,'            '
 3.00000E-4, 1.74000E-2,   100.00
1.00000, 500.000,   0.000,     0.00,     0.00,   840.00,     0.00,     0.00,     0.00,     0.00,     0.00,     0.00,     0.00,     0.00,     0.00, 0,   3802, 1.10000, 0.90000, 1.10000, 0.90000, 989, 0, 0.00000, 0.00000,  0.000,   0
1.00000, 230.000
  3803,  3805,     0,'1 ', 1, 1, 1, 0.00000E+0, 0.00000E+0,2,'                                        ',1,   1,1.0000,   0,1.0000,   0,1.0000,   0,1.0000,'            '
 3.00000E-4, 1.74000E-2,   100.00
1.00000, 500.000,   0.000,     0.00,     0.00,   840.00,     0.00,     0.00,     0.00,     0.00,     0.00,     0.00,     0.00,     0.00,     0.00, 0,   3803, 1.10000, 0.90000, 1.10000, 0.90000, 989, 0, 0.00000, 0.00000,  0.000,   0
1.00000, 230.000
  3803,  3805,     0,'2 ', 1, 1, 1, 0.00000E+0, 0.00000E+0,2,'                                        ',1,   1,1.0000,   0,1.0000,   0,1.0000,   0,1.0000,'            '
 2.00000E-4, 1.19000E-2,   100.00
1.00000, 500.000,   0.000,     0.00,     0.00,  1120.00,     0.00,     0.00,     0.00,     0.00,     0.00,     0.00,     0.00,     0.00,     0.00, 0,   3803, 1.10000, 0.90000, 1.10000, 0.90000, 989, 0, 0.00000, 0.00000,  0.000,   0
1.00000, 230.000
  3805,  3835,     0,'1 ', 1, 1, 1, 0.00000E+0, 0.00000E+0,2,'                                        ',1,   1,1.0000,   0,1.0000,   0,1.0000,   0,1.0000,'            '
 1.00000E-7, 5.00000E-4,   100.00
1.00000, 230.000,   0.000,     0.00,     0.00,     0.00,     0.00,     0.00,     0.00,     0.00,     0.00,     0.00,     0.00,     0.00,     0.00, 0,   3805, 1.10000, 0.90000, 1.10000, 0.90000, 989, 0, 0.00000, 0.00000,  0.000,   0
1.00000,  20.000
  3806,  3836,     0,'1 ', 1, 1, 1, 0.00000E+0, 0.00000E+0,2,'                                        ',1,   1,1.0000,   0,1.0000,   0,1.0000,   0,1.0000,'            '
 1.00000E-7, 5.00000E-4,   100.00
1.00000, 230.000,   0.000,     0.00,     0.00,     0.00,     0.00,     0.00,     0.00,     0.00,     0.00,     0.00,     0.00,     0.00,     0.00, 0,   3806, 1.10000, 0.90000, 1.10000, 0.90000, 989, 0, 0.00000, 0.00000,  0.000,   0
1.00000,  20.000
  3901,  3917,     0,'1 ', 1, 1, 1, 0.00000E+0, 0.00000E+0,2,'                                        ',1,   1,1.0000,   0,1.0000,   0,1.0000,   0,1.0000,'            '
 3.00000E-4, 1.74000E-2,   100.00
1.00000, 500.000,   0.000,     0.00,     0.00,   840.00,     0.00,     0.00,     0.00,     0.00,     0.00,     0.00,     0.00,     0.00,     0.00, 0,   3901, 1.10000, 0.90000, 1.10000, 0.90000, 989, 0, 0.00000, 0.00000,  0.000,   0
1.00000, 230.000
  3902,  3918,     0,'1 ', 1, 1, 1, 0.00000E+0, 0.00000E+0,2,'                                        ',1,   1,1.0000,   0,1.0000,   0,1.0000,   0,1.0000,'            '
 3.00000E-4, 1.74000E-2,   100.00
1.00000, 500.000,   0.000,     0.00,     0.00,   840.00,     0.00,     0.00,     0.00,     0.00,     0.00,     0.00,     0.00,     0.00,     0.00, 0,   3902, 1.10000, 0.90000, 1.10000, 0.90000, 989, 0, 0.00000, 0.00000,  0.000,   0
1.00000, 230.000
  3902,  3932,     0,'1 ', 1, 1, 1, 0.00000E+0, 0.00000E+0,2,'                                        ',1,   1,1.0000,   0,1.0000,   0,1.0000,   0,1.0000,'            '
 1.00000E-7, 5.00000E-4,   100.00
1.00000, 500.000,   0.000,     0.00,     0.00,     0.00,     0.00,     0.00,     0.00,     0.00,     0.00,     0.00,     0.00,     0.00,     0.00, 0,   3902, 1.10000, 0.90000, 1.10000, 0.90000, 989, 0, 0.00000, 0.00000,  0.000,   0
1.00000,  20.000
  3903,  3923,     0,'1 ', 1, 1, 1, 0.00000E+0, 0.00000E+0,2,'                                        ',1,   1,1.0000,   0,1.0000,   0,1.0000,   0,1.0000,'            '
 3.00000E-4, 1.74000E-2,   100.00
1.00000, 500.000,   0.000,     0.00,     0.00,   840.00,     0.00,     0.00,     0.00,     0.00,     0.00,     0.00,     0.00,     0.00,     0.00, 0,   3903, 1.10000, 0.90000, 1.10000, 0.90000, 989, 0, 0.00000, 0.00000,  0.000,   0
1.00000, 230.000
  3904,  3924,     0,'1 ', 1, 1, 1, 0.00000E+0, 0.00000E+0,2,'                                        ',1,   1,1.0000,   0,1.0000,   0,1.0000,   0,1.0000,'            '
 2.00000E-4, 1.25000E-2,   100.00
1.00000, 500.000,   0.000,     0.00,     0.00,  1120.00,     0.00,     0.00,     0.00,     0.00,     0.00,     0.00,     0.00,     0.00,     0.00, 0,   3904, 1.10000, 0.90000, 1.10000, 0.90000, 989, 0, 0.00000, 0.00000,  0.000,   0
1.00000, 230.000
  3905,  3922,     0,'1 ', 1, 1, 1, 0.00000E+0, 0.00000E+0,2,'                                        ',1,   1,1.0000,   0,1.0000,   0,1.0000,   0,1.0000,'            '
 3.00000E-4, 1.74000E-2,   100.00
1.00000, 500.000,   0.000,     0.00,     0.00,   840.00,     0.00,     0.00,     0.00,     0.00,     0.00,     0.00,     0.00,     0.00,     0.00, 0,   3905, 1.10000, 0.90000, 1.10000, 0.90000, 989, 0, 0.00000, 0.00000,  0.000,   0
1.00000, 230.000
  3906,  3921,     0,'1 ', 1, 1, 1, 0.00000E+0, 0.00000E+0,2,'                                        ',1,   1,1.0000,   0,1.0000,   0,1.0000,   0,1.0000,'            '
 1.00000E-4, 1.74000E-2,   100.00
1.00000, 500.000,   0.000,     0.00,     0.00,   840.00,     0.00,     0.00,     0.00,     0.00,     0.00,     0.00,     0.00,     0.00,     0.00, 0,   3906, 1.10000, 0.90000, 1.10000, 0.90000, 989, 0, 0.00000, 0.00000,  0.000,   0
1.00000, 230.000
  3911,  3925,     0,'1 ', 1, 1, 1, 0.00000E+0, 0.00000E+0,2,'                                        ',1,   1,1.0000,   0,1.0000,   0,1.0000,   0,1.0000,'            '
 8.90000E-4, 2.99000E-2,   100.00
1.00000, 230.000,   0.000,     0.00,     0.00,   250.00,     0.00,     0.00,     0.00,     0.00,     0.00,     0.00,     0.00,     0.00,     0.00, 0,   3911, 1.10000, 0.90000, 1.10000, 0.90000, 989, 0, 0.00000, 0.00000,  0.000,   0
1.00000, 115.000
  3920,  3926,     0,'1 ', 1, 1, 1, 0.00000E+0, 0.00000E+0,2,'                                        ',1,   1,1.0000,   0,1.0000,   0,1.0000,   0,1.0000,'            '
 8.90000E-4, 2.99000E-2,   100.00
1.00000, 230.000,   0.000,     0.00,     0.00,   250.00,     0.00,     0.00,     0.00,     0.00,     0.00,     0.00,     0.00,     0.00,     0.00, 0,   3920, 1.10000, 0.90000, 1.10000, 0.90000, 989, 0, 0.00000, 0.00000,  0.000,   0
1.00000, 115.000
  3920,  3926,     0,'2 ', 1, 1, 1, 0.00000E+0, 0.00000E+0,2,'                                        ',1,   1,1.0000,   0,1.0000,   0,1.0000,   0,1.0000,'            '
 8.90000E-4, 2.99000E-2,   100.00
1.00000, 230.000,   0.000,     0.00,     0.00,   250.00,     0.00,     0.00,     0.00,     0.00,     0.00,     0.00,     0.00,     0.00,     0.00, 0,   3920, 1.10000, 0.90000, 1.10000, 0.90000, 989, 0, 0.00000, 0.00000,  0.000,   0
1.00000, 115.000
  3921,  3931,     0,'1 ', 1, 1, 1, 0.00000E+0, 0.00000E+0,2,'                                        ',1,   1,1.0000,   0,1.0000,   0,1.0000,   0,1.0000,'            '
 1.00000E-7, 5.00000E-4,   100.00
1.00000, 230.000,   0.000,     0.00,     0.00,     0.00,     0.00,     0.00,     0.00,     0.00,     0.00,     0.00,     0.00,     0.00,     0.00, 0,   3921, 1.10000, 0.90000, 1.10000, 0.90000, 989, 0, 0.00000, 0.00000,  0.000,   0
1.00000,  20.000
  3923,  3933,     0,'1 ', 1, 1, 1, 0.00000E+0, 0.00000E+0,2,'                                        ',1,   1,1.0000,   0,1.0000,   0,1.0000,   0,1.0000,'            '
 1.00000E-7, 5.00000E-4,   100.00
1.00000, 230.000,   0.000,     0.00,     0.00,     0.00,     0.00,     0.00,     0.00,     0.00,     0.00,     0.00,     0.00,     0.00,     0.00, 0,   3923, 1.10000, 0.90000, 1.10000, 0.90000, 989, 0, 0.00000, 0.00000,  0.000,   0
1.00000,  20.000
  4001,  4008,     0,'1 ', 1, 1, 1, 0.00000E+0, 0.00000E+0,2,'                                        ',1,   1,1.0000,   0,1.0000,   0,1.0000,   0,1.0000,'            '
 1.00000E-7, 7.20000E-3,   100.00
1.00000, 500.000,   0.000,     0.00,     0.00,  1500.00,     0.00,     0.00,     0.00,     0.00,     0.00,     0.00,     0.00,     0.00,     0.00, 0,   4001, 1.10000, 0.90000, 1.10000, 0.90000, 989, 0, 0.00000, 0.00000,  0.000,   0
1.00000, 345.000
  4001,  4031,     0,'1 ', 1, 1, 1, 0.00000E+0, 0.00000E+0,2,'                                        ',1,   1,1.0000,   0,1.0000,   0,1.0000,   0,1.0000,'            '
 1.00000E-7, 5.00000E-4,   100.00
1.00000, 500.000,   0.000,     0.00,     0.00,  2000.00,     0.00,     0.00,     0.00,     0.00,     0.00,     0.00,     0.00,     0.00,     0.00, 0,   4001, 1.10000, 0.90000, 1.10000, 0.90000, 989, 0, 0.00000, 0.00000,  0.000,   0
1.00000,  20.000
  4005,  4035,     0,'1 ', 1, 1, 1, 0.00000E+0, 0.00000E+0,2,'                                        ',1,   1,1.0000,   0,1.0000,   0,1.0000,   0,1.0000,'            '
 1.00000E-7, 5.00000E-4,   100.00
1.00000, 500.000,   0.000,     0.00,     0.00,  5000.00,     0.00,     0.00,     0.00,     0.00,     0.00,     0.00,     0.00,     0.00,     0.00, 0,   4005, 1.10000, 0.90000, 1.10000, 0.90000, 989, 0, 0.00000, 0.00000,  0.000,   0
1.00000,  20.000
  4006,  4009,     0,'1 ', 1, 1, 1, 0.00000E+0, 0.00000E+0,2,'                                        ',1,   1,1.0000,   0,1.0000,   0,1.0000,   0,1.0000,'            '
 2.00000E-4, 1.18100E-2,   100.00
1.00000, 500.000,   0.000,     0.00,     0.00,  1008.00,     0.00,     0.00,     0.00,     0.00,     0.00,     0.00,     0.00,     0.00,     0.00, 0,   4006, 1.10000, 0.90000, 1.10000, 0.90000, 989, 0, 0.00000, 0.00000,  0.000,   0
1.00000, 230.000
  4006,  4009,     0,'2 ', 1, 1, 1, 0.00000E+0, 0.00000E+0,2,'                                        ',1,   1,1.0000,   0,1.0000,   0,1.0000,   0,1.0000,'            '
 9.00000E-5, 7.35000E-3,   100.00
1.00000, 500.000,   0.000,     0.00,     0.00,  1300.00,     0.00,     0.00,     0.00,     0.00,     0.00,     0.00,     0.00,     0.00,     0.00, 0,   4006, 1.10000, 0.90000, 1.10000, 0.90000, 989, 0, 0.00000, 0.00000,  0.000,   0
1.00000, 230.000
  4007,  4010,     0,'1 ', 1, 1, 1, 0.00000E+0, 0.00000E+0,2,'                                        ',1,   1,1.0000,   0,1.0000,   0,1.0000,   0,1.0000,'            '
 1.00000E-7, 2.21000E-3,   100.00
1.00000, 500.000,   0.000,     0.00,     0.00,  2500.00,     0.00,     0.00,     0.00,     0.00,     0.00,     0.00,     0.00,     0.00,     0.00, 0,   4007, 1.10000, 0.90000, 1.10000, 0.90000, 989, 0, 0.00000, 0.00000,  0.000,   0
1.00000, 230.000
  4009,  4039,     0,'1 ', 1, 1, 1, 0.00000E+0, 0.00000E+0,2,'                                        ',1,   1,1.0000,   0,1.0000,   0,1.0000,   0,1.0000,'            '
 1.00000E-7, 5.00000E-4,   100.00
1.00000, 230.000,   0.000,     0.00,     0.00,  2000.00,     0.00,     0.00,     0.00,     0.00,     0.00,     0.00,     0.00,     0.00,     0.00, 0,   4009, 1.10000, 0.90000, 1.10000, 0.90000, 989, 0, 0.00000, 0.00000,  0.000,   0
1.00000,  20.000
  4101,  4131,     0,'1 ', 1, 1, 1, 0.00000E+0, 0.00000E+0,2,'                                        ',1,   1,1.0000,   0,1.0000,   0,1.0000,   0,1.0000,'            '
 1.00000E-7, 5.00000E-4,   100.00
1.00000, 500.000,   0.000,     0.00,     0.00,  5000.00,     0.00,     0.00,     0.00,     0.00,     0.00,     0.00,     0.00,     0.00,     0.00, 0,   4101, 1.10000, 0.90000, 1.10000, 0.90000, 989, 0, 0.00000, 0.00000,  0.000,   0
1.00000,  20.000
  4102,  4132,     0,'1 ', 1, 1, 1, 0.00000E+0, 0.00000E+0,2,'                                        ',1,   1,1.0000,   0,1.0000,   0,1.0000,   0,1.0000,'            '
 1.00000E-7, 5.00000E-4,   100.00
1.00000, 500.000,   0.000,     0.00,     0.00,  5000.00,     0.00,     0.00,     0.00,     0.00,     0.00,     0.00,     0.00,     0.00,     0.00, 0,   4102, 1.10000, 0.90000, 1.10000, 0.90000, 989, 0, 0.00000, 0.00000,  0.000,   0
1.00000,  20.000
  4103,  4104,     0,'1 ', 1, 1, 1, 0.00000E+0, 0.00000E+0,2,'                                        ',1,   1,1.0000,   0,1.0000,   0,1.0000,   0,1.0000,'            '
 1.00000E-7, 1.00000E-2,   100.00
1.00000, 500.000,   0.000,     0.00,     0.00,     0.00,     0.00,     0.00,     0.00,     0.00,     0.00,     0.00,     0.00,     0.00,     0.00, 0,   4103, 1.10000, 0.90000, 1.10000, 0.90000, 989, 0, 0.00000, 0.00000,  0.000,   0
1.00000, 230.000
  4201,  4231,     0,'1 ', 1, 1, 1, 0.00000E+0, 0.00000E+0,2,'                                        ',1,   1,1.0000,   0,1.0000,   0,1.0000,   0,1.0000,'            '
 1.00000E-7, 5.00000E-4,   100.00
1.00000, 500.000,   0.000,     0.00,     0.00,     0.00,     0.00,     0.00,     0.00,     0.00,     0.00,     0.00,     0.00,     0.00,     0.00, 0,   4201, 1.10000, 0.90000, 1.10000, 0.90000, 989, 0, 0.00000, 0.00000,  0.000,   0
1.00000,  20.000
  4202,  4232,     0,'1 ', 1, 1, 1, 0.00000E+0, 0.00000E+0,2,'                                        ',1,   1,1.0000,   0,1.0000,   0,1.0000,   0,1.0000,'            '
 1.00000E-7, 5.00000E-4,   100.00
1.00000, 500.000,   0.000,     0.00,     0.00,     0.00,     0.00,     0.00,     0.00,     0.00,     0.00,     0.00,     0.00,     0.00,     0.00, 0,   4202, 1.10000, 0.90000, 1.10000, 0.90000, 989, 0, 0.00000, 0.00000,  0.000,   0
1.00000,  20.000
  5001,  5031,     0,'1 ', 1, 1, 1, 0.00000E+0, 0.00000E+0,2,'                                        ',1,   1,1.0000,   0,1.0000,   0,1.0000,   0,1.0000,'            '
 1.00000E-7, 5.00000E-4,   100.00
1.00000, 500.000,   0.000,     0.00,     0.00,     0.00,     0.00,     0.00,     0.00,     0.00,     0.00,     0.00,     0.00,     0.00,     0.00, 0,   5001, 1.10000, 0.90000, 1.10000, 0.90000, 989, 0, 0.00000, 0.00000,  0.000,   0
1.00000,  20.000
  5002,  5003,     0,'1 ', 1, 1, 1, 0.00000E+0, 0.00000E+0,2,'                                        ',1,   1,1.0000,   0,1.0000,   0,1.0000,   0,1.0000,'            '
 1.00000E-7, 1.00000E-2,   100.00
1.00000, 500.000,   0.000,     0.00,     0.00,     0.00,     0.00,     0.00,     0.00,     0.00,     0.00,     0.00,     0.00,     0.00,     0.00, 0,   5002, 1.10000, 0.90000, 1.10000, 0.90000, 989, 0, 0.00000, 0.00000,  0.000,   0
1.00000, 230.000
  5002,  5032,     0,'1 ', 1, 1, 1, 0.00000E+0, 0.00000E+0,2,'                                        ',1,   1,1.0000,   0,1.0000,   0,1.0000,   0,1.0000,'            '
 1.00000E-7, 5.00000E-4,   100.00
1.00000, 500.000,   0.000,     0.00,     0.00,     0.00,     0.00,     0.00,     0.00,     0.00,     0.00,     0.00,     0.00,     0.00,     0.00, 0,   5002, 1.10000, 0.90000, 1.10000, 0.90000, 989, 0, 0.00000, 0.00000,  0.000,   0
1.00000,  20.000
  6101,  6102,     0,'1 ', 1, 1, 1, 0.00000E+0, 0.00000E+0,2,'                                        ',1,   1,1.0000,   0,1.0000,   0,1.0000,   0,1.0000,'            '
 1.00000E-7, 7.20000E-3,   100.00
1.00000, 500.000,   0.000,     0.00,     0.00,  1500.00,     0.00,     0.00,     0.00,     0.00,     0.00,     0.00,     0.00,     0.00,     0.00, 0,   6101, 1.10000, 0.90000, 1.10000, 0.90000, 989, 0, 0.00000, 0.00000,  0.000,   0
1.00000, 345.000
  6102,  6132,     0,'1 ', 1, 1, 1, 0.00000E+0, 0.00000E+0,2,'                                        ',1,   1,1.0000,   0,1.0000,   0,1.0000,   0,1.0000,'            '
 1.00000E-7, 5.00000E-4,   100.00
1.00000, 345.000,   0.000,     0.00,     0.00,     0.00,     0.00,     0.00,     0.00,     0.00,     0.00,     0.00,     0.00,     0.00,     0.00, 0,   6102, 1.10000, 0.90000, 1.10000, 0.90000, 989, 0, 0.00000, 0.00000,  0.000,   0
1.00000,  20.000
  6103,  6104,     0,'1 ', 1, 1, 1, 0.00000E+0, 0.00000E+0,2,'                                        ',1,   1,1.0000,   0,1.0000,   0,1.0000,   0,1.0000,'            '
 3.00000E-4, 1.81000E-2,   100.00
1.00345, 345.000,   0.000,     0.00,     0.00,     0.00,     0.00,     0.00,     0.00,     0.00,     0.00,     0.00,     0.00,     0.00,     0.00, 1,   6104, 1.10000, 0.90000, 1.10000, 0.95000,  30, 0, 0.00000, 0.00000,  0.000,   0
1.00000, 230.000
  6201,  6203,     0,'1 ', 1, 1, 1, 0.00000E+0, 0.00000E+0,2,'                                        ',1,   1,1.0000,   0,1.0000,   0,1.0000,   0,1.0000,'            '
 3.00000E-4, 1.81000E-2,   100.00
1.00000, 500.000,   0.000,     0.00,     0.00,     0.00,     0.00,     0.00,     0.00,     0.00,     0.00,     0.00,     0.00,     0.00,     0.00, 0,   6201, 1.10000, 0.90000, 1.10000, 0.90000, 989, 0, 0.00000, 0.00000,  0.000,   0
1.00000, 230.000
  6201,  6231,     0,'1 ', 1, 1, 1, 0.00000E+0, 0.00000E+0,2,'                                        ',1,   1,1.0000,   0,1.0000,   0,1.0000,   0,1.0000,'            '
 1.00000E-7, 5.00000E-4,   100.00
1.00000, 500.000,   0.000,     0.00,     0.00,     0.00,     0.00,     0.00,     0.00,     0.00,     0.00,     0.00,     0.00,     0.00,     0.00, 0,   6201, 1.10000, 0.90000, 1.10000, 0.90000, 989, 0, 0.00000, 0.00000,  0.000,   0
1.00000,  20.000
  6202,  6204,     0,'1 ', 1, 1, 1, 0.00000E+0, 0.00000E+0,2,'                                        ',1,   1,1.0000,   0,1.0000,   0,1.0000,   0,1.0000,'            '
 3.00000E-4, 1.81000E-2,   100.00
1.00000, 500.000,   0.000,     0.00,     0.00,     0.00,     0.00,     0.00,     0.00,     0.00,     0.00,     0.00,     0.00,     0.00,     0.00, 0,   6202, 1.10000, 0.90000, 1.10000, 0.90000, 989, 0, 0.00000, 0.00000,  0.000,   0
1.00000, 230.000
  6205,  6235,     0,'1 ', 1, 1, 1, 0.00000E+0, 0.00000E+0,2,'                                        ',1,   1,1.0000,   0,1.0000,   0,1.0000,   0,1.0000,'            '
 1.00000E-7, 5.00000E-4,   100.00
1.00000, 230.000,   0.000,     0.00,     0.00,     0.00,     0.00,     0.00,     0.00,     0.00,     0.00,     0.00,     0.00,     0.00,     0.00, 0,   6205, 1.10000, 0.90000, 1.10000, 0.90000, 989, 0, 0.00000, 0.00000,  0.000,   0
1.00000,  20.000
  6301,  6303,     0,'1 ', 1, 1, 1, 0.00000E+0, 0.00000E+0,2,'                                        ',1,   1,1.0000,   0,1.0000,   0,1.0000,   0,1.0000,'            '
 3.00000E-4, 1.81000E-2,   100.00
1.00000, 345.000,   0.000,     0.00,     0.00,     0.00,     0.00,     0.00,     0.00,     0.00,     0.00,     0.00,     0.00,     0.00,     0.00, 0,   6301, 1.10000, 0.90000, 1.10000, 0.90000, 989, 0, 0.00000, 0.00000,  0.000,   0
1.00000, 230.000
  6302,  6304,     0,'1 ', 1, 1, 1, 0.00000E+0, 0.00000E+0,2,'                                        ',1,   1,1.0000,   0,1.0000,   0,1.0000,   0,1.0000,'            '
 3.00000E-4, 1.81000E-2,   100.00
1.00286, 345.000,   0.000,     0.00,     0.00,     0.00,     0.00,     0.00,     0.00,     0.00,     0.00,     0.00,     0.00,     0.00,     0.00, 1,   6304, 1.10000, 0.90000, 1.10000, 0.98000,  36, 0, 0.00000, 0.00000,  0.000,   0
1.00000, 230.000
  6303,  6333,     0,'1 ', 1, 1, 1, 0.00000E+0, 0.00000E+0,2,'                                        ',1,   1,1.0000,   0,1.0000,   0,1.0000,   0,1.0000,'            '
 1.00000E-7, 5.00000E-4,   100.00
1.00000, 230.000,   0.000,     0.00,     0.00,     0.00,     0.00,     0.00,     0.00,     0.00,     0.00,     0.00,     0.00,     0.00,     0.00, 0,   6303, 1.10000, 0.90000, 1.10000, 0.90000, 989, 0, 0.00000, 0.00000,  0.000,   0
1.00000,  20.000
  6305,  6335,     0,'1 ', 1, 1, 1, 0.00000E+0, 0.00000E+0,2,'                                        ',1,   1,1.0000,   0,1.0000,   0,1.0000,   0,1.0000,'            '
 1.00000E-7, 5.00000E-4,   100.00
1.00000, 230.000,   0.000,     0.00,     0.00,     0.00,     0.00,     0.00,     0.00,     0.00,     0.00,     0.00,     0.00,     0.00,     0.00, 0,   6305, 1.10000, 0.90000, 1.10000, 0.90000, 989, 0, 0.00000, 0.00000,  0.000,   0
1.00000,  20.000
  6401,  6402,     0,'1 ', 1, 1, 1, 0.00000E+0, 0.00000E+0,2,'                                        ',1,   1,1.0000,   0,1.0000,   0,1.0000,   0,1.0000,'            '
 8.90000E-4, 2.99000E-2,   100.00
1.00000, 345.000,   0.000,     0.00,     0.00,   250.00,     0.00,     0.00,     0.00,     0.00,     0.00,     0.00,     0.00,     0.00,     0.00, 0,   6401, 1.10000, 0.90000, 1.10000, 0.90000, 989, 0, 0.00000, 0.00000,  0.000,   0
1.00000, 115.000
  6401,  6402,     0,'2 ', 1, 1, 1, 0.00000E+0, 0.00000E+0,2,'                                        ',1,   1,1.0000,   0,1.0000,   0,1.0000,   0,1.0000,'            '
 8.90000E-4, 2.99000E-2,   100.00
1.00000, 345.000,   0.000,     0.00,     0.00,   250.00,     0.00,     0.00,     0.00,     0.00,     0.00,     0.00,     0.00,     0.00,     0.00, 0,   6401, 1.10000, 0.90000, 1.10000, 0.90000, 989, 0, 0.00000, 0.00000,  0.000,   0
1.00000, 115.000
  6403,  6433,     0,'1 ', 1, 1, 1, 0.00000E+0, 0.00000E+0,2,'                                        ',1,   1,1.0000,   0,1.0000,   0,1.0000,   0,1.0000,'            '
 1.00000E-7, 5.00000E-4,   100.00
1.00000, 345.000,   0.000,     0.00,     0.00,     0.00,     0.00,     0.00,     0.00,     0.00,     0.00,     0.00,     0.00,     0.00,     0.00, 0,   6403, 1.10000, 0.90000, 1.10000, 0.90000, 989, 0, 0.00000, 0.00000,  0.000,   0
1.00000,  20.000
  6501,  6510,     0,'1 ', 1, 1, 1, 0.00000E+0, 0.00000E+0,2,'                                        ',1,   1,1.0000,   0,1.0000,   0,1.0000,   0,1.0000,'            '
 3.00000E-4, 1.81000E-2,   100.00
1.00000, 345.000,   0.000,     0.00,     0.00,     0.00,     0.00,     0.00,     0.00,     0.00,     0.00,     0.00,     0.00,     0.00,     0.00, 0,   6501, 1.10000, 0.90000, 1.10000, 0.90000, 989, 0, 0.00000, 0.00000,  0.000,   0
1.00000, 230.000
  6501,  6510,     0,'2 ', 1, 1, 1, 0.00000E+0, 0.00000E+0,2,'                                        ',1,   1,1.0000,   0,1.0000,   0,1.0000,   0,1.0000,'            '
 3.00000E-4, 1.81000E-2,   100.00
1.00000, 345.000,   0.000,     0.00,     0.00,     0.00,     0.00,     0.00,     0.00,     0.00,     0.00,     0.00,     0.00,     0.00,     0.00, 0,   6501, 1.10000, 0.90000, 1.10000, 0.90000, 989, 0, 0.00000, 0.00000,  0.000,   0
1.00000, 230.000
  6503,  6533,     0,'1 ', 1, 1, 1, 0.00000E+0, 0.00000E+0,2,'                                        ',1,   1,1.0000,   0,1.0000,   0,1.0000,   0,1.0000,'            '
 1.00000E-7, 5.00000E-4,   100.00
1.00000, 345.000,   0.000,     0.00,     0.00,     0.00,     0.00,     0.00,     0.00,     0.00,     0.00,     0.00,     0.00,     0.00,     0.00, 0,   6503, 1.10000, 0.90000, 1.10000, 0.90000, 989, 0, 0.00000, 0.00000,  0.000,   0
1.00000,  20.000
  6505,  6506,     0,'1 ', 1, 1, 1, 0.00000E+0, 0.00000E+0,2,'                                        ',1,   1,1.0000,   0,1.0000,   0,1.0000,   0,1.0000,'            '
 1.00000E-7, 1.95000E-2,   100.00
1.00000, 345.000,   0.000,     0.00,     0.00,     0.00,     0.00,     0.00,     0.00,     0.00,     0.00,     0.00,     0.00,     0.00,     0.00, 0,   6505, 1.10000, 0.90000, 1.10000, 0.90000, 989, 0, 0.00000, 0.00000,  0.000,   0
1.00000, 345.000
  7001,  7031,     0,'1 ', 1, 1, 1, 0.00000E+0, 0.00000E+0,2,'                                        ',1,   1,1.0000,   0,1.0000,   0,1.0000,   0,1.0000,'            '
 1.00000E-7, 5.00000E-4,   100.00
1.00000, 345.000,   0.000,     0.00,     0.00,     0.00,     0.00,     0.00,     0.00,     0.00,     0.00,     0.00,     0.00,     0.00,     0.00, 0,   7001, 1.10000, 0.90000, 1.10000, 0.90000, 989, 0, 0.00000, 0.00000,  0.000,   0
1.00000,  20.000
  7002,  7032,     0,'1 ', 1, 1, 1, 0.00000E+0, 0.00000E+0,2,'                                        ',1,   1,1.0000,   0,1.0000,   0,1.0000,   0,1.0000,'            '
 1.00000E-7, 5.00000E-4,   100.00
1.00000, 345.000,   0.000,     0.00,     0.00,     0.00,     0.00,     0.00,     0.00,     0.00,     0.00,     0.00,     0.00,     0.00,     0.00, 0,   7002, 1.10000, 0.90000, 1.10000, 0.90000, 989, 0, 0.00000, 0.00000,  0.000,   0
1.00000,  20.000
  8001,  8003,     0,'1 ', 1, 1, 1, 0.00000E+0, 0.00000E+0,2,'                                        ',1,   1,1.0000,   0,1.0000,   0,1.0000,   0,1.0000,'            '
 1.00000E-4, 1.74000E-2,   100.00
1.00000, 500.000,   0.000,     0.00,     0.00,   840.00,     0.00,     0.00,     0.00,     0.00,     0.00,     0.00,     0.00,     0.00,     0.00, 0,   8001, 1.10000, 0.90000, 1.10000, 0.90000, 989, 0, 0.00000, 0.00000,  0.000,   0
1.00000, 230.000
  8002,  8005,     0,'1 ', 1, 1, 1, 0.00000E+0, 0.00000E+0,2,'                                        ',1,   1,1.0000,   0,1.0000,   0,1.0000,   0,1.0000,'            '
 3.00000E-4, 1.74000E-2,   100.00
1.00000, 500.000,   0.000,     0.00,     0.00,   840.00,     0.00,     0.00,     0.00,     0.00,     0.00,     0.00,     0.00,     0.00,     0.00, 0,   8002, 1.10000, 0.90000, 1.10000, 0.90000, 989, 0, 0.00000, 0.00000,  0.000,   0
1.00000, 230.000
  8003,  8033,     0,'1 ', 1, 1, 1, 0.00000E+0, 0.00000E+0,2,'                                        ',1,   1,1.0000,   0,1.0000,   0,1.0000,   0,1.0000,'            '
 1.00000E-7, 5.00000E-4,   100.00
1.00000, 230.000,   0.000,     0.00,     0.00,     0.00,     0.00,     0.00,     0.00,     0.00,     0.00,     0.00,     0.00,     0.00,     0.00, 0,   8003, 1.10000, 0.90000, 1.10000, 0.90000, 989, 0, 0.00000, 0.00000,  0.000,   0
1.00000,  20.000
  8004,  8034,     0,'1 ', 1, 1, 1, 0.00000E+0, 0.00000E+0,2,'                                        ',1,   1,1.0000,   0,1.0000,   0,1.0000,   0,1.0000,'            '
 1.00000E-7, 5.00000E-4,   100.00
1.00000, 230.000,   0.000,     0.00,     0.00,     0.00,     0.00,     0.00,     0.00,     0.00,     0.00,     0.00,     0.00,     0.00,     0.00, 0,   8004, 1.10000, 0.90000, 1.10000, 0.90000, 989, 0, 0.00000, 0.00000,  0.000,   0
1.00000,  20.000