GEOHASH,BUS_I,LAT,LON,NAME,GEN,LOAD
9wdb95,1001,36.670897,-108.581419,FOURCORN,,0.0
9wdb95,1002,36.670897,-108.581419,FOURCORN,,1.0
9wdb95,1003,36.670897,-108.581419,FOURCORN,1.0,1.0
9we1bp,1004,36.910483,-108.278462,SAN_JUAN,1.0,1.0
9wdb95,1032,36.670897,-108.581419,FCNGN4CC,3.0,
9we1bp,1034,36.910483,-108.278462,SJUAN_G4,3.0,
9w1zzg,1101,35.131373,-109.690674,CORONADO,1.0,1.0
9w1wf0,1102,34.940278,-110.300278,CHOLLA,,1.0
9w1zzg,1131,35.131373,-109.690674,CORONADO,2.0,
9w3h8n,1201,35.985019,-111.090655,MOENKOPI,,1.0
9w94m0,1202,36.961002,-110.864429,NAVAJO,,1.0
9w94m0,1232,36.961002,-110.864429,NAVAJO_2,2.0,
9qqk6u,1301,35.929472,-114.835922,MEAD,1.0,1.0
9qw0kp,1302,36.649771,-115.134207,H_ALLEN,,1.0
9qw0kp,1303,36.649771,-115.134207,H_ALLEN,1.0,1.0
9qqk6u,1331,35.929472,-114.835922,HOOVER,2.0,
9qw0kp,1333,36.649771,-115.134207,H_ALLEN,3.0,
9mzqxj,1401,33.513802,-113.239936,PALOVRDE,1.0,1.0
9w01f3,1402,34.067027,-112.396715,WESTWING,1.0,1.0
9qndpr,1403,34.144722,-114.289722,PARKER,0.0,
9mzqxj,1431,33.513802,-113.239936,PALOVRD2,3.0,
9mtzm4,2000,32.227887,-115.436076,MEXICO,,1.0
9mtzm4,2030,32.227887,-115.436076,MEXICO,2.0,
9mvgw4,2100,32.971469,-115.394435,IMPERIAL,,1.0
9mvgw4,2130,32.971469,-115.394435,IMPERIAL,4.0,
9muccv,2201,32.680823,-116.982615,MIGUEL,,0.0
9muccv,2202,32.680823,-116.982615,MIGUEL,1.0,1.0
9mudw2,2203,32.784153,-117.137829,MISSION,1.0,1.0
9mudw2,2233,32.784153,-117.137829,MISSION,3.0,
9mvffm,2301,32.856407,-115.56459,IMPRLVLY,,0.0
9mvffm,2302,32.856407,-115.56459,IMPRLVLY,,0.0
9mvffm,2332,32.856407,-115.56459,IMPRLVLY,1.0,
9qj152,2400,33.927377,-116.57522,DEVERS,1.0,1.0
9qhe90,2401,34.369347,-117.368876,LUGO,1.0,1.0
9qh3ky,2402,34.008174,-117.564527,MIRALOMA,1.0,1.0
9qh8k2,2403,33.796667,-117.224444,VALLEY,1.0,1.0
9qhh0n,2404,34.488498,-118.12147,VINCENT,,0.0
9q5epx,2405,34.317296,-118.495046,SYLMAR_S,1.0,1.0
9q5fq8,2406,34.150436,-118.184526,EAGLROCK,1.0,1.0
9q5bwz,2407,33.879856,-118.175222,LITEHIPE,1.0,1.0
9qh18k,2408,34.037233,-118.11012,MESA_CAL,1.0,1.0
9qh3ky,2409,34.008174,-117.564527,MIRALOMA,1.0,1.0
9q5evq,2410,34.442694,-118.58844,PARDEE,1.0,1.0
9qhh0n,2411,34.488498,-118.12147,VINCENT,1.0,1.0
9qhe90,2431,34.369347,-117.368876,LUGO,1.0,
9qhh0n,2434,34.488498,-118.12147,VINCENT,1.0,
9qh18k,2438,34.037233,-118.11012,MESA_CAL,7.0,
9qh3ky,2439,34.008174,-117.564527,MIRALOMA,1.0,
9qh0rw,2501,33.828436,-117.79013,SERRANO,,0.0
9qh0rw,2502,33.828436,-117.79013,SERRANO,1.0,1.0
9mumuf,2503,33.370212,-117.557619,S.ONOFRE,1.0,1.0
9mumuf,2533,33.370212,-117.557619,S.ONOFRE,1.0,
9qhkxd,2600,34.552197,-117.437004,ADELANTO,1.0,
9q5epc,2601,34.285768,-118.484219,RINALDI,,0.0
9q5f6t,2602,34.176429,-118.360306,STA_E,,1.0
9qhsdk,2603,34.565195,-117.32157,VICTORVL,,0.0
9rpbwn,2604,39.500381,-112.580826,INTERMT,,0.0
9q5cw0,2605,34.015353,-118.204015,STA_B1,,0.0
9q5cw0,2606,34.015353,-118.204015,STA_B2,,0.0
9qhsdk,2607,34.565195,-117.32157,VICTORVL,,0.0
9q5sgb,2608,34.589863,-118.663274,CASTAIC,,1.0
9q5fm0,2609,34.146111,-118.255,GLENDAL,,1.0
9mupsy,2610,33.697565,-117.911364,HAYNES,,1.0
9q5g0q,2611,34.31131,-118.455696,OLIVE,,1.0
9q5epc,2612,34.285768,-118.484219,RINALDI,,1.0
9q5cts,2613,34.037697,-118.230212,RIVER,1.0,1.0
9q5cw0,2614,34.015353,-118.204015,STA_BLD,,1.0
9q5f6t,2615,34.176429,-118.360306,STA_E,1.0,1.0
9q5cw0,2616,34.015353,-118.204015,STA_F,,1.0
9q5fj1,2617,34.10948,-118.254629,STA_G,,1.0
9q5dy2,2618,34.234263,-118.550256,STA_J,1.0,1.0
9q5epx,2619,34.317296,-118.495046,SYLMARLA,1.0,
9qh8k2,2620,33.796667,-117.224444,VALLEY,,1.0
9q5cw0,2621,34.015353,-118.204015,STA_B,,1.0
9mupsy,2630,33.697565,-117.911364,HAYNES3G,1.0,
9q5g0q,2631,34.31131,-118.455696,OLIVE,1.0,
9rpbwn,2634,39.500381,-112.580826,INTERM1G,1.0,
9q5epc,2637,34.285768,-118.484219,OWENS_G,1.0,
9q5sgb,2638,34.589863,-118.663274,CASTAI4G,1.0,
9qq5wv,2901,35.799967,-115.012448,ELDORADO,,0.0
9q5zqv,2902,35.0525,-118.173889,MOHAVE,,0.0
9q8yyz,3101,37.788555,-122.395045,EMBRCDRD,1.0,1.0
9q8yqr,3102,37.704337,-122.410274,MARTIN,,1.0
9q9jb9,3103,37.582985,-122.318546,SANMATEO,1.0,1.0
9q8yqr,3104,37.704337,-122.410274,MARTIN,1.0,1.0
9q8yyc,3105,37.75843,-122.398,POTRERO,,1.0
9q9jb9,3133,37.582985,-122.318546,SANMATEO,1.0,
9q8yyc,3135,37.75843,-122.398,POTRERO,2.0,
9qc0p1,3201,37.978056,-122.031111,C.COSTA,1.0,1.0
9q9pk4,3202,37.848161,-122.16088,MORAGA,1.0,1.0
9q9m24,3203,37.501131,-121.987444,NEWARK,1.0,1.0
9qc26h,3204,38.037129,-121.897096,PITSBURG,1.0,1.0
9q9peh,3205,37.905327,-122.208867,SOBRANTE,1.0,1.0
9qc26h,3234,38.037129,-121.897096,PITSBURG,4.0,
9q97v8,3301,37.222363,-121.746496,METCALF,,0.0
9q9hgh,3302,37.4198065,-122.2042168,JEFFERSN,1.0,1.0
9q97v8,3303,37.222363,-121.746496,METCALF,1.0,1.0
9q9hq4,3304,37.322286,-122.0737899,MONTAVIS,1.0,1.0
9q9jk9,3305,37.494231,-122.138182,RAVENSWD,1.0,1.0
9q97v8,3333,37.222363,-121.746496,METCALF,2.0,
9qd9xh,3401,36.850535,-119.92442,GREGG,1.0,1.0
9qe6tq,3402,37.039937,-118.946978,HELMS_PP,,0.0
9qdbm8,3403,36.609214,-119.639632,MC_CALL,1.0,1.0
9qd2ds,3404,36.675814,-120.46628,PANOCHE,1.0,1.0
9qdkhh,3405,37.291036,-120.407178,WILSON,1.0,1.0
9qe6tq,3432,37.039937,-118.946978,HELMS_PP,1.0,
9qdbm8,3433,36.609214,-119.639632,MC_CALL,2.0,
9qben2,3501,38.497952,-122.761324,FULTON,1.0,1.0
9qben2,3531,38.497952,-122.761324,FULTON,3.0,
9pr8ne,3601,40.801944,-124.163611,HUMBOLDT,,1.0
9pr8ne,3631,40.801944,-124.163611,HUMBOLDT,2.0,
9r4bc7,3701,39.527222,-119.821944,SUMMIT,,1.0
9r4bc7,3731,39.527222,-119.821944,SUMMIT,1.0,
9q603v,3801,35.230747,-120.855104,DIABLO,,1.0
9q6tde,3802,36.144321,-120.124187,GATES,,0.0
9q713t,3803,35.408481,-119.456003,MIDWAY,,0.0
9q6tde,3804,36.144321,-120.124187,GATES,,1.0
9q713t,3805,35.408481,-119.456003,MIDWAY,1.0,1.0
9q613c,3806,35.38543,-120.858669,MORROBAY,,1.0
9q603v,3831,35.230747,-120.855104,DIABLO1,1.0,
9q713t,3835,35.408481,-119.456003,MIDWAY,2.0,
9q613c,3836,35.38543,-120.858669,MORROBAY,1.0,
9q6tde,3891,36.144321,-120.124187,GATES1,,0.0
9q713t,3892,35.408481,-119.456003,MIDWAY1,,0.0
9q713t,3893,35.408481,-119.456003,MIDWAY2,,0.0
9q713t,3894,35.408481,-119.456003,MIDWAY3,,0.0
9q713t,3895,35.408481,-119.456003,MIDWAY4,,0.0
9q713t,3896,35.408481,-119.456003,MIDWAY5,,0.0
9q713t,3897,35.408481,-119.456003,MIDWAY6,,0.0
9q9fy1,3901,37.054001,-121.022616,LOSBANOS,,0.0
9q92vz,3902,36.737604,-121.732796,MOSSLAND,,1.0
9q9w99,3903,37.71247,-121.565283,TESLA,,1.0
9qc63x,3904,38.40437,-121.918134,VACA-DIX,,0.0
9r13pb,3905,39.55548,-121.645379,TABLE_MT,,0.0
9r321k,3906,40.808138,-121.936762,ROUND_MT,,0.0
9qcbq0,3907,38.01622,-121.015147,BELLOTA,1.0,1.0
9qcem3,3908,38.547942,-121.407942,BRIGHTON,,1.0
9qcxqg,3909,39.2617,-121.337,COLGATE,,1.0
9qcjcp,3910,39.018333,-122.290278,CORTINA,,1.0
9r1jcf,3911,40.397712,-122.265115,COTWDPGE,,1.0
9r10zd,3912,39.521944,-122.013889,GLENN,,1.0
9qcggm,3913,38.657961,-121.137023,GOLDHILL,1.0,1.0
9qbbed,3914,38.070278,-122.538611,IGNACIO,,1.0
9qbcde,3915,38.249937,-122.583996,LAKEVILE,,1.0
9r106e,3916,39.435504,-122.23327,LOGAN_CR,,1.0
9q9fy1,3917,37.054001,-121.022616,LOSBANOS,,1.0
9q92vz,3918,36.737604,-121.732796,MOSSLAND,1.0,1.0
9r1867,3919,39.435556,-121.538056,PALERMO,,1.0
9qcts0,3920,38.93608,-121.463992,RIO_OSO,,1.0
9r321k,3921,40.808138,-121.936762,ROUND_MT,,1.0
9r13pb,3922,39.55548,-121.645379,TABLE_MT,,1.0
9q9w99,3923,37.71247,-121.565283,TESLA,1.0,1.0
9qc63x,3924,38.40437,-121.918134,VACA-DIX,1.0,1.0
9r1jcf,3925,40.397712,-122.265115,COTWDPGE,,0.0
9qcts0,3926,38.93608,-121.463992,RIO_OSO,,1.0
9r321k,3931,40.808138,-121.936762,ROUND_MT,2.0,
9q92vz,3932,36.737604,-121.732796,MOSSLAND,1.0,
9q9w99,3933,37.71247,-121.565283,TESLA,6.0,
9r3wzq,4001,42.004704,-121.318052,MALIN,,0.0
9r9uxw,4002,43.016085,-120.953695,SUMMER_L,,1.0
9rg8bx,4003,43.767338,-118.797842,BURNS,,0.0
9rcvn1,4004,44.481129,-121.01542,GRIZZLY,,1.0
c245ue,4005,45.677819,-120.733553,JOHN_DAY,,1.0
c21g7y,4006,45.60664,-121.115583,BIG_EDDY,,0.0
c21g7u,4007,45.594757,-121.113585,CELILOCA,,0.0
9r3wzq,4008,42.004704,-121.318052,MALIN,,1.0
c21g7y,4009,45.60664,-121.115583,BIG_EDDY,,1.0
c21g7u,4010,45.594757,-121.113585,CELILO,,0.0
9r3wzq,4031,42.004704,-121.318052,MALIN,4.0,
c245ue,4035,45.677819,-120.733553,JOHN_DAY,4.0,
c21g7y,4039,45.60664,-121.115583,DALLES21,3.0,
9r3wzq,4090,42.004704,-121.318052,MALIN1,,0.0
9rcvn1,4091,44.481129,-121.01542,GRIZZLY1,,0.0
9rcvn1,4092,44.481129,-121.01542,GRIZZLY2,,0.0
9rcvn1,4093,44.481129,-121.01542,GRIZZLY3,,0.0
9rcvn1,4094,44.481129,-121.01542,GRIZZLY4,,0.0
9rcvn1,4095,44.481129,-121.01542,GRIZZLY5,,0.0
9rcvn1,4096,44.481129,-121.01542,GRIZZLY6,,0.0
9rcvn1,4097,44.481129,-121.01542,GRIZZLY7,,0.0
c2e2u0,4101,47.947893,-118.996055,COULEE,,1.0
c26crp,4102,46.669392,-119.573343,HANFORD,,1.0
c2kx95,4103,47.746353,-117.373738,BELL,,1.0
c2kx95,4104,47.746353,-117.373738,BELL,,1.0
c2e2u0,4131,47.947893,-118.996055,COULEE,3.0,
c26crp,4132,46.669392,-119.573343,HANFORD,4.0,
c2967d,4201,48.22276,-121.837459,NORTH,,1.0
c237sz,4202,47.065363,-121.779859,WCASCADE,,1.0
9rb6wg,4203,44.051652,-123.091142,WILLAMET,,1.0
9r88yx,4204,42.358895,-122.760172,MERIDIAN,,1.0
c2967d,4231,48.22276,-121.837459,NORTH_G3,3.0,
c237sz,4232,47.065363,-121.779859,WCASCADE,3.0,
c2c10y,5001,49.429986,-122.303722,CANADA,,1.0
c2c10y,5002,49.429986,-122.303722,CANALB,,1.0
c2u6xt,5003,49.686968,-117.438199,CA230TO,,1.0
c2u6xt,5004,49.686968,-117.438199,CA230,,0.0
c2c10y,5031,49.429986,-122.303722,CANAD_G1,2.0,
c2c10y,5032,49.429986,-122.303722,CMAIN_GM,5.0,
9rwgcr,6101,42.888986,-114.199277,MIDPOINT,,0.0
9rwgcr,6102,42.888986,-114.199277,MIDPOINT,,1.0
9rx7st,6103,42.835449,-113.348619,BORAH,,1.0
9rx7st,6104,42.835449,-113.348619,BORAH,,1.0
9rwgcr,6132,42.888986,-114.199277,MIDPOINT,5.0,
c8h5zm,6201,45.689474,-106.552322,COLSTRP,,1.0
c2r8x7,6202,46.515909,-112.878383,GARRISON,,1.0
c8h5zm,6203,45.689474,-106.552322,COLSTRP,,1.0
c2r8x7,6204,46.515909,-112.878383,GARRISON,,1.0
c82vu4,6205,47.432975,-111.260716,MONTANA,,1.0
c8h5zm,6231,45.689474,-106.552322,COLSTRP,2.0,
c82vu4,6235,47.432975,-111.260716,MONTA_G1,3.0,
9x6z6m,6301,42.083869,-108.529745,BRIDGER,,1.0
9xkgmv,6302,41.383369,-105.567246,LARAMIE,,1.0
9x6z6m,6303,42.083869,-108.529745,BRIDGER2,,1.0
9xkgmv,6304,41.383369,-105.567246,LARAMIE,,0.0
9x3mfn,6305,41.826887,-110.64461,NAUGHTON,,1.0
9x6z6m,6333,42.083869,-108.529745,BRIDGER,2.0,
9x3mfn,6335,41.826887,-110.64461,NAUGHT,3.0,
9r50xy,6401,39.499336,-119.188176,TRACYSPP,1.0,1.0
9r4bc7,6402,39.527222,-119.821944,SUMITSPP,,1.0
9rkf69,6403,41.182805,-116.954457,VALMY,,1.0
9rn2tf,6404,39.476861,-114.70735,GONDER,,1.0
9rkf69,6433,41.182805,-116.954457,VALMY,4.0,
9x27ep,6501,41.439081,-112.006907,BENLOMND,,1.0
9x0mgn,6502,40.42316497,-112.008,CAMP_WIL,,1.0
9x47er,6503,40.030278,-109.188333,EMERY,,1.0
9x06gc,6504,39.868637,-111.977164,MONA,,1.0
9wdr2q,6505,37.870747,-109.314458,PINTO,,1.0
9wdr2q,6506,37.870747,-109.314458,PINTO_PS,,0.0
9wbmjr,6507,38.887109,-111.917677,SIGURD,,1.0
9x0gc5,6508,40.053045,-111.394196,SPAN_FRK,,1.0
9x0ryy,6509,40.772832,-111.846293,TERMINAL,,1.0
9x27ep,6510,41.439081,-112.006907,BENLOMND,1.0,1.0
9x47er,6533,40.030278,-109.188333,EMERY,5.0,
9wve62,7001,38.542595,-104.660626,COLOEAST,1.0,1.0
9x5w98,7002,40.521809,-107.506652,CRAIG,,1.0
9wve62,7031,38.542595,-104.660626,COLOEAST,4.0,
9x5w98,7032,40.521809,-107.506652,CRAIG,4.0,
9r0vxp,8001,40.382027,-122.384572,OLINDA,,0.0
9q9wtp,8002,37.74752,-121.416448,TRACY,,0.0
9r1jcf,8003,40.397712,-122.265115,COTWDWAP,1.0,1.0
9qcf5u,8004,38.344823,-121.123005,RNCHSECO,1.0,1.0
9q9wtp,8005,37.74752,-121.416448,TRACYPMP,1.0,1.0
9r1jcf,8033,40.397712,-122.265115,COTWDWAP,1.0,
9qcf5u,8034,38.344823,-121.123005,RNCHSECO,2.0,
