,G4100550
metadata_index,255027
upgrade,0
weight,1.8706521585294562
in.sqft,7500.0
calc.weighted.sqft,14029.891188970922
in.upgrade_name,Baseline
applicability,True
in.building_america_climate_zone,Cold
in.cambium_grid_region,NWPPc
in.census_division_name,Pacific
in.census_region_name,West
in.cluster_id,31.0
in.cluster_name,Rural Mountain West
in.county_name,"OR, Sherman County"
in.iso_rto_region,None
in.nhgis_puma_gisjoin,G41000200
in.nhgis_tract_gisjoin,G4100550950100
in.reeds_balancing_area,5.0
in.state,OR
in.state_name,Oregon
in.airtightness..m3_per_m2_s,25.0
in.ashrae_iecc_climate_zone_2006,5B
in.aspect_ratio,2
in.building_subtype,strip_mall_restaurant0
in.cejst_is_disadvantaged,True
in.comstock_building_type,RetailStripmall
in.comstock_building_type_group,Mercantile
in.economizer_changeover_temperature_fault_applicable,False
in.economizer_damper_stuck_fault_applicable,False
in.economizer_damper_stuck_fault_timing,No fault
in.ejscreen_census_tract_percentile_for_demographic_index,35.4076739385
in.ejscreen_census_tract_percentile_for_less_than_hs_educ,44.9547946329
in.ejscreen_census_tract_percentile_for_low_income,65.3689762527
in.ejscreen_census_tract_percentile_for_people_in_ling_isol,22.02924172
in.ejscreen_census_tract_percentile_for_people_of_color,14.5345022002
in.ejscreen_census_tract_percentile_for_people_over_64,93.9866603296
in.ejscreen_census_tract_percentile_percent_people_under_5,19.2734564925
in.energy_code_followed_during_last_ext_lighting_replacement,ComStock 90.1-2013
in.energy_code_followed_during_last_hvac_replacement,ComStock 90.1-2004
in.energy_code_followed_during_last_int_equipment_replacement,ComStock 90.1-2007
in.energy_code_followed_during_last_roof_replacement,ComStock DOE Ref Pre-1980
in.energy_code_followed_during_last_svc_water_htg_replacement,ComStock 90.1-2004
in.energy_code_followed_during_last_walls_replacement,ComStock DOE Ref Pre-1980
in.energy_code_followed_during_original_building_construction,ComStock DOE Ref Pre-1980
in.floor_area_category,5001_10000
in.heating_fuel,Electricity
in.hvac_category,Multizone CAV/VAV
in.hvac_combined_type,Central Multi-zone VAV RTU_Furnace_DX
in.hvac_cool_type,DX
in.hvac_heat_type,Furnace
in.hvac_night_variability,night_fancycle_novent
in.hvac_system_type,PVAV with gas heat with electric reheat
in.hvac_vent_type,Central Multi-zone VAV RTU
in.interior_lighting_generation,gen4_led
in.number_of_stories,2
in.number_stories,2
in.ownership_type,leased
in.party_responsible_for_operation,building_owner
in.purchase_input_responsibility,building_owner
in.rotation..degrees,270
in.service_water_heating_fuel,Electricity
in.tstat_clg_delta_f..delta_f,7
in.tstat_clg_sp_f..f,72
in.tstat_htg_delta_f..delta_f,8
in.tstat_htg_sp_f..f,66
in.vintage,1946 to 1959
in.wall_construction_type,SteelFramed
in.weather_file_2018,USA_OR_Columbia.Gorge.Rgnl.726988_2018.epw
in.weather_file_tmy3,The_Dalles_Municipal_Arpt
in.weekday_opening_time..hr,8.25
in.weekday_operating_hours..hr,7.75
in.weekend_opening_time..hr,9.75
in.weekend_operating_hours..hr,12.5
in.window_to_wall_ratio_category,2_10pct
in.window_type,Single - No LowE - Clear - Wood
in.year_built,1955
out.district_cooling.cooling.energy_consumption,0.0
out.district_cooling.cooling.energy_savings,0.0
out.district_cooling.total.energy_consumption,0.0
out.district_cooling.total.energy_savings,0.0
out.district_heating.cooling.energy_consumption,0.0
out.district_heating.cooling.energy_savings,0.0
out.district_heating.heating.energy_consumption,0.0
out.district_heating.heating.energy_savings,0.0
out.district_heating.total.energy_consumption,0.0
out.district_heating.total.energy_savings,0.0
out.district_heating.water_systems.energy_consumption,0.0
out.district_heating.water_systems.energy_savings,0.0
out.electricity.cooling.energy_consumption,22083.333333333332
out.electricity.cooling.energy_savings,0.0
out.electricity.exterior_lighting.energy_consumption,7805.555555555557
out.electricity.exterior_lighting.energy_savings,0.0
out.electricity.fans.energy_consumption,9108.333333333334
out.electricity.fans.energy_savings,0.0
out.electricity.heat_recovery.energy_consumption,0.0
out.electricity.heat_recovery.energy_savings,0.0
out.electricity.heat_rejection.energy_consumption,0.0
out.electricity.heat_rejection.energy_savings,0.0
out.electricity.heating.energy_consumption,38652.777777777774
out.electricity.heating.energy_savings,0.0
out.electricity.interior_equipment.energy_consumption,15397.222222222223
out.electricity.interior_equipment.energy_savings,0.0
out.electricity.interior_lighting.energy_consumption,44961.11111111111
out.electricity.interior_lighting.energy_savings,0.0
out.electricity.pumps.energy_consumption,0.0
out.electricity.pumps.energy_savings,0.0
out.electricity.refrigeration.energy_consumption,0.0
out.electricity.refrigeration.energy_savings,0.0
out.electricity.total.apr.energy_consumption..kwh,9008.170011907938
out.electricity.total.aug.energy_consumption..kwh,12126.585614684718
out.electricity.total.dec.energy_consumption..kwh,16368.74212827817
out.electricity.total.energy_consumption,142100.0
out.electricity.total.energy_savings,0.0
out.electricity.total.feb.energy_consumption..kwh,13061.883958206037
out.electricity.total.jan.energy_consumption..kwh,15010.542884878862
out.electricity.total.jul.energy_consumption..kwh,14004.211340736987
out.electricity.total.jun.energy_consumption..kwh,9981.426921652323
out.electricity.total.mar.energy_consumption..kwh,11471.958083837777
out.electricity.total.may.energy_consumption..kwh,9677.804240292315
out.electricity.total.nov.energy_consumption..kwh,13045.339574058857
out.electricity.total.oct.energy_consumption..kwh,9179.512301566901
out.electricity.total.sep.energy_consumption..kwh,9164.043409312966
out.electricity.water_systems.energy_consumption,4091.6666666666665
out.electricity.water_systems.energy_savings,0.0
out.natural_gas.cooling.energy_savings,0.0
out.natural_gas.heating.energy_consumption,7147.222222222222
out.natural_gas.heating.energy_savings,0.0
out.natural_gas.interior_equipment.energy_consumption,0.0
out.natural_gas.interior_equipment.energy_savings,0.0
out.natural_gas.total.energy_consumption,7147.222222222222
out.natural_gas.total.energy_savings,0.0
out.natural_gas.water_systems.energy_consumption,0.0
out.natural_gas.water_systems.energy_savings,0.0
out.other_fuel.cooling.energy_consumption,0.0
out.other_fuel.cooling.energy_savings,0.0
out.other_fuel.heating.energy_consumption,0.0
out.other_fuel.heating.energy_savings,0.0
out.other_fuel.interior_equipment.energy_savings,0.0
out.other_fuel.total.energy_consumption,0.0
out.other_fuel.total.energy_savings,0.0
out.other_fuel.water_systems.energy_consumption,0.0
out.other_fuel.water_systems.energy_savings,0.0
out.site_energy.total.energy_consumption,149247.2222222222
out.site_energy.total.energy_savings,0.0
out.electricity.total.peak_demand,84.76459
out.district_cooling.cooling.energy_consumption_intensity,0.0
out.district_cooling.cooling.energy_savings_intensity,0.0
out.district_cooling.total.energy_consumption_intensity,0.0
out.district_cooling.total.energy_savings_intensity,0.0
out.district_heating.cooling.energy_consumption_intensity,0.0
out.district_heating.cooling.energy_savings_intensity,0.0
out.district_heating.heating.energy_consumption_intensity,0.0
out.district_heating.heating.energy_savings_intensity,0.0
out.district_heating.total.energy_consumption_intensity,0.0
out.district_heating.total.energy_savings_intensity,0.0
out.district_heating.water_systems.energy_consumption_intensity,0.0
out.district_heating.water_systems.energy_savings_intensity,0.0
out.electricity.cooling.energy_consumption_intensity,2.944444444444444
out.electricity.cooling.energy_savings_intensity,0.0
out.electricity.exterior_lighting.energy_consumption_intensity,1.040740740740741
out.electricity.exterior_lighting.energy_savings_intensity,0.0
out.electricity.fans.energy_consumption_intensity,1.2144444444444444
out.electricity.fans.energy_savings_intensity,0.0
out.electricity.heat_recovery.energy_consumption_intensity,0.0
out.electricity.heat_recovery.energy_savings_intensity,0.0
out.electricity.heat_rejection.energy_consumption_intensity,0.0
out.electricity.heat_rejection.energy_savings_intensity,0.0
out.electricity.heating.energy_consumption_intensity,5.1537037037037035
out.electricity.heating.energy_savings_intensity,0.0
out.electricity.interior_equipment.energy_consumption_intensity,2.052962962962963
out.electricity.interior_equipment.energy_savings_intensity,0.0
out.electricity.interior_lighting.energy_consumption_intensity,5.994814814814815
out.electricity.interior_lighting.energy_savings_intensity,0.0
out.electricity.pumps.energy_consumption_intensity,0.0
out.electricity.pumps.energy_savings_intensity,0.0
out.electricity.refrigeration.energy_consumption_intensity,0.0
out.electricity.refrigeration.energy_savings_intensity,0.0
out.electricity.total.energy_consumption_intensity,18.946666666666665
out.electricity.total.energy_savings_intensity,0.0
out.electricity.water_systems.energy_consumption_intensity,0.5455555555555556
out.electricity.water_systems.energy_savings_intensity,0.0
out.natural_gas.cooling.energy_consumption_intensity,0.0
out.natural_gas.cooling.energy_savings_intensity,0.0
out.natural_gas.heating.energy_consumption_intensity,0.9529629629629629
out.natural_gas.heating.energy_savings_intensity,0.0
out.natural_gas.interior_equipment.energy_consumption_intensity,0.0
out.natural_gas.interior_equipment.energy_savings_intensity,0.0
out.natural_gas.total.energy_consumption_intensity,0.9529629629629629
out.natural_gas.total.energy_savings_intensity,0.0
out.natural_gas.water_systems.energy_consumption_intensity,0.0
out.natural_gas.water_systems.energy_savings_intensity,0.0
out.other_fuel.cooling.energy_consumption_intensity,0.0
out.other_fuel.cooling.energy_savings_intensity,0.0
out.other_fuel.heating.energy_consumption_intensity,0.0
out.other_fuel.heating.energy_savings_intensity,0.0
out.other_fuel.interior_equipment.energy_consumption_intensity,0.0
out.other_fuel.interior_equipment.energy_savings_intensity,0.0
out.other_fuel.total.energy_consumption_intensity,0.0
out.other_fuel.total.energy_savings_intensity,0.0
out.other_fuel.water_systems.energy_consumption_intensity,0.0
out.other_fuel.water_systems.energy_savings_intensity,0.0
out.site_energy.total.energy_consumption_intensity,19.899629629629626
out.site_energy.total.energy_savings_intensity,0.0
out.qoi.maximum_daily_peak_apr..kw,38.56938416469931
out.qoi.maximum_daily_peak_aug..kw,48.626372126961584
out.qoi.maximum_daily_peak_dec..kw,62.46870891230507
out.qoi.maximum_daily_peak_feb..kw,66.22338799285596
out.qoi.maximum_daily_peak_jan..kw,57.14157346417179
out.qoi.maximum_daily_peak_jul..kw,52.271968095936145
out.qoi.maximum_daily_peak_jun..kw,36.61856992119019
out.qoi.maximum_daily_peak_mar..kw,44.64011298857021
out.qoi.maximum_daily_peak_may..kw,31.20126725673748
out.qoi.maximum_daily_peak_nov..kw,49.04396777051627
out.qoi.maximum_daily_peak_oct..kw,29.556905397975015
out.qoi.maximum_daily_peak_sep..kw,32.29871717988889
out.qoi.maximum_daily_timing_shoulder_hour..hr,12.490196078431373
out.qoi.maximum_daily_timing_summer_hour..hr,14.090909090909092
out.qoi.maximum_daily_timing_winter_hour..hr,6.962365591397849
out.qoi.maximum_daily_use_shoulder..kw,19.452912890610275
out.qoi.maximum_daily_use_shoulder_intensity..w_per_ft2,2.5937217187480366
out.qoi.maximum_daily_use_summer..kw,32.24719002118456
out.qoi.maximum_daily_use_summer_intensity..w_per_ft2,4.299625336157941
out.qoi.maximum_daily_use_winter..kw,36.358004098512396
out.qoi.maximum_daily_use_winter_intensity..w_per_ft2,4.847733879801653
out.qoi.median_daily_peak_apr..kw,20.45827391433143
out.qoi.median_daily_peak_aug..kw,28.91577428769471
out.qoi.median_daily_peak_dec..kw,43.60989074390032
out.qoi.median_daily_peak_feb..kw,38.22068631871343
out.qoi.median_daily_peak_jan..kw,41.61543170961806
out.qoi.median_daily_peak_jul..kw,37.78055243622239
out.qoi.median_daily_peak_jun..kw,21.589605104676558
out.qoi.median_daily_peak_mar..kw,31.26151030212942
out.qoi.median_daily_peak_may..kw,19.482349203023155
out.qoi.median_daily_peak_nov..kw,39.58611867616675
out.qoi.median_daily_peak_oct..kw,21.00529010948936
out.qoi.median_daily_peak_sep..kw,18.81248013196535
out.qoi.median_daily_peak_timing_apr..hr,6.0
out.qoi.median_daily_peak_timing_aug..hr,14.0
out.qoi.median_daily_peak_timing_dec..hr,7.0
out.qoi.median_daily_peak_timing_feb..hr,7.0
out.qoi.median_daily_peak_timing_jan..hr,7.0
out.qoi.median_daily_peak_timing_jul..hr,14.0
out.qoi.median_daily_peak_timing_jun..hr,13.5
out.qoi.median_daily_peak_timing_mar..hr,6.0
out.qoi.median_daily_peak_timing_may..hr,14.0
out.qoi.median_daily_peak_timing_nov..hr,7.0
out.qoi.median_daily_peak_timing_oct..hr,6.0
out.qoi.median_daily_peak_timing_sep..hr,14.0
out.qoi.minimum_daily_peak_apr..kw,14.5090225232396
out.qoi.minimum_daily_peak_aug..kw,16.394019247375343
out.qoi.minimum_daily_peak_dec..kw,36.27498275056186
out.qoi.minimum_daily_peak_feb..kw,25.61063050974732
out.qoi.minimum_daily_peak_jan..kw,28.215804190044956
out.qoi.minimum_daily_peak_jul..kw,16.89867750517484
out.qoi.minimum_daily_peak_jun..kw,14.709254179018687
out.qoi.minimum_daily_peak_mar..kw,21.486984619064465
out.qoi.minimum_daily_peak_may..kw,16.16600052333896
out.qoi.minimum_daily_peak_nov..kw,19.076573998857835
out.qoi.minimum_daily_peak_oct..kw,16.256904235269918
out.qoi.minimum_daily_peak_sep..kw,15.457104268720691
out.qoi.minimum_daily_use_shoulder..kw,7.373718924554426
out.qoi.minimum_daily_use_shoulder_intensity..w_per_ft2,0.9831625232739234
out.qoi.minimum_daily_use_summer..kw,7.608894364149057
out.qoi.minimum_daily_use_summer_intensity..w_per_ft2,1.0145192485532075
out.qoi.minimum_daily_use_winter..kw,7.831608397580987
out.qoi.minimum_daily_use_winter_intensity..w_per_ft2,1.0442144530107982
out.qoi.q1_daily_peak_apr..kw,18.450032530698053
out.qoi.q1_daily_peak_aug..kw,23.75923822391487
out.qoi.q1_daily_peak_dec..kw,40.42213114858179
out.qoi.q1_daily_peak_feb..kw,31.6850716759846
out.qoi.q1_daily_peak_jan..kw,38.50618913974249
out.qoi.q1_daily_peak_jul..kw,30.839095122749647
out.qoi.q1_daily_peak_jun..kw,19.202386637220727
out.qoi.q1_daily_peak_mar..kw,26.98032102748979
out.qoi.q1_daily_peak_may..kw,17.570583688853283
out.qoi.q1_daily_peak_nov..kw,35.504411703215524
out.qoi.q1_daily_peak_oct..kw,19.31010785982904
out.qoi.q1_daily_peak_sep..kw,17.934922926858075
out.qoi.q3_daily_peak_apr..kw,26.862917287977137
out.qoi.q3_daily_peak_aug..kw,33.81866459501495
out.qoi.q3_daily_peak_dec..kw,49.228562612485376
out.qoi.q3_daily_peak_feb..kw,46.89517670844418
out.qoi.q3_daily_peak_jan..kw,45.37496976151047
out.qoi.q3_daily_peak_jul..kw,42.80145194197735
out.qoi.q3_daily_peak_jun..kw,24.78804780715134
out.qoi.q3_daily_peak_mar..kw,37.699305378071664
out.qoi.q3_daily_peak_may..kw,23.446436386141354
out.qoi.q3_daily_peak_nov..kw,42.197063724028546
out.qoi.q3_daily_peak_oct..kw,23.712772328437048
out.qoi.q3_daily_peak_sep..kw,21.5596425297319
out.emissions.electricity.aer_95_decarb_by_2035_from_2023..co2e_kg,39860.192730255374
out.emissions.electricity.aer_95_decarb_by_2050_from_2023..co2e_kg,39860.192730255374
out.emissions.electricity.aer_high_re_cost_from_2023..co2e_kg,40000.613809845345
out.emissions.electricity.aer_low_re_cost_from_2023..co2e_kg,38984.35979331858
out.emissions.electricity.aer_mid_case_from_2023..co2e_kg,39839.31204279574
out.emissions.electricity.cooling.aer_95_decarb_by_2035_from_2023..co2e_kg,5420.946122536987
out.emissions.electricity.cooling.aer_95_decarb_by_2050_from_2023..co2e_kg,5420.946122536987
out.emissions.electricity.cooling.aer_high_re_cost_from_2023..co2e_kg,5453.220119565783
out.emissions.electricity.cooling.aer_low_re_cost_from_2023..co2e_kg,5330.911605923911
out.emissions.electricity.cooling.aer_mid_case_from_2023..co2e_kg,5418.81814865219
out.emissions.electricity.cooling.egrid_2018_state..co2e_kg,3147.0111211874046
out.emissions.electricity.cooling.egrid_2018_subregion..co2e_kg,6444.711344412058
out.emissions.electricity.cooling.egrid_2019_state..co2e_kg,3988.1674455355947
out.emissions.electricity.cooling.egrid_2019_subregion..co2e_kg,7211.129159799276
out.emissions.electricity.cooling.egrid_2020_state..co2e_kg,3421.993939775752
out.emissions.electricity.cooling.egrid_2020_subregion..co2e_kg,6048.259666466953
out.emissions.electricity.cooling.egrid_2021_state..co2e_kg,3272.817438576609
out.emissions.electricity.cooling.egrid_2021_subregion..co2e_kg,6396.227979799927
out.emissions.electricity.cooling.lrmer_95_decarb_by_2035_15_2023_start..co2e_kg,1025.6682708091369
out.emissions.electricity.cooling.lrmer_95_decarb_by_2035_15_2025_start..co2e_kg,3139.3864622366036
out.emissions.electricity.cooling.lrmer_95_decarb_by_2035_25_2025_start..co2e_kg,2285.9730119690007
out.emissions.electricity.cooling.lrmer_95_decarb_by_2035_30_2023_start..co2e_kg,624.6632180691618
out.emissions.electricity.cooling.lrmer_95_decarb_by_2050_15_2023_start..co2e_kg,2288.8711603717015
out.emissions.electricity.cooling.lrmer_95_decarb_by_2050_30_2023_start..co2e_kg,1645.5961886098582
out.emissions.electricity.cooling.lrmer_high_re_cost_15_2023_start..co2e_kg,4224.639265094328
out.emissions.electricity.cooling.lrmer_high_re_cost_30_2023_start..co2e_kg,3262.385381158173
out.emissions.electricity.cooling.lrmer_low_re_cost_15_2023_start..co2e_kg,1625.320893944274
out.emissions.electricity.cooling.lrmer_low_re_cost_15_2025_start..co2e_kg,1954.9195802973452
out.emissions.electricity.cooling.lrmer_low_re_cost_25_2025_start..co2e_kg,1727.8469021954068
out.emissions.electricity.cooling.lrmer_low_re_cost_30_2023_start..co2e_kg,1334.8199797117823
out.emissions.electricity.cooling.lrmer_mid_case_15_2023_start..co2e_kg,2326.3012190140903
out.emissions.electricity.cooling.lrmer_mid_case_15_2025_start..co2e_kg,5448.992576337014
out.emissions.electricity.cooling.lrmer_mid_case_25_2025_start..co2e_kg,4987.757980929858
out.emissions.electricity.cooling.lrmer_mid_case_30_2023_start..co2e_kg,2073.874782560247
out.emissions.electricity.egrid_2018_state..co2e_kg,20249.3636871216
out.emissions.electricity.egrid_2018_subregion..co2e_kg,41468.33260070541
out.emissions.electricity.egrid_2019_state..co2e_kg,25661.762840964504
out.emissions.electricity.egrid_2019_subregion..co2e_kg,46399.828703651925
out.emissions.electricity.egrid_2020_state..co2e_kg,22018.73369786509
out.emissions.electricity.egrid_2020_subregion..co2e_kg,38917.37427805068
out.emissions.electricity.egrid_2021_state..co2e_kg,21058.861263345687
out.emissions.electricity.egrid_2021_subregion..co2e_kg,41156.36761392903
out.emissions.electricity.enduse_group.hvac.aer_95_decarb_by_2035_from_2023..co2e_kg,19874.999809892688
out.emissions.electricity.enduse_group.hvac.aer_95_decarb_by_2050_from_2023..co2e_kg,19874.999809892688
out.emissions.electricity.enduse_group.hvac.aer_high_re_cost_from_2023..co2e_kg,19937.009501142013
out.emissions.electricity.enduse_group.hvac.aer_low_re_cost_from_2023..co2e_kg,19449.052761441573
out.emissions.electricity.enduse_group.hvac.aer_mid_case_from_2023..co2e_kg,19865.842387534758
out.emissions.electricity.enduse_group.hvac.egrid_2018_state..co2e_kg,9953.027083302835
out.emissions.electricity.enduse_group.hvac.egrid_2018_subregion..co2e_kg,20382.637393032088
out.emissions.electricity.enduse_group.hvac.egrid_2019_state..co2e_kg,12613.34551089394
out.emissions.electricity.enduse_group.hvac.egrid_2019_subregion..co2e_kg,22806.580931813285
out.emissions.electricity.enduse_group.hvac.egrid_2020_state..co2e_kg,10822.71306007819
out.emissions.electricity.enduse_group.hvac.egrid_2020_subregion..co2e_kg,19128.782819324817
out.emissions.electricity.enduse_group.hvac.egrid_2021_state..co2e_kg,10350.913724311236
out.emissions.electricity.enduse_group.hvac.egrid_2021_subregion..co2e_kg,20229.299440768318
out.emissions.electricity.enduse_group.hvac.lrmer_95_decarb_by_2035_15_2023_start..co2e_kg,5712.998413938744
out.emissions.electricity.enduse_group.hvac.lrmer_95_decarb_by_2035_15_2025_start..co2e_kg,11491.597194024687
out.emissions.electricity.enduse_group.hvac.lrmer_95_decarb_by_2035_25_2025_start..co2e_kg,8172.491961784068
out.emissions.electricity.enduse_group.hvac.lrmer_95_decarb_by_2035_30_2023_start..co2e_kg,3479.255816136272
out.emissions.electricity.enduse_group.hvac.lrmer_95_decarb_by_2050_15_2023_start..co2e_kg,9682.582502132198
out.emissions.electricity.enduse_group.hvac.lrmer_95_decarb_by_2050_30_2023_start..co2e_kg,6823.7824038548715
out.emissions.electricity.enduse_group.hvac.lrmer_high_re_cost_15_2023_start..co2e_kg,14073.62833637398
out.emissions.electricity.enduse_group.hvac.lrmer_high_re_cost_30_2023_start..co2e_kg,11085.585294165345
out.emissions.electricity.enduse_group.hvac.lrmer_low_re_cost_15_2023_start..co2e_kg,7938.423102345568
out.emissions.electricity.enduse_group.hvac.lrmer_low_re_cost_15_2025_start..co2e_kg,8664.725840064375
out.emissions.electricity.enduse_group.hvac.lrmer_low_re_cost_25_2025_start..co2e_kg,6890.306146919647
out.emissions.electricity.enduse_group.hvac.lrmer_low_re_cost_30_2023_start..co2e_kg,6011.967443638746
out.emissions.electricity.enduse_group.hvac.lrmer_mid_case_15_2023_start..co2e_kg,10081.768332011097
out.emissions.electricity.enduse_group.hvac.lrmer_mid_case_15_2025_start..co2e_kg,19141.83728678237
out.emissions.electricity.enduse_group.hvac.lrmer_mid_case_25_2025_start..co2e_kg,17458.25443171982
out.emissions.electricity.enduse_group.hvac.lrmer_mid_case_30_2023_start..co2e_kg,8486.333205087267
out.emissions.electricity.exterior_lighting.aer_95_decarb_by_2035_from_2023..co2e_kg,2298.9602877610605
out.emissions.electricity.exterior_lighting.aer_95_decarb_by_2050_from_2023..co2e_kg,2298.9602877610605
out.emissions.electricity.exterior_lighting.aer_high_re_cost_from_2023..co2e_kg,2306.6250243391296
out.emissions.electricity.exterior_lighting.aer_low_re_cost_from_2023..co2e_kg,2246.0190027713556
out.emissions.electricity.exterior_lighting.aer_mid_case_from_2023..co2e_kg,2297.5835589571207
out.emissions.electricity.exterior_lighting.egrid_2018_state..co2e_kg,1112.2319654078572
out.emissions.electricity.exterior_lighting.egrid_2018_subregion..co2e_kg,2277.7212056299186
out.emissions.electricity.exterior_lighting.egrid_2019_state..co2e_kg,1409.5175217080325
out.emissions.electricity.exterior_lighting.egrid_2019_subregion..co2e_kg,2548.592314852465
out.emissions.electricity.exterior_lighting.egrid_2020_state..co2e_kg,1209.4177296121195
out.emissions.electricity.exterior_lighting.egrid_2020_subregion..co2e_kg,2137.6053267944626
out.emissions.electricity.exterior_lighting.egrid_2021_state..co2e_kg,1156.695045537591
out.emissions.electricity.exterior_lighting.egrid_2021_subregion..co2e_kg,2260.5859792720944
out.emissions.electricity.exterior_lighting.lrmer_95_decarb_by_2035_15_2023_start..co2e_kg,1125.03597651583
out.emissions.electricity.exterior_lighting.lrmer_95_decarb_by_2035_15_2025_start..co2e_kg,1501.4030862941493
out.emissions.electricity.exterior_lighting.lrmer_95_decarb_by_2035_25_2025_start..co2e_kg,1065.4208164164831
out.emissions.electricity.exterior_lighting.lrmer_95_decarb_by_2035_30_2023_start..co2e_kg,685.2313454678908
out.emissions.electricity.exterior_lighting.lrmer_95_decarb_by_2050_15_2023_start..co2e_kg,1503.1723090715295
out.emissions.electricity.exterior_lighting.lrmer_95_decarb_by_2050_30_2023_start..co2e_kg,1034.4786261074028
out.emissions.electricity.exterior_lighting.lrmer_high_re_cost_15_2023_start..co2e_kg,1824.9314000977313
out.emissions.electricity.exterior_lighting.lrmer_high_re_cost_30_2023_start..co2e_kg,1451.4553402134409
out.emissions.electricity.exterior_lighting.lrmer_low_re_cost_15_2023_start..co2e_kg,1375.1991699433527
out.emissions.electricity.exterior_lighting.lrmer_low_re_cost_15_2025_start..co2e_kg,1247.9692440783672
out.emissions.electricity.exterior_lighting.lrmer_low_re_cost_25_2025_start..co2e_kg,972.1107695680458
out.emissions.electricity.exterior_lighting.lrmer_low_re_cost_30_2023_start..co2e_kg,989.6370627461858
out.emissions.electricity.exterior_lighting.lrmer_mid_case_15_2023_start..co2e_kg,1603.1258290893893
out.emissions.electricity.exterior_lighting.lrmer_mid_case_15_2025_start..co2e_kg,2551.795986354759
out.emissions.electricity.exterior_lighting.lrmer_mid_case_25_2025_start..co2e_kg,2296.740229731733
out.emissions.electricity.exterior_lighting.lrmer_mid_case_30_2023_start..co2e_kg,1276.5635449305396
out.emissions.electricity.heating.aer_95_decarb_by_2035_from_2023..co2e_kg,12017.468706303285
out.emissions.electricity.heating.aer_95_decarb_by_2050_from_2023..co2e_kg,12017.468706303285
out.emissions.electricity.heating.aer_high_re_cost_from_2023..co2e_kg,12036.696270857135
out.emissions.electricity.heating.aer_low_re_cost_from_2023..co2e_kg,11729.111235727778
out.emissions.electricity.heating.aer_mid_case_from_2023..co2e_kg,12011.371495787218
out.emissions.electricity.heating.egrid_2018_state..co2e_kg,5508.1897554653
out.emissions.electricity.heating.egrid_2018_subregion..co2e_kg,11280.129506128791
out.emissions.electricity.heating.egrid_2019_state..co2e_kg,6980.459305873296
out.emissions.electricity.heating.egrid_2019_subregion..co2e_kg,12621.584809765953
out.emissions.electricity.heating.egrid_2020_state..co2e_kg,5989.490102349937
out.emissions.electricity.heating.egrid_2020_subregion..co2e_kg,10586.2231337324
out.emissions.electricity.heating.egrid_2021_state..co2e_kg,5728.387600954504
out.emissions.electricity.heating.egrid_2021_subregion..co2e_kg,11195.269439868121
out.emissions.electricity.heating.lrmer_95_decarb_by_2035_15_2023_start..co2e_kg,4091.7060428411396
out.emissions.electricity.heating.lrmer_95_decarb_by_2035_15_2025_start..co2e_kg,6948.587882258916
out.emissions.electricity.heating.lrmer_95_decarb_by_2035_25_2025_start..co2e_kg,4879.167059625735
out.emissions.electricity.heating.lrmer_95_decarb_by_2035_30_2023_start..co2e_kg,2491.8456768878
out.emissions.electricity.heating.lrmer_95_decarb_by_2050_15_2023_start..co2e_kg,6284.32496658624
out.emissions.electricity.heating.lrmer_95_decarb_by_2050_30_2023_start..co2e_kg,4390.275436627191
out.emissions.electricity.heating.lrmer_high_re_cost_15_2023_start..co2e_kg,8062.251180784873
out.emissions.electricity.heating.lrmer_high_re_cost_30_2023_start..co2e_kg,6427.953755052963
out.emissions.electricity.heating.lrmer_low_re_cost_15_2023_start..co2e_kg,5452.778335253728
out.emissions.electricity.heating.lrmer_low_re_cost_15_2025_start..co2e_kg,5725.48514589764
out.emissions.electricity.heating.lrmer_low_re_cost_25_2025_start..co2e_kg,4348.823697708722
out.emissions.electricity.heating.lrmer_low_re_cost_30_2023_start..co2e_kg,4005.0377766665124
out.emissions.electricity.heating.lrmer_mid_case_15_2023_start..co2e_kg,6610.482492025671
out.emissions.electricity.heating.lrmer_mid_case_15_2025_start..co2e_kg,11320.084823838222
out.emissions.electricity.heating.lrmer_mid_case_25_2025_start..co2e_kg,10306.275548327561
out.emissions.electricity.heating.lrmer_mid_case_30_2023_start..co2e_kg,5427.39487553278
out.emissions.electricity.interior_equipment.aer_95_decarb_by_2035_from_2023..co2e_kg,4210.892219927955
out.emissions.electricity.interior_equipment.aer_95_decarb_by_2050_from_2023..co2e_kg,4210.892219927955
out.emissions.electricity.interior_equipment.aer_high_re_cost_from_2023..co2e_kg,4227.513463815651
out.emissions.electricity.interior_equipment.aer_low_re_cost_from_2023..co2e_kg,4116.15434064289
out.emissions.electricity.interior_equipment.aer_mid_case_from_2023..co2e_kg,4208.111691251905
out.emissions.electricity.interior_equipment.egrid_2018_state..co2e_kg,2193.9698543345016
out.emissions.electricity.interior_equipment.egrid_2018_subregion..co2e_kg,4492.994102986401
out.emissions.electricity.interior_equipment.egrid_2019_state..co2e_kg,2780.390285447063
out.emissions.electricity.interior_equipment.egrid_2019_subregion..co2e_kg,5027.309845140504
out.emissions.electricity.interior_equipment.egrid_2020_state..co2e_kg,2385.67683953738
out.emissions.electricity.interior_equipment.egrid_2020_subregion..co2e_kg,4216.603903963621
out.emissions.electricity.interior_equipment.egrid_2021_state..co2e_kg,2281.6769698189264
out.emissions.electricity.interior_equipment.egrid_2021_subregion..co2e_kg,4459.193446967242
out.emissions.electricity.interior_equipment.lrmer_95_decarb_by_2035_15_2023_start..co2e_kg,1443.4774779142817
out.emissions.electricity.interior_equipment.lrmer_95_decarb_by_2035_15_2025_start..co2e_kg,2589.6061248877177
out.emissions.electricity.interior_equipment.lrmer_95_decarb_by_2035_25_2025_start..co2e_kg,1842.0678211797547
out.emissions.electricity.interior_equipment.lrmer_95_decarb_by_2035_30_2023_start..co2e_kg,879.1737682208727
out.emissions.electricity.interior_equipment.lrmer_95_decarb_by_2050_15_2023_start..co2e_kg,2254.833370418899
out.emissions.electricity.interior_equipment.lrmer_95_decarb_by_2050_30_2023_start..co2e_kg,1577.762520121125
out.emissions.electricity.interior_equipment.lrmer_high_re_cost_15_2023_start..co2e_kg,3209.9273560072443
out.emissions.electricity.interior_equipment.lrmer_high_re_cost_30_2023_start..co2e_kg,2527.26095072026
out.emissions.electricity.interior_equipment.lrmer_low_re_cost_15_2023_start..co2e_kg,1892.2364355712527
out.emissions.electricity.interior_equipment.lrmer_low_re_cost_15_2025_start..co2e_kg,1975.0865782172375
out.emissions.electricity.interior_equipment.lrmer_low_re_cost_25_2025_start..co2e_kg,1572.4136830145617
out.emissions.electricity.interior_equipment.lrmer_low_re_cost_30_2023_start..co2e_kg,1420.1346552028365
out.emissions.electricity.interior_equipment.lrmer_mid_case_15_2023_start..co2e_kg,2373.5493097164604
out.emissions.electricity.interior_equipment.lrmer_mid_case_15_2025_start..co2e_kg,4358.093132319299
out.emissions.electricity.interior_equipment.lrmer_mid_case_25_2025_start..co2e_kg,3930.588286181317
out.emissions.electricity.interior_equipment.lrmer_mid_case_30_2023_start..co2e_kg,1963.9798309706925
out.emissions.electricity.interior_equipment_fuel_oil_ghg_emissions..co2e_kg,0.0
out.emissions.electricity.interior_equipment_natural_gas_ghg_emissions..co2e_kg,0.0
out.emissions.electricity.interior_equipment_propane_ghg_emissions..co2e_kg,0.0
out.emissions.electricity.interior_lighting.aer_95_decarb_by_2035_from_2023..co2e_kg,12368.139777251181
out.emissions.electricity.interior_lighting.aer_95_decarb_by_2050_from_2023..co2e_kg,12368.139777251181
out.emissions.electricity.interior_lighting.aer_high_re_cost_from_2023..co2e_kg,12417.477372472906
out.emissions.electricity.interior_lighting.aer_low_re_cost_from_2023..co2e_kg,12090.463227457969
out.emissions.electricity.interior_lighting.aer_mid_case_from_2023..co2e_kg,12361.103121718621
out.emissions.electricity.interior_lighting.egrid_2018_state..co2e_kg,6406.971236520061
out.emissions.electricity.interior_lighting.egrid_2018_subregion..co2e_kg,13120.729041384186
out.emissions.electricity.interior_lighting.egrid_2019_state..co2e_kg,8119.4737247484345
out.emissions.electricity.interior_lighting.egrid_2019_subregion..co2e_kg,14681.072080937758
out.emissions.electricity.interior_lighting.egrid_2020_state..co2e_kg,6966.8062486594545
out.emissions.electricity.interior_lighting.egrid_2020_subregion..co2e_kg,12313.59668644481
out.emissions.electricity.interior_lighting.egrid_2021_state..co2e_kg,6663.099170564673
out.emissions.electricity.interior_lighting.egrid_2021_subregion..co2e_kg,13022.022201605865
out.emissions.electricity.interior_lighting.lrmer_95_decarb_by_2035_15_2023_start..co2e_kg,4336.041798121145
out.emissions.electricity.interior_lighting.lrmer_95_decarb_by_2035_15_2025_start..co2e_kg,7614.701533610417
out.emissions.electricity.interior_lighting.lrmer_95_decarb_by_2035_25_2025_start..co2e_kg,5416.475791384069
out.emissions.electricity.interior_lighting.lrmer_95_decarb_by_2035_30_2023_start..co2e_kg,2640.932903910563
out.emissions.electricity.interior_lighting.lrmer_95_decarb_by_2050_15_2023_start..co2e_kg,6696.485668056823
out.emissions.electricity.interior_lighting.lrmer_95_decarb_by_2050_30_2023_start..co2e_kg,4679.670861483356
out.emissions.electricity.interior_lighting.lrmer_high_re_cost_15_2023_start..co2e_kg,9441.756249592372
out.emissions.electricity.interior_lighting.lrmer_high_re_cost_30_2023_start..co2e_kg,7435.8995697351975
out.emissions.electricity.interior_lighting.lrmer_low_re_cost_15_2023_start..co2e_kg,5647.416757049995
out.emissions.electricity.interior_lighting.lrmer_low_re_cost_15_2025_start..co2e_kg,5845.313486835487
out.emissions.electricity.interior_lighting.lrmer_low_re_cost_25_2025_start..co2e_kg,4649.345837630552
out.emissions.electricity.interior_lighting.lrmer_low_re_cost_30_2023_start..co2e_kg,4225.4039979641475
out.emissions.electricity.interior_lighting.lrmer_mid_case_15_2023_start..co2e_kg,7051.454771035777
out.emissions.electricity.interior_lighting.lrmer_mid_case_15_2025_start..co2e_kg,12839.448856102972
out.emissions.electricity.interior_lighting.lrmer_mid_case_25_2025_start..co2e_kg,11573.94303215669
out.emissions.electricity.interior_lighting.lrmer_mid_case_30_2023_start..co2e_kg,5817.967476852164
out.emissions.electricity.lrmer_95_decarb_by_2035_15_2023_start..co2e_kg,12947.902372496941
out.emissions.electricity.lrmer_95_decarb_by_2035_15_2025_start..co2e_kg,23860.3917026307
out.emissions.electricity.lrmer_95_decarb_by_2035_25_2025_start..co2e_kg,16967.9319090277
out.emissions.electricity.lrmer_95_decarb_by_2035_30_2023_start..co2e_kg,7885.7919124155715
out.emissions.electricity.lrmer_95_decarb_by_2050_15_2023_start..co2e_kg,20687.103506517382
out.emissions.electricity.lrmer_95_decarb_by_2050_30_2023_start..co2e_kg,14503.100409539837
out.emissions.electricity.lrmer_high_re_cost_15_2023_start..co2e_kg,29371.56318013024
out.emissions.electricity.lrmer_high_re_cost_30_2023_start..co2e_kg,23145.62797476831
out.emissions.electricity.lrmer_low_re_cost_15_2023_start..co2e_kg,17301.58673162907
out.emissions.electricity.lrmer_low_re_cost_15_2025_start..co2e_kg,18228.288724987167
out.emissions.electricity.lrmer_low_re_cost_25_2025_start..co2e_kg,14479.755193738842
out.emissions.electricity.lrmer_low_re_cost_30_2023_start..co2e_kg,12989.297270055273
out.emissions.electricity.lrmer_mid_case_15_2023_start..co2e_kg,21686.421067281488
out.emissions.electricity.lrmer_mid_case_15_2025_start..co2e_kg,39997.72335037211
out.emissions.electricity.lrmer_mid_case_25_2025_start..co2e_kg,36259.107525344014
out.emissions.electricity.lrmer_mid_case_30_2023_start..co2e_kg,18028.827650919735
out.emissions.electricity.refrigeration.aer_95_decarb_by_2035_from_2023..co2e_kg,0.0
out.emissions.electricity.refrigeration.aer_95_decarb_by_2050_from_2023..co2e_kg,0.0
out.emissions.electricity.refrigeration.aer_high_re_cost_from_2023..co2e_kg,0.0
out.emissions.electricity.refrigeration.aer_low_re_cost_from_2023..co2e_kg,0.0
out.emissions.electricity.refrigeration.aer_mid_case_from_2023..co2e_kg,0.0
out.emissions.electricity.refrigeration.egrid_2018_state..co2e_kg,0.0
out.emissions.electricity.refrigeration.egrid_2018_subregion..co2e_kg,0.0
out.emissions.electricity.refrigeration.egrid_2019_state..co2e_kg,0.0
out.emissions.electricity.refrigeration.egrid_2019_subregion..co2e_kg,0.0
out.emissions.electricity.refrigeration.egrid_2020_state..co2e_kg,0.0
out.emissions.electricity.refrigeration.egrid_2020_subregion..co2e_kg,0.0
out.emissions.electricity.refrigeration.egrid_2021_state..co2e_kg,0.0
out.emissions.electricity.refrigeration.egrid_2021_subregion..co2e_kg,0.0
out.emissions.electricity.refrigeration.lrmer_95_decarb_by_2035_15_2023_start..co2e_kg,0.0
out.emissions.electricity.refrigeration.lrmer_95_decarb_by_2035_15_2025_start..co2e_kg,0.0
out.emissions.electricity.refrigeration.lrmer_95_decarb_by_2035_25_2025_start..co2e_kg,0.0
out.emissions.electricity.refrigeration.lrmer_95_decarb_by_2035_30_2023_start..co2e_kg,0.0
out.emissions.electricity.refrigeration.lrmer_95_decarb_by_2050_15_2023_start..co2e_kg,0.0
out.emissions.electricity.refrigeration.lrmer_95_decarb_by_2050_30_2023_start..co2e_kg,0.0
out.emissions.electricity.refrigeration.lrmer_high_re_cost_15_2023_start..co2e_kg,0.0
out.emissions.electricity.refrigeration.lrmer_high_re_cost_30_2023_start..co2e_kg,0.0
out.emissions.electricity.refrigeration.lrmer_low_re_cost_15_2023_start..co2e_kg,0.0
out.emissions.electricity.refrigeration.lrmer_low_re_cost_15_2025_start..co2e_kg,0.0
out.emissions.electricity.refrigeration.lrmer_low_re_cost_25_2025_start..co2e_kg,0.0
out.emissions.electricity.refrigeration.lrmer_low_re_cost_30_2023_start..co2e_kg,0.0
out.emissions.electricity.refrigeration.lrmer_mid_case_15_2023_start..co2e_kg,0.0
out.emissions.electricity.refrigeration.lrmer_mid_case_15_2025_start..co2e_kg,0.0
out.emissions.electricity.refrigeration.lrmer_mid_case_25_2025_start..co2e_kg,0.0
out.emissions.electricity.refrigeration.lrmer_mid_case_30_2023_start..co2e_kg,0.0
out.emissions.electricity.water_systems.aer_95_decarb_by_2035_from_2023..co2e_kg,1107.2006354224648
out.emissions.electricity.water_systems.aer_95_decarb_by_2050_from_2023..co2e_kg,1107.2006354224648
out.emissions.electricity.water_systems.aer_high_re_cost_from_2023..co2e_kg,1111.9884480755488
out.emissions.electricity.water_systems.aer_low_re_cost_from_2023..co2e_kg,1082.6704610048403
out.emissions.electricity.water_systems.aer_mid_case_from_2023..co2e_kg,1106.6712833333113
out.emissions.electricity.water_systems.egrid_2018_state..co2e_kg,583.163547556185
out.emissions.electricity.water_systems.egrid_2018_subregion..co2e_kg,1194.250857672491
out.emissions.electricity.water_systems.egrid_2019_state..co2e_kg,739.0357981668303
out.emissions.electricity.water_systems.egrid_2019_subregion..co2e_kg,1336.2735309075424
out.emissions.electricity.water_systems.egrid_2020_state..co2e_kg,634.1198199777689
out.emissions.electricity.water_systems.egrid_2020_subregion..co2e_kg,1120.7855415226593
out.emissions.electricity.water_systems.egrid_2021_state..co2e_kg,606.4763531130925
out.emissions.electricity.water_systems.egrid_2021_subregion..co2e_kg,1185.2665453151828
out.emissions.electricity.water_systems.lrmer_95_decarb_by_2035_15_2023_start..co2e_kg,330.3487060070507
out.emissions.electricity.water_systems.lrmer_95_decarb_by_2035_15_2025_start..co2e_kg,663.0837638137681
out.emissions.electricity.water_systems.lrmer_95_decarb_by_2035_25_2025_start..co2e_kg,471.4755182634
out.emissions.electricity.water_systems.lrmer_95_decarb_by_2035_30_2023_start..co2e_kg,201.19807867999384
out.emissions.electricity.water_systems.lrmer_95_decarb_by_2050_15_2023_start..co2e_kg,550.0296568379383
out.emissions.electricity.water_systems.lrmer_95_decarb_by_2050_30_2023_start..co2e_kg,387.40599797306567
out.emissions.electricity.water_systems.lrmer_high_re_cost_15_2023_start..co2e_kg,821.3198380588549
out.emissions.electricity.water_systems.lrmer_high_re_cost_30_2023_start..co2e_kg,645.426819934113
out.emissions.electricity.water_systems.lrmer_low_re_cost_15_2023_start..co2e_kg,448.3112667188728
out.emissions.electricity.water_systems.lrmer_low_re_cost_15_2025_start..co2e_kg,495.1935757917617
out.emissions.electricity.water_systems.lrmer_low_re_cost_25_2025_start..co2e_kg,395.57875660606356
out.emissions.electricity.water_systems.lrmer_low_re_cost_30_2023_start..co2e_kg,342.15411050338946
out.emissions.electricity.water_systems.lrmer_mid_case_15_2023_start..co2e_kg,576.5228254287376
out.emissions.electricity.water_systems.lrmer_mid_case_15_2025_start..co2e_kg,1106.548088812802
out.emissions.electricity.water_systems.lrmer_mid_case_25_2025_start..co2e_kg,999.5815455544248
out.emissions.electricity.water_systems.lrmer_mid_case_30_2023_start..co2e_kg,483.98359307909175
out.emissions.fuel_oil..co2e_kg,0.0
out.emissions.fuel_oil.enduse_group.hvac..co2e_kg,0.0
out.emissions.fuel_oil.heating..co2e_kg,0.0
out.emissions.fuel_oil.water_systems..co2e_kg,0.0
out.emissions.natural_gas..co2e_kg,1629.5235527776592
out.emissions.natural_gas.enduse_group.hvac..co2e_kg,1629.5235527776592
out.emissions.natural_gas.heating..co2e_kg,1629.5235527776592
out.emissions.natural_gas.water_systems..co2e_kg,0.0
out.emissions.propane..co2e_kg,0.0
out.emissions.propane.enduse_group.hvac..co2e_kg,0.0
out.emissions.propane.heating..co2e_kg,0.0
out.emissions.propane.water_systems..co2e_kg,0.0
out.utility_bills.electricity_bill_intensity..usd_per_ft2,1.498
out.utility_bills.electricity_bill_max..usd,14859.0
out.utility_bills.electricity_bill_mean..usd,11235.0
out.utility_bills.electricity_bill_median..usd,10051.0
out.utility_bills.electricity_bill_min..usd,8795.0
out.utility_bills.electricity_bill_number_of_rates..usd,3.0
out.utility_bills.electricity_energy_rate..usd_per_kwh,0.079064039408867
out.utility_bills.electricity_utility_eia_id,13788
out.utility_bills.fuel_oil_bill..usd,
out.utility_bills.fuel_oil_bill_intensity..usd_per_ft2,
out.utility_bills.fuel_oil_rate_name,
out.utility_bills.natural_gas_bill..usd,244.0
out.utility_bills.natural_gas_bill_intensity..usd_per_ft2,0.03253333333333333
out.utility_bills.natural_gas_energy_rate..usd_per_kwh,0.03413913719393704
out.utility_bills.natural_gas_rate_name,EIA 2022 Average Commercial Natural Gas Price for OR
out.utility_bills.propane_bill..usd,
out.utility_bills.propane_bill_intensity..usd_per_ft2,
out.utility_bills.propane_rate_name,
out.params.air_system_fan_power_minimum_flow_fraction,0.25
out.params.air_system_fan_static_pressure..inwc,6.320581273468002
out.params.air_system_fan_total_efficiency,0.5856668915071646
out.params.area_fraction_with_dcv,0.0
out.params.area_fraction_with_economizer,1.0000000000000002
out.params.area_fraction_with_heat_recovery,0.0
out.params.area_fraction_with_motorized_oa_damper,1.0000000000000002
out.params.area_fraction_with_mz_vav_optimization,0.0
out.params.area_fraction_with_supply_air_temperature_reset,0.0
out.params.area_fraction_with_unoccupied_shutdown,1.0000000000000002
out.params.average_cooling_setpoint_max..c,26.111111111111104
out.params.average_cooling_setpoint_min..c,22.2222222222223
out.params.average_heating_setpoint_max..c,18.888888888888896
out.params.average_heating_setpoint_min..c,14.444444444444498
out.params.average_outdoor_air_fraction,0.46743657392131555
out.params.average_roof_absorptance,0.6999999999999998
out.params.average_roof_u_value..btu_per_ft2_f_hr,0.07604535914548438
out.params.average_wall_u_value..btu_per_ft2_f_hr,0.16101592256526573
out.params.average_window_shgc,0.685
out.params.average_window_u_value..btu_per_ft2_f_hr,0.9094320399999999
out.params.average_window_vlt,0.725
out.params.boiler_average_efficiency,0.0
out.params.boiler_cap_weight_efficiency,0.0
out.params.boiler_capacity..kbtu_per_hr,0.0
out.params.boiler_electric..j,0.0
out.params.boiler_gas..j,0.0
out.params.boiler_load..j,0.0
out.params.boiler_load_weight_efficiency,0.0
out.params.boiler_other_fuel..j,0.0
out.params.booster_water_heater_electric..j,0.0
out.params.booster_water_heater_gas..j,0.0
out.params.broiler_fuel_type,Gas
out.params.building_fraction_cooled,1.0
out.params.building_fraction_heated,1.0
out.params.cdd50f,3670.5587946428436
out.params.cdd65f,1250.753906249993
out.params.chiller_average_cop..cop,0.0
out.params.chiller_capacity..tons,0.0
out.params.cooling_equipment_capacity..tons,30.38545779228812
out.params.daylight_control_fraction,0.0
out.params.design_chiller_cop..cop,0.0
out.params.design_outdoor_air_flow_rate..m3_per_m2_s,0.0015240000000000002
out.params.dining_type,Burger B
out.params.dx_cooling_average_cop..cop,3.5613562668000154
out.params.dx_cooling_capacity_tons..tons,30.38545779228812
out.params.dx_cooling_design_cop..cop,3.2701738368741338
out.params.dx_cooling_design_eer_135_to_240_kbtuh..eer,0.0
out.params.dx_cooling_design_eer_240_to_760_kbtuh..eer,0.0
out.params.dx_cooling_design_eer_65_to_135_kbtuh..eer,0.0
out.params.dx_cooling_design_eer_760_plus_kbtuh..eer,0.0
out.params.dx_cooling_design_ieer_135_to_240_kbtuh..ieer,0.0
out.params.dx_cooling_design_ieer_240_to_760_kbtuh..ieer,0.0
out.params.dx_cooling_design_ieer_65_to_135_kbtuh..ieer,0.0
out.params.dx_cooling_design_ieer_760_plus_kbtuh..ieer,0.0
out.params.dx_cooling_design_seer_0_to_30_kbtuh..seer,0.0
out.params.dx_cooling_design_seer_30_to_65_kbtuh..seer,0.0
out.params.dx_cooling_electric..j,79503115840.10042
out.params.dx_cooling_load..j,283134887511.31464
out.params.dx_heating_average_cop..cop,0.0
out.params.dx_heating_average_minimum_operating_temperature..c,0.0
out.params.dx_heating_average_total_cop..cop,0.0
out.params.dx_heating_capacity_at_0f..kbtu_per_hr,0.0
out.params.dx_heating_capacity_at_17f..kbtu_per_hr,0.0
out.params.dx_heating_capacity_at_5f..kbtu_per_hr,0.0
out.params.dx_heating_capacity_at_rated..kbtu_per_hr,0.0
out.params.dx_heating_defrost_energy..kbtu,0.0
out.params.dx_heating_design_cop..cop,0.0
out.params.dx_heating_design_cop_0f..cop,0.0
out.params.dx_heating_design_cop_135_to_240_kbtuh..cop,0.0
out.params.dx_heating_design_cop_17f..cop,0.0
out.params.dx_heating_design_cop_240_plus_kbtuh..cop,0.0
out.params.dx_heating_design_cop_5f..cop,0.0
out.params.dx_heating_design_cop_65_to_135_kbtuh..cop,0.0
out.params.dx_heating_design_hspf_0_to_30_kbtuh..hspf,0.0
out.params.dx_heating_design_hspf_30_to_65_kbtuh..hspf,0.0
out.params.dx_heating_fraction_electric_defrost,0.0
out.params.dx_heating_fraction_electric_supplemental,0.0
out.params.dx_heating_fraction_supplemental,0.0
out.params.dx_heating_hours_below_minus_20f..hr,0.0
out.params.dx_heating_ratio_defrost,0.0
out.params.dx_heating_supplemental_capacity..kbtu_per_hr,0.0
out.params.dx_heating_supplemental_capacity_electric..kbtu_per_hr,0.0
out.params.dx_heating_supplemental_capacity_gas..kbtu_per_hr,0.0
out.params.dx_heating_total_dx_electric..j,0.0
out.params.dx_heating_total_dx_load..j,0.0
out.params.dx_heating_total_load..j,0.0
out.params.dx_heating_total_supplemental_electric..j,0.0
out.params.dx_heating_total_supplemental_gas..j,0.0
out.params.dx_heating_total_supplemental_load..j,0.0
out.params.dx_heating_total_supplemental_load_electric..j,0.0
out.params.dx_heating_total_supplemental_load_gas..j,0.0
out.params.economizer_control_type,FixedDryBulb
out.params.economizer_high_limit_enthalpy..j_per_kg,-999.0
out.params.economizer_high_limit_temperature..c,23.8888888888889
out.params.elevator_energy_consumption..kwh,1113.888888888889
out.params.ext_roof_area..m2,348.3863999999986
out.params.ext_wall_area..m2,771.4158934837501
out.params.ext_window_area..m2,49.24
out.params.exterior_lighting_power..w,1790.98
out.params.fluid_hx_demand_inlet_temp..c,-999.0
out.params.fluid_hx_demand_outlet_temp..c,-999.0
out.params.fluid_hx_supply_inlet_temp..c,-999.0
out.params.fluid_hx_supply_outlet_temp..c,-999.0
out.params.fluid_hx_transfer_energy..j,0.0
out.params.fryer_fuel_type,Gas
out.params.furnace_capacity..kbtu_per_hr,78.35316492195135
out.params.gas_coil_average_efficiency,0.8
out.params.ghx_borehole_depth..ft,0.0
out.params.ghx_flow_rate..ft3_per_min,0.0
out.params.ghx_num_boreholes,0.0
out.params.griddle_fuel_type,Gas
out.params.hdd50f,1467.0843571428668
out.params.hdd65f,4522.279468750016
out.params.heat_pump_cooling_average_cop..cop,0.0
out.params.heat_pump_cooling_cap_weight_cop..cop,0.0
out.params.heat_pump_cooling_capacity..kbtu_per_hr,0.0
out.params.heat_pump_cooling_load_weight_cop..cop,0.0
out.params.heat_pump_cooling_source_inlet_temp..c,-999.0
out.params.heat_pump_cooling_total_electric..j,0.0
out.params.heat_pump_cooling_total_load..j,0.0
out.params.heat_pump_heating_average_cop..cop,0.0
out.params.heat_pump_heating_cap_weight_cop..cop,0.0
out.params.heat_pump_heating_capacity..kbtu_per_hr,0.0
out.params.heat_pump_heating_load_weight_cop..cop,0.0
out.params.heat_pump_heating_source_inlet_temp..c,-999.0
out.params.heat_pump_heating_total_electric..j,0.0
out.params.heat_pump_heating_total_load..j,0.0
out.params.heating_equipment..kbtu_per_hr,78.35316492195135
out.params.hot_water_loop_boiler_fraction,0.0
out.params.hot_water_loop_heat_pump_fraction,0.0
out.params.hot_water_loop_load..j,0.0
out.params.hot_water_volume..m3,40.53157135140154
out.params.hours_above_65f..hr,2576.0
out.params.hours_below_0f..hr,0.0
out.params.hours_below_17f..hr,4.0
out.params.hours_below_50f..hr,3597.0
out.params.hours_below_5f..hr,0.0
out.params.hours_cooling_setpoint_not_met..hr,245.75
out.params.hours_heating_setpoint_not_met..hr,446.75
out.params.hp_water_heater_0_to_40_gal_capacity..w,0.0
out.params.hp_water_heater_0_to_40_gal_cop..cop,0.0
out.params.hp_water_heater_0_to_40_gal_count,0.0
out.params.hp_water_heater_0_to_40_gal_total_volume..gal,0.0
out.params.hp_water_heater_40_to_65_gal_capacity..w,0.0
out.params.hp_water_heater_40_to_65_gal_cop..cop,0.0
out.params.hp_water_heater_40_to_65_gal_count,0.0
out.params.hp_water_heater_40_to_65_gal_total_volume..gal,0.0
out.params.hp_water_heater_65_to_90_gal_capacity..w,0.0
out.params.hp_water_heater_65_to_90_gal_cop..cop,0.0
out.params.hp_water_heater_65_to_90_gal_count,0.0
out.params.hp_water_heater_65_to_90_gal_total_volume..gal,0.0
out.params.hp_water_heater_90_plus_capacity..w,0.0
out.params.hp_water_heater_90_plus_gal_cop..cop,0.0
out.params.hp_water_heater_90_plus_gal_count,0.0
out.params.hp_water_heater_90_plus_gal_total_volume..gal,0.0
out.params.hp_water_heater_backup_electric..j,0.0
out.params.hp_water_heater_capacity..w,0.0
out.params.hp_water_heater_cop..cop,0.0
out.params.hp_water_heater_count,0.0
out.params.hp_water_heater_heat_pump_electric..j,0.0
out.params.hp_water_heater_heat_pump_output..j,0.0
out.params.hp_water_heater_tank_output..j,0.0
out.params.hp_water_heater_total_electric..j,0.0
out.params.hp_water_heater_total_output..j,0.0
out.params.hp_water_heater_total_volume..gal,0.0
out.params.hp_water_heater_unmet_heat_transfer_demand..j,0.0
out.params.hvac_count_boilers,0.0
out.params.hvac_count_boilers_0_to_300_kbtuh,0.0
out.params.hvac_count_boilers_2500_plus_kbtuh,0.0
out.params.hvac_count_boilers_300_to_2500_kbtuh,0.0
out.params.hvac_count_chillers_0_to_75_tons,0.0
out.params.hvac_count_chillers_150_to_300_tons,0.0
out.params.hvac_count_chillers_300_to_600_tons,0.0
out.params.hvac_count_chillers_600_plus_tons,0.0
out.params.hvac_count_chillers_75_to_150_tons,0.0
out.params.hvac_count_dx_cooling_0_to_30_kbtuh,0.0
out.params.hvac_count_dx_cooling_135_to_240_kbtuh,2.0
out.params.hvac_count_dx_cooling_240_to_760_kbtuh,0.0
out.params.hvac_count_dx_cooling_30_to_65_kbtuh,0.0
out.params.hvac_count_dx_cooling_65_to_135_kbtuh,0.0
out.params.hvac_count_dx_cooling_760_plus_kbtuh,0.0
out.params.hvac_count_dx_heating_0_to_30_kbtuh,0.0
out.params.hvac_count_dx_heating_135_to_240_kbtuh,0.0
out.params.hvac_count_dx_heating_240_plus_kbtuh,0.0
out.params.hvac_count_dx_heating_30_to_65_kbtuh,0.0
out.params.hvac_count_dx_heating_65_to_135_kbtuh,0.0
out.params.hvac_count_furnace_0_to_30_kbtuh,0.0
out.params.hvac_count_furnace_135_to_240_kbtuh,0.0
out.params.hvac_count_furnace_240_plus_kbtuh,0.0
out.params.hvac_count_furnace_30_to_65_kbtuh,2.0
out.params.hvac_count_furnace_65_to_135_kbtuh,0.0
out.params.hvac_count_heat_pumps_cooling,0.0
out.params.hvac_count_heat_pumps_heating,0.0
out.params.hvac_count_heat_pumps_heating_0_to_300_kbtuh,0.0
out.params.hvac_count_heat_pumps_heating_2500_plus_kbtuh,0.0
out.params.hvac_count_heat_pumps_heating_300_to_2500_kbtuh,0.0
out.params.interior_electric_equipment_eflh..hr,5338.67667556164
out.params.interior_electric_equipment_power_density..w_per_ft2,0.3566565630000003
out.params.interior_lighting_eflh..hr,8180.69707261847
out.params.interior_lighting_power_density..w_per_ft2,0.7328029447880937
out.params.internal_mass_area_ratio,2.0
out.params.non_hp_water_heater_0_to_40_gal_count,0.0
out.params.non_hp_water_heater_0_to_40_gal_total_volume..gal,0.0
out.params.non_hp_water_heater_40_to_65_gal_count,2.0
out.params.non_hp_water_heater_40_to_65_gal_total_volume..gal,100.0
out.params.non_hp_water_heater_65_to_90_gal_count,0.0
out.params.non_hp_water_heater_65_to_90_gal_total_volume..gal,0.0
out.params.non_hp_water_heater_90_plus_gal_count,1.0
out.params.non_hp_water_heater_90_plus_gal_total_volume..gal,100.0
out.params.non_hp_water_heater_count,3.0
out.params.non_hp_water_heater_electric..j,14732492924.139992
out.params.non_hp_water_heater_gas..j,0.0
out.params.non_hp_water_heater_other_fuel..j,0.0
out.params.non_hp_water_heater_total_volume_gal..gal,200.0
out.params.non_hp_water_heater_unmet_heat_transfer_demand..j,0.0
out.params.num_air_loops,2.0
out.params.num_air_loops_dcv,0.0
out.params.num_air_loops_economizer,2.0
out.params.num_air_loops_heat_recovery,0.0
out.params.num_broilers,0
out.params.num_errors,0.0
out.params.num_fryers,0
out.params.num_griddles,0
out.params.num_ovens,0
out.params.num_ranges,0
out.params.num_steamers,0
out.params.num_warnings,927843.0
out.params.number_of_spaces,21.0
out.params.number_of_surfaces,126.0
out.params.number_of_zones,21.0
out.params.occupant_density_ppl_per_m_2..people_per_m2,0.161458656250646
out.params.occupant_eflh..hr,2030.2549193548484
out.params.oven_fuel_type,Gas
out.params.range_fuel_type,Gas
out.params.smallest_space_floor_area..m2,18.535926546601136
out.params.steamer_fuel_type,Gas
out.params.vrf_area_average_indoor_unit_cooling_capacity..w,0.0
out.params.vrf_area_average_indoor_unit_heating_capacity..w,0.0
out.params.vrf_average_line_height..m,0.0
out.params.vrf_average_line_length..m,0.0
out.params.vrf_average_num_compressors,0.0
out.params.vrf_average_outdoor_unit_cooling_capacity..w,0.0
out.params.vrf_average_outdoor_unit_heating_capacity..w,0.0
out.params.vrf_cooling_average_cop,0.0
out.params.vrf_cooling_design_cop,0.0
out.params.vrf_cooling_design_cop_110f,0.0
out.params.vrf_cooling_design_cop_35f,0.0
out.params.vrf_cooling_design_cop_60f,0.0
out.params.vrf_cooling_design_cop_85f,0.0
out.params.vrf_heating_average_cop,0.0
out.params.vrf_heating_average_total_cop,0.0
out.params.vrf_heating_design_cop,0.0
out.params.vrf_heating_design_cop_0f,0.0
out.params.vrf_heating_design_cop_20f,0.0
out.params.vrf_heating_design_cop_40f,0.0
out.params.vrf_heating_design_cop_minus22f,0.0
out.params.vrf_heating_fraction_supplemental,0.0
out.params.vrf_heating_total_supplemental_electric..j,0.0
out.params.vrf_heating_total_supplemental_gas..j,0.0
out.params.vrf_heating_total_supplemental_load..j,0.0
out.params.vrf_heating_total_supplemental_load_electric..j,0.0
out.params.vrf_heating_total_supplemental_load_gas..j,0.0
out.params.vrf_indoor_unit_count,0.0
out.params.vrf_outdoor_unit_count,0.0
out.params.vrf_temperature_type,
out.params.vrf_total_cooling_load..j,0.0
out.params.vrf_total_heat_recovery..j,0.0
out.params.vrf_total_heating_load..j,0.0
out.params.vrf_total_indoor_unit_cooling_capacity..w,0.0
out.params.vrf_total_indoor_unit_heating_capacity..w,0.0
out.params.vrf_total_outdoor_unit_cooling_capacity..w,0.0
out.params.vrf_total_outdoor_unit_heating_capacity..w,0.0
out.params.wa_hp_cooling_average_cop..cop,0.0
out.params.wa_hp_cooling_capacity..w,0.0
out.params.wa_hp_cooling_design_cop..cop,0.0
out.params.wa_hp_cooling_electric..j,0.0
out.params.wa_hp_cooling_load..j,0.0
out.params.wa_hp_heating_average_cop..cop,0.0
out.params.wa_hp_heating_capacity..w,0.0
out.params.wa_hp_heating_design_cop..cop,0.0
out.params.wa_hp_heating_electric..j,0.0
out.params.wa_hp_heating_load..j,0.0
out.params.window_to_wall_ratio,0.06
out.params.zone_hvac_fan_power_minimum_flow_fraction,0.0
out.params.zone_hvac_fan_static_pressure..inwc,0.0
out.params.zone_hvac_fan_total_efficiency,0.0
calc.emissions.total_with_cambium_mid_case_15y..co2e_kg,14577.4259252746
calc.emissions.total_with_egrid..co2e_kg,42785.89116670669
calc.enduse_group.district_cooling.hvac.energy_consumption..kwh,0.0
calc.enduse_group.district_heating.hvac.energy_consumption..kwh,0.0
calc.enduse_group.district_heating.water_systems.energy_consumption..kwh,0.0
calc.enduse_group.electricity.hvac.energy_consumption..kwh,69844.44444444444
calc.enduse_group.electricity.interior_equipment.energy_consumption..kwh,15397.222222222223
calc.enduse_group.electricity.lighting.energy_consumption..kwh,52766.666666666664
calc.enduse_group.electricity.refrigeration.energy_consumption..kwh,0.0
calc.enduse_group.electricity.water_systems.energy_consumption..kwh,4091.6666666666665
calc.enduse_group.natural_gas.hvac.energy_consumption..kwh,7147.222222222222
calc.enduse_group.natural_gas.interior_equipment.energy_consumption..kwh,0.0
calc.enduse_group.natural_gas.water_systems.energy_consumption..kwh,0.0
calc.enduse_group.other_fuel.hvac.energy_consumption..kwh,0.0
calc.enduse_group.other_fuel.interior_equipment.energy_consumption..kwh,0.0
calc.enduse_group.other_fuel.water_systems.energy_consumption..kwh,0.0
calc.enduse_group.site_energy.cooling.energy_consumption..kwh,22083.333333333332
calc.enduse_group.site_energy.heating.energy_consumption..kwh,45799.99999999999
calc.enduse_group.site_energy.hvac.energy_consumption..kwh,76991.66666666666
calc.enduse_group.site_energy.interior_equipment.energy_consumption..kwh,15397.222222222223
calc.enduse_group.site_energy.lighting.energy_consumption..kwh,52766.666666666664
calc.enduse_group.site_energy.refrigeration.energy_consumption..kwh,0.0
calc.enduse_group.site_energy.water_systems.energy_consumption..kwh,4091.6666666666665
calc.percent_savings.district_cooling.cooling.energy_consumption..percent,0.0
calc.percent_savings.district_cooling.cooling.energy_consumption_intensity..percent,0.0
calc.percent_savings.district_cooling.total.energy_consumption..percent,0.0
calc.percent_savings.district_cooling.total.energy_consumption_intensity..percent,0.0
calc.percent_savings.district_heating.cooling.energy_consumption..percent,0.0
calc.percent_savings.district_heating.cooling.energy_consumption_intensity..percent,0.0
calc.percent_savings.district_heating.heating.energy_consumption..percent,0.0
calc.percent_savings.district_heating.heating.energy_consumption_intensity..percent,0.0
calc.percent_savings.district_heating.total.energy_consumption..percent,0.0
calc.percent_savings.district_heating.total.energy_consumption_intensity..percent,0.0
calc.percent_savings.district_heating.water_systems.energy_consumption..percent,0.0
calc.percent_savings.district_heating.water_systems.energy_consumption_intensity..percent,0.0
calc.percent_savings.electricity.cooling.energy_consumption..percent,0.0
calc.percent_savings.electricity.cooling.energy_consumption_intensity..percent,0.0
calc.percent_savings.electricity.exterior_lighting.energy_consumption..percent,0.0
calc.percent_savings.electricity.exterior_lighting.energy_consumption_intensity..percent,0.0
calc.percent_savings.electricity.fans.energy_consumption..percent,0.0
calc.percent_savings.electricity.fans.energy_consumption_intensity..percent,0.0
calc.percent_savings.electricity.heat_recovery.energy_consumption..percent,0.0
calc.percent_savings.electricity.heat_recovery.energy_consumption_intensity..percent,0.0
calc.percent_savings.electricity.heat_rejection.energy_consumption..percent,0.0
calc.percent_savings.electricity.heat_rejection.energy_consumption_intensity..percent,0.0
calc.percent_savings.electricity.heating.energy_consumption..percent,0.0
calc.percent_savings.electricity.heating.energy_consumption_intensity..percent,0.0
calc.percent_savings.electricity.interior_equipment.energy_consumption..percent,0.0
calc.percent_savings.electricity.interior_equipment.energy_consumption_intensity..percent,0.0
calc.percent_savings.electricity.interior_lighting.energy_consumption..percent,0.0
calc.percent_savings.electricity.interior_lighting.energy_consumption_intensity..percent,0.0
calc.percent_savings.electricity.pumps.energy_consumption..percent,0.0
calc.percent_savings.electricity.pumps.energy_consumption_intensity..percent,0.0
calc.percent_savings.electricity.refrigeration.energy_consumption..percent,0.0
calc.percent_savings.electricity.refrigeration.energy_consumption_intensity..percent,0.0
calc.percent_savings.electricity.total.energy_consumption..percent,0.0
calc.percent_savings.electricity.total.energy_consumption_intensity..percent,0.0
calc.percent_savings.electricity.water_systems.energy_consumption..percent,0.0
calc.percent_savings.electricity.water_systems.energy_consumption_intensity..percent,0.0
calc.percent_savings.natural_gas.cooling.energy_consumption..percent,0.0
calc.percent_savings.natural_gas.cooling.energy_consumption_intensity..percent,0.0
calc.percent_savings.natural_gas.heating.energy_consumption..percent,0.0
calc.percent_savings.natural_gas.heating.energy_consumption_intensity..percent,0.0
calc.percent_savings.natural_gas.interior_equipment.energy_consumption..percent,0.0
calc.percent_savings.natural_gas.interior_equipment.energy_consumption_intensity..percent,0.0
calc.percent_savings.natural_gas.total.energy_consumption..percent,0.0
calc.percent_savings.natural_gas.total.energy_consumption_intensity..percent,0.0
calc.percent_savings.natural_gas.water_systems.energy_consumption..percent,0.0
calc.percent_savings.natural_gas.water_systems.energy_consumption_intensity..percent,0.0
calc.percent_savings.other_fuel.cooling.energy_consumption..percent,0.0
calc.percent_savings.other_fuel.cooling.energy_consumption_intensity..percent,0.0
calc.percent_savings.other_fuel.heating.energy_consumption..percent,0.0
calc.percent_savings.other_fuel.heating.energy_consumption_intensity..percent,0.0
calc.percent_savings.other_fuel.interior_equipment.energy_consumption..percent,0.0
calc.percent_savings.other_fuel.interior_equipment.energy_consumption_intensity..percent,0.0
calc.percent_savings.other_fuel.total.energy_consumption..percent,0.0
calc.percent_savings.other_fuel.total.energy_consumption_intensity..percent,0.0
calc.percent_savings.other_fuel.water_systems.energy_consumption..percent,0.0
calc.percent_savings.other_fuel.water_systems.energy_consumption_intensity..percent,0.0
calc.percent_savings.site_energy.total.energy_consumption..percent,0.0
calc.percent_savings.site_energy.total.energy_consumption_intensity..percent,0.0
calc.segment,G: Buildings with Furnace-Based Multizone Systems
calc.weighted.district_cooling.cooling.energy_consumption..tbtu,0.0
calc.weighted.district_cooling.total.energy_consumption..tbtu,0.0
calc.weighted.district_heating.cooling.energy_consumption..tbtu,0.0
calc.weighted.district_heating.heating.energy_consumption..tbtu,0.0
calc.weighted.district_heating.total.energy_consumption..tbtu,0.0
calc.weighted.district_heating.water_systems.energy_consumption..tbtu,0.0
calc.weighted.electricity.cooling.energy_consumption..tbtu,0.00014095637328941977
calc.weighted.electricity.exterior_lighting.energy_consumption..tbtu,4.982231559034838e-05
calc.weighted.electricity.fans.energy_consumption..tbtu,5.813785509635314e-05
calc.weighted.electricity.heat_recovery.energy_consumption..tbtu,0.0
calc.weighted.electricity.heat_rejection.energy_consumption..tbtu,0.0
calc.weighted.electricity.heating.energy_consumption..tbtu,0.0002467179791600347
calc.weighted.electricity.interior_equipment.energy_consumption..tbtu,9.82793933513527e-05
calc.weighted.electricity.interior_lighting.energy_consumption..tbtu,0.00028698362994497464
calc.weighted.electricity.pumps.energy_consumption..tbtu,0.0
calc.weighted.electricity.refrigeration.energy_consumption..tbtu,0.0
calc.weighted.electricity.total.energy_consumption..tbtu,0.0009070143688042211
calc.weighted.electricity.water_systems.energy_consumption..tbtu,2.6116822371737777e-05
calc.weighted.emissions.electricity.egrid_2021_subregion..co2e_mmt,7.698924791422816e-05
calc.weighted.emissions.electricity.lrmer_high_re_cost_15_2023_start..co2e_mmt,5.494397806229494e-05
calc.weighted.emissions.electricity.lrmer_low_re_cost_15_2023_start..co2e_mmt,3.236525056550652e-05
calc.weighted.emissions.fuel_oil..co2e_mmt,0.0
calc.weighted.emissions.natural_gas..co2e_mmt,3.0482717513781166e-06
calc.weighted.emissions.propane..co2e_mmt,0.0
calc.weighted.emissions.total_with_cambium_mid_case_15y..co2e_mmt,2.7269293272918187e-05
calc.weighted.emissions.total_with_egrid..co2e_mmt,8.003751966560628e-05
calc.weighted.enduse_group.district_cooling.hvac.energy_consumption..tbtu,0.0
calc.weighted.enduse_group.district_heating.hvac.energy_consumption..tbtu,0.0
calc.weighted.enduse_group.district_heating.interior_equipment.energy_consumption..tbtu,0.0
calc.weighted.enduse_group.district_heating.water_systems.energy_consumption..tbtu,0.0
calc.weighted.enduse_group.electricity.hvac.emissions.egrid_2021_subregion..co2e_mmt,3.784145847125172e-05
calc.weighted.enduse_group.electricity.hvac.energy_consumption..tbtu,0.00044581220754580765
calc.weighted.enduse_group.electricity.interior_equipment.emissions.egrid_2021_subregion..co2e_mmt,8.342157345933355e-06
calc.weighted.enduse_group.electricity.interior_equipment.energy_consumption..tbtu,9.82793933513527e-05
calc.weighted.enduse_group.electricity.lighting.emissions.egrid_2021_subregion..co2e_mmt,2.8588782418067833e-05
calc.weighted.enduse_group.electricity.lighting.energy_consumption..tbtu,0.000336805945535323
calc.weighted.enduse_group.electricity.refrigeration.emissions.egrid_2021_subregion..co2e_mmt,0.0
calc.weighted.enduse_group.electricity.refrigeration.energy_consumption..tbtu,0.0
calc.weighted.enduse_group.electricity.water_systems.emissions.egrid_2021_subregion..co2e_mmt,2.216849678975254e-06
calc.weighted.enduse_group.electricity.water_systems.energy_consumption..tbtu,2.6116822371737777e-05
calc.weighted.enduse_group.natural_gas.hvac.emissions..co2e_mmt,3.0482717513781166e-06
calc.weighted.enduse_group.natural_gas.hvac.energy_consumption..tbtu,4.562021993379586e-05
calc.weighted.enduse_group.natural_gas.interior_equipment.emissions..co2e_mmt,0.0
calc.weighted.enduse_group.natural_gas.interior_equipment.energy_consumption..tbtu,0.0
calc.weighted.enduse_group.natural_gas.water_systems.emissions..co2e_mmt,0.0
calc.weighted.enduse_group.natural_gas.water_systems.energy_consumption..tbtu,0.0
calc.weighted.enduse_group.other_fuel.hvac.emissions..co2e_mmt,0.0
calc.weighted.enduse_group.other_fuel.hvac.energy_consumption..tbtu,0.0
calc.weighted.enduse_group.other_fuel.interior_equipment.emissions..co2e_mmt,0.0
calc.weighted.enduse_group.other_fuel.interior_equipment.energy_consumption..tbtu,0.0
calc.weighted.enduse_group.other_fuel.water_systems.emissions..co2e_mmt,0.0
calc.weighted.enduse_group.other_fuel.water_systems.energy_consumption..tbtu,0.0
calc.weighted.enduse_group.site_energy.hvac.emissions..co2e_mmt,4.128868827954381e-05
calc.weighted.enduse_group.site_energy.hvac.energy_consumption..tbtu,0.0004914324274796035
calc.weighted.enduse_group.site_energy.interior_equipment.emissions..co2e_mmt,8.257141795053988e-06
calc.weighted.enduse_group.site_energy.interior_equipment.energy_consumption..tbtu,9.82793933513527e-05
calc.weighted.enduse_group.site_energy.lighting.emissions..co2e_mmt,2.8297431993297047e-05
calc.weighted.enduse_group.site_energy.lighting.energy_consumption..tbtu,0.000336805945535323
calc.weighted.enduse_group.site_energy.refrigeration.emissions..co2e_mmt,0.0
calc.weighted.enduse_group.site_energy.refrigeration.energy_consumption..tbtu,0.0
calc.weighted.enduse_group.site_energy.water_systems.emissions..co2e_mmt,2.194257597711442e-06
calc.weighted.enduse_group.site_energy.water_systems.energy_consumption..tbtu,2.6116822371737777e-05
calc.weighted.natural_gas.cooling.energy_consumption..tbtu,0.0
calc.weighted.natural_gas.heating.energy_consumption..tbtu,4.562021993379586e-05
calc.weighted.natural_gas.interior_equipment.energy_consumption..tbtu,0.0
calc.weighted.natural_gas.total.energy_consumption..tbtu,4.562021993379586e-05
calc.weighted.natural_gas.water_systems.energy_consumption..tbtu,0.0
calc.weighted.other_fuel.cooling.energy_consumption..tbtu,0.0
calc.weighted.other_fuel.heating.energy_consumption..tbtu,0.0
calc.weighted.other_fuel.interior_equipment.energy_consumption..tbtu,0.0
calc.weighted.other_fuel.total.energy_consumption..tbtu,0.0
calc.weighted.other_fuel.water_systems.energy_consumption..tbtu,0.0
calc.weighted.savings.district_cooling.cooling.energy_consumption..tbtu,0.0
calc.weighted.savings.district_cooling.total.energy_consumption..tbtu,0.0
calc.weighted.savings.district_heating.cooling.energy_consumption..tbtu,0.0
calc.weighted.savings.district_heating.heating.energy_consumption..tbtu,0.0
calc.weighted.savings.district_heating.total.energy_consumption..tbtu,0.0
calc.weighted.savings.district_heating.water_systems.energy_consumption..tbtu,0.0
calc.weighted.savings.electricity.cooling.energy_consumption..tbtu,0.0
calc.weighted.savings.electricity.exterior_lighting.energy_consumption..tbtu,0.0
calc.weighted.savings.electricity.fans.energy_consumption..tbtu,0.0
calc.weighted.savings.electricity.heat_recovery.energy_consumption..tbtu,0.0
calc.weighted.savings.electricity.heat_rejection.energy_consumption..tbtu,0.0
calc.weighted.savings.electricity.heating.energy_consumption..tbtu,0.0
calc.weighted.savings.electricity.interior_equipment.energy_consumption..tbtu,0.0
calc.weighted.savings.electricity.interior_lighting.energy_consumption..tbtu,0.0
calc.weighted.savings.electricity.pumps.energy_consumption..tbtu,0.0
calc.weighted.savings.electricity.refrigeration.energy_consumption..tbtu,0.0
calc.weighted.savings.electricity.total.energy_consumption..tbtu,0.0
calc.weighted.savings.electricity.water_systems.energy_consumption..tbtu,0.0
calc.weighted.savings.natural_gas.cooling.energy_consumption..tbtu,0.0
calc.weighted.savings.natural_gas.heating.energy_consumption..tbtu,0.0
calc.weighted.savings.natural_gas.interior_equipment.energy_consumption..tbtu,0.0
calc.weighted.savings.natural_gas.total.energy_consumption..tbtu,0.0
calc.weighted.savings.natural_gas.water_systems.energy_consumption..tbtu,0.0
calc.weighted.savings.other_fuel.cooling.energy_consumption..tbtu,0.0
calc.weighted.savings.other_fuel.heating.energy_consumption..tbtu,0.0
calc.weighted.savings.other_fuel.interior_equipment.energy_consumption..tbtu,0.0
calc.weighted.savings.other_fuel.total.energy_consumption..tbtu,0.0
calc.weighted.savings.other_fuel.water_systems.energy_consumption..tbtu,0.0
calc.weighted.savings.site_energy.total.energy_consumption..tbtu,0.0
calc.weighted.site_energy.total.energy_consumption..tbtu,0.0009526345887380168
