,G4802690
in.puma,G48000400
in.ashrae_iecc_climate_zone_2004,3B
in.building_america_climate_zone,Hot-Dry
in.iso_rto_region,ERCOT
applicability,True
weight,242.13101272727272
in.sqft,885.0
in.ahs_region,Non-CBSA West South Central
in.applicable,True
in.bathroom_spot_vent_hour,Hour0
in.bedrooms,3
in.cec_climate_zone,
in.ceiling_fan,Standard Efficiency
in.census_division,West South Central
in.census_division_recs,West South Central
in.census_region,South
in.clothes_dryer,"Electric, 80% Usage"
in.clothes_washer,"Standard, 80% Usage"
in.clothes_washer_presence,Yes
in.cooking_range,"Electric, 80% Usage"
in.cooling_setpoint,70F
in.cooling_setpoint_has_offset,Yes
in.cooling_setpoint_offset_magnitude,5F
in.cooling_setpoint_offset_period,Day and Night Setup +2h
in.corridor,Not Applicable
in.dehumidifier,
in.dishwasher,"290 Rated kWh, 80% Usage"
in.door_area,20 ft^2
in.doors,Fiberglass
in.ducts,"30% Leakage, R-8"
in.eaves,2 ft
in.electric_vehicle,
in.geometry_attic_type,Vented Attic
in.geometry_building_horizontal_location_mf,
in.geometry_building_horizontal_location_sfa,
in.geometry_building_level_mf,
in.geometry_building_number_units_mf,
in.geometry_building_number_units_sfa,
in.geometry_building_type_acs,Mobile Home
in.geometry_building_type_height,Mobile Home
in.geometry_building_type_recs,Mobile Home
in.geometry_floor_area,750-999
in.geometry_floor_area_bin,0-1499
in.geometry_foundation_type,Ambient
in.geometry_garage,
in.geometry_stories,1
in.geometry_stories_low_rise,1
in.geometry_wall_exterior_finish,"Vinyl, Light"
in.geometry_wall_type,Steel Frame
in.geometry_wall_type_and_exterior_finish,"Steel Frame, Vinyl, Light"
in.has_pv,No
in.heating_fuel,Electricity
in.heating_setpoint,75F
in.heating_setpoint_has_offset,Yes
in.heating_setpoint_offset_magnitude,6F
in.heating_setpoint_offset_period,Night -1h
in.holiday_lighting,No Exterior Use
in.hot_water_distribution,"Uninsulated, HomeRun, PEX"
in.hot_water_fixtures,50% Usage
in.hvac_cooling_efficiency,Heat Pump
in.hvac_cooling_type,Heat Pump
in.hvac_has_ducts,Yes
in.hvac_has_shared_system,
in.hvac_has_zonal_electric_heating,No
in.hvac_heating_efficiency,"ASHP, SEER 13, 7.7 HSPF"
in.hvac_heating_type,Ducted Heat Pump
in.hvac_heating_type_and_fuel,Electricity ASHP
in.hvac_secondary_heating_efficiency,
in.hvac_secondary_heating_type_and_fuel,
in.hvac_shared_efficiencies,
in.hvac_system_is_faulted,No
in.hvac_system_single_speed_ac_airflow,
in.hvac_system_single_speed_ac_charge,
in.hvac_system_single_speed_ashp_airflow,
in.hvac_system_single_speed_ashp_charge,
in.infiltration,20 ACH50
in.insulation_ceiling,R-30
in.insulation_floor,Ceiling R-13
in.insulation_foundation_wall,Uninsulated
in.insulation_roof,"Unfinished, Uninsulated"
in.insulation_slab,
in.insulation_wall,"Wood Stud, R-11"
in.interior_shading,"Summer = 0.7, Winter = 0.85"
in.lighting,100% LED
in.lighting_interior_use,100% Usage
in.lighting_other_use,100% Usage
in.location_region,CR09
in.mechanical_ventilation,
in.misc_extra_refrigerator,
in.misc_freezer,"EF 12, National Average"
in.misc_gas_fireplace,
in.misc_gas_grill,
in.misc_gas_lighting,
in.misc_hot_tub_spa,
in.misc_pool,
in.misc_pool_heater,
in.misc_pool_pump,
in.misc_well_pump,
in.natural_ventilation,"Year-Round, 3 days/wk"
in.neighbors,Left/Right at 15ft
in.occupants,1
in.orientation,North
in.overhangs,
in.plug_load_diversity,50%
in.plug_loads,144%
in.pv_orientation,
in.pv_system_size,
in.radiant_barrier,No
in.range_spot_vent_hour,Hour10
in.reeds_balancing_area,60
in.refrigerator,"EF 6.7, 100% Usage"
in.roof_material,"Metal, Dark"
in.schedules,Stochastic
in.setpoint_demand_response,
in.solar_hot_water,
in.state,TX
in.units_represented,1.0
in.usage_level,Low
in.vacancy_status,Occupied
in.vintage,2000s
in.vintage_acs,2000-09
in.water_heater_efficiency,Electric Standard
in.water_heater_fuel,Electricity
in.water_heater_in_unit,Yes
in.weather_file_city,Childress Municipal
in.weather_file_latitude,34.43
in.weather_file_longitude,-100.29
in.window_areas,F12 B12 L12 R12
in.windows,"Double, Clear, Metal, Air"
in.nhgis_county_gisjoin,G4802690
in.nhgis_puma_gisjoin,G48000400
in.state_name,Texas
in.american_housing_survey_region,Non-CBSA West South Central
in.weather_file_2018,USA_TX_Childress.Municipal.723604_2018.epw
in.weather_file_TMY3,Childress_Municipal_Ap
in.resstock_county_id,"TX, King County"
in.resstock_puma_id,"TX, 00400"
out.electricity.bath_fan.energy_consumption,10.951228169976009
out.electricity.bath_fan.energy_consumption_intensity,0.0123742691186169
out.electricity.ceiling_fan.energy_consumption,68.02593655548417
out.electricity.ceiling_fan.energy_consumption_intensity,0.0768654650344453
out.electricity.clothes_dryer.energy_consumption,442.096900479212
out.electricity.clothes_dryer.energy_consumption_intensity,0.4995445203154938
out.electricity.clothes_washer.energy_consumption,18.43655055536197
out.electricity.clothes_washer.energy_consumption_intensity,0.0208322605145332
out.electricity.cooking_range.energy_consumption,214.5063141110545
out.electricity.cooking_range.energy_consumption_intensity,0.2423800159446943
out.electricity.cooling.energy_consumption,2856.0344618306253
out.electricity.cooling.energy_consumption_intensity,3.227157583989407
out.electricity.dishwasher.energy_consumption,35.67197758610458
out.electricity.dishwasher.energy_consumption_intensity,0.0403073193063328
out.electricity.ext_holiday_light.energy_consumption,0.0
out.electricity.ext_holiday_light.energy_consumption_intensity,0.0
out.electricity.exterior_lighting.energy_consumption,24.04167009153162
out.electricity.exterior_lighting.energy_consumption_intensity,0.0271657289169848
out.electricity.extra_refrigerator.energy_consumption,0.0
out.electricity.extra_refrigerator.energy_consumption_intensity,0.0
out.electricity.fans_cooling.energy_consumption,940.6775725071956
out.electricity.fans_cooling.energy_consumption_intensity,1.0629125113075657
out.electricity.fans_heating.energy_consumption,594.3770920439124
out.electricity.fans_heating.energy_consumption_intensity,0.6716125333829519
out.electricity.freezer.energy_consumption,320.0227478728965
out.electricity.freezer.energy_consumption_intensity,0.3616076247151373
out.electricity.garage_lighting.energy_consumption,0.0
out.electricity.garage_lighting.energy_consumption_intensity,0.0
out.electricity.heating.energy_consumption,3592.8556002465475
out.electricity.heating.energy_consumption_intensity,4.059723842086495
out.electricity.heating_supplement.energy_consumption,1474.3544122623114
out.electricity.heating_supplement.energy_consumption_intensity,1.665937188996962
out.electricity.hot_tub_heater.energy_consumption,0.0
out.electricity.hot_tub_heater.energy_consumption_intensity,0.0
out.electricity.hot_tub_pump.energy_consumption,0.0
out.electricity.hot_tub_pump.energy_consumption_intensity,0.0
out.electricity.house_fan.energy_consumption,0.0
out.electricity.house_fan.energy_consumption_intensity,0.0
out.electricity.interior_lighting.energy_consumption,304.891816433078
out.electricity.interior_lighting.energy_consumption_intensity,0.3445105270430259
out.electricity.plug_loads.energy_consumption,1230.758150080958
out.electricity.plug_loads.energy_consumption_intensity,1.3906871752327208
out.electricity.pool_heater.energy_consumption,0.0
out.electricity.pool_heater.energy_consumption_intensity,0.0
out.electricity.pool_pump.energy_consumption,0.0
out.electricity.pool_pump.energy_consumption_intensity,0.0
out.electricity.pumps_cooling.energy_consumption,0.0
out.electricity.pumps_cooling.energy_consumption_intensity,0.0
out.electricity.pumps_heating.energy_consumption,0.0
out.electricity.pumps_heating.energy_consumption_intensity,0.0
out.electricity.pv.energy_consumption,-0.0
out.electricity.pv.energy_consumption_intensity,-0.0
out.electricity.range_fan.energy_consumption,10.951228169976009
out.electricity.range_fan.energy_consumption_intensity,0.0123742691186169
out.electricity.recirc_pump.energy_consumption,0.0
out.electricity.recirc_pump.energy_consumption_intensity,0.0
out.electricity.refrigerator.energy_consumption,1357.0717894601903
out.electricity.refrigerator.energy_consumption_intensity,1.5334144513674466
out.electricity.vehicle.energy_consumption,0.0
out.electricity.vehicle.energy_consumption_intensity,0.0
out.electricity.water_systems.energy_consumption,934.8316770128552
out.electricity.water_systems.energy_consumption_intensity,1.0563069796755424
out.electricity.well_pump.energy_consumption,0.0
out.electricity.well_pump.energy_consumption_intensity,0.0
out.fuel_oil.heating.energy_consumption,0.0
out.fuel_oil.heating.energy_consumption_intensity,0.0
out.fuel_oil.water_systems.energy_consumption,0.0
out.fuel_oil.water_systems.energy_consumption_intensity,0.0
out.natural_gas.clothes_dryer.energy_consumption,0.0
out.natural_gas.clothes_dryer.energy_consumption_intensity,0.0
out.natural_gas.cooking_range.energy_consumption,0.0
out.natural_gas.cooking_range.energy_consumption_intensity,0.0
out.natural_gas.fireplace.energy_consumption,0.0
out.natural_gas.fireplace.energy_consumption_intensity,0.0
out.natural_gas.grill.energy_consumption,0.0
out.natural_gas.grill.energy_consumption_intensity,0.0
out.natural_gas.heating.energy_consumption,0.0
out.natural_gas.heating.energy_consumption_intensity,0.0
out.natural_gas.hot_tub_heater.energy_consumption,0.0
out.natural_gas.hot_tub_heater.energy_consumption_intensity,0.0
out.natural_gas.lighting.energy_consumption,0.0
out.natural_gas.lighting.energy_consumption_intensity,0.0
out.natural_gas.pool_heater.energy_consumption,0.0
out.natural_gas.pool_heater.energy_consumption_intensity,0.0
out.natural_gas.water_systems.energy_consumption,0.0
out.natural_gas.water_systems.energy_consumption_intensity,0.0
out.propane.clothes_dryer.energy_consumption,0.0
out.propane.clothes_dryer.energy_consumption_intensity,0.0
out.propane.cooking_range.energy_consumption,0.0
out.propane.cooking_range.energy_consumption_intensity,0.0
out.propane.heating.energy_consumption,0.0
out.propane.heating.energy_consumption_intensity,0.0
out.propane.water_systems.energy_consumption,0.0
out.propane.water_systems.energy_consumption_intensity,0.0
out.electricity.total.energy_consumption,14430.557125469071
out.electricity.total.energy_consumption_intensity,16.30571426606675
out.fuel_oil.total.energy_consumption,0.0
out.fuel_oil.total.energy_consumption_intensity,0.0
out.natural_gas.total.energy_consumption,0.0
out.natural_gas.total.energy_consumption_intensity,0.0
out.propane.total.energy_consumption,0.0
out.propane.total.energy_consumption_intensity,0.0
out.wood.total.energy_consumption,0.0
out.wood.total.energy_consumption_intensity,0.0
out.wood.heating.energy_consumption,0.0
out.wood.heating.energy_consumption_intensity,0.0
out.site_energy.total.energy_consumption,14430.557125469071
out.site_energy.total.energy_consumption_intensity,16.30571426606675
upgrade,0
metadata_index,292910
qoi_report.average_maximum_daily_timing_cooling_hour,16.550632911392405
qoi_report.average_maximum_daily_timing_heating_hour,7.728571428571429
qoi_report.average_maximum_daily_timing_overlap_hour,10.26865671641791
qoi_report.average_maximum_daily_use_cooling_kw,3.4553530236954275
qoi_report.average_maximum_daily_use_heating_kw,6.044956942339005
qoi_report.average_maximum_daily_use_overlap_kw,2.9123581396541702
qoi_report.average_minimum_daily_use_cooling_kw,0.452846661170596
qoi_report.average_minimum_daily_use_heating_kw,0.6934868157125801
qoi_report.average_minimum_daily_use_overlap_kw,0.3428285549952519
qoi_report.average_of_top_ten_highest_peaks_timing_cooling_hour,12.636363636363637
qoi_report.average_of_top_ten_highest_peaks_timing_heating_hour,10.545454545454543
qoi_report.average_of_top_ten_highest_peaks_use_cooling_kw,9.551761733544655
qoi_report.average_of_top_ten_highest_peaks_use_heating_kw,10.980620308261846
qoi_report.peak_magnitude_timing_hour,31.0
qoi_report.peak_magnitude_use_kw,11.70066289422826
in.door_area_ft_2,20.0
in.duct_unconditioned_surface_area_ft_2,283.2
in.floor_area_attic_ft_2,885.0
in.floor_area_conditioned_ft_2,885.0
in.floor_area_lighting_ft_2,885.0
in.roof_area_ft_2,989.46
in.wall_area_above_grade_conditioned_ft_2,993.38
in.wall_area_above_grade_exterior_ft_2,1116.29
in.wall_area_below_grade_ft_2,0.0
in.window_area_ft_2,119.21
