I,J,CKT,R,X,B,NAME,RATE1,RATE2,RATE3,RATE4,RATE5,RATE6,RATE7,RATE8,RATE9,RATE10,RATE11,RATE12,GI,BI,GJ,BJ,STAT,MET,LEN,O1,F1,O2,F2,O3,F3,O4,F4
1001,1201,'1',1.77000E-3,3.16900E-2,3.34460,'',0.00,0.00,0.00,0.00,0.00,0.00,0.00,0.00,0.00,0.00,0.00,0.00,0.00000,0.00000,0.00000,0.00000,1,1,0.00,1,1.0000
1001,1202,'9',1.08000E-2,9.65000E-2,0.32960,'',0.00,0.00,0.00,0.00,0.00,0.00,0.00,0.00,0.00,0.00,0.00,0.00,0.00000,0.00000,0.00000,0.00000,1,1,0.00,1,1.0000
1002,1004,'1',5.00000E-4,5.30000E-3,0.08820,'',0.00,0.00,0.00,0.00,0.00,0.00,0.00,0.00,0.00,0.00,0.00,0.00,0.00000,0.00000,0.00000,0.00000,1,1,0.00,1,1.0000
1002,1102,'1',1.79000E-3,1.98800E-2,2.57600,'',0.00,0.00,0.00,0.00,0.00,0.00,0.00,0.00,0.00,0.00,0.00,0.00,0.00000,0.00000,0.00000,0.00000,1,1,0.00,1,1.0000
1002,1102,'2',1.79000E-3,1.98800E-2,2.57600,'',0.00,0.00,0.00,0.00,0.00,0.00,0.00,0.00,0.00,0.00,0.00,0.00,0.00000,0.00000,0.00000,0.00000,1,1,0.00,1,1.0000
1002,6506,'1',4.80000E-3,4.36000E-2,0.70780,'',0.00,0.00,0.00,0.00,0.00,0.00,0.00,0.00,0.00,0.00,0.00,0.00,0.00000,0.00000,0.00000,0.00000,1,2,0.00,1,1.0000
1004,7001,'1',8.11000E-3,1.36900E-1,2.43480,'',0.00,0.00,0.00,0.00,0.00,0.00,0.00,0.00,0.00,0.00,0.00,0.00,0.00000,0.00000,0.00000,0.00000,1,2,0.00,1,1.0000
1004,7002,'1',9.77000E-3,1.10000E-1,2.00000,'',0.00,0.00,0.00,0.00,0.00,0.00,0.00,0.00,0.00,0.00,0.00,0.00,0.00000,0.00000,0.00000,0.00000,1,2,0.00,1,1.0000
1101,1401,'1',2.80000E-3,2.11000E-2,1.01940,'',0.00,0.00,1630.00,0.00,0.00,0.00,0.00,0.00,0.00,0.00,0.00,0.00,0.00000,0.00000,0.00000,0.00000,1,1,0.00,1,1.0000
1101,1401,'2',2.80000E-3,2.11000E-2,1.01940,'',0.00,0.00,1630.00,0.00,0.00,0.00,0.00,0.00,0.00,0.00,0.00,0.00,0.00000,0.00000,0.00000,0.00000,1,1,0.00,1,1.0000
1201,1202,'1',7.70000E-4,5.36000E-3,1.39842,'',0.00,0.00,0.00,0.00,0.00,0.00,0.00,0.00,0.00,0.00,0.00,0.00,0.00000,0.00000,0.00000,0.00000,1,1,0.00,1,1.0000
1201,1402,'1',1.79000E-3,2.59200E-2,3.39220,'',0.00,0.00,0.00,0.00,0.00,0.00,0.00,0.00,0.00,0.00,0.00,0.00,0.00000,0.00000,0.00000,0.00000,1,1,0.00,1,1.0000
1201,2901,'1',2.07000E-3,1.36900E-2,3.95160,'',0.00,0.00,0.00,0.00,0.00,0.00,0.00,0.00,0.00,0.00,0.00,0.00,0.00000,0.00000,0.00000,0.00000,1,1,0.00,1,1.0000
1202,1302,'1',2.80000E-3,2.11000E-2,1.01940,'',0.00,0.00,1630.00,0.00,0.00,0.00,0.00,0.00,0.00,0.00,0.00,0.00,0.00000,0.00000,0.00000,0.00000,1,1,0.00,1,1.0000
1202,1402,'1',2.41000E-3,3.48900E-2,4.86560,'',0.00,0.00,0.00,0.00,0.00,0.00,0.00,0.00,0.00,0.00,0.00,0.00,0.00000,0.00000,0.00000,0.00000,1,1,0.00,1,1.0000
1301,1302,'1',2.80000E-3,2.11000E-2,1.01940,'',0.00,0.00,1630.00,0.00,0.00,0.00,0.00,0.00,0.00,0.00,0.00,0.00,0.00000,0.00000,0.00000,0.00000,1,1,0.00,1,1.0000
1301,1402,'1',2.80000E-3,2.11000E-2,1.01940,'',0.00,0.00,1630.00,0.00,0.00,0.00,0.00,0.00,0.00,0.00,0.00,0.00,0.00000,0.00000,0.00000,0.00000,1,1,0.00,1,1.0000
1301,1402,'2',6.20000E-3,6.73000E-2,1.11560,'',0.00,0.00,0.00,0.00,0.00,0.00,0.00,0.00,0.00,0.00,0.00,0.00,0.00000,0.00000,0.00000,0.00000,1,1,0.00,1,1.0000
1301,2603,'1',1.79000E-3,2.52400E-2,0.53546,'',0.00,0.00,0.00,0.00,0.00,0.00,0.00,0.00,0.00,0.00,0.00,0.00,0.00000,0.00000,0.00000,0.00000,1,2,0.00,1,1.0000
1301,2901,'1',1.08000E-2,9.65000E-2,0.32960,'',0.00,0.00,0.00,0.00,0.00,0.00,0.00,0.00,0.00,0.00,0.00,0.00,0.00000,0.00000,0.00000,0.00000,1,1,0.00,1,1.0000
1303,6507,'1',8.11000E-3,1.36900E-1,1.11560,'',0.00,0.00,0.00,0.00,0.00,0.00,0.00,0.00,0.00,0.00,0.00,0.00,0.00000,0.00000,0.00000,0.00000,1,2,0.00,1,1.0000
1401,1402,'1',4.00000E-4,9.60000E-3,0.90380,'',0.00,0.00,0.00,0.00,0.00,0.00,0.00,0.00,0.00,0.00,0.00,0.00,0.00000,0.00000,0.00000,0.00000,1,1,0.00,1,1.0000
1401,1402,'2',4.00000E-4,9.60000E-3,0.90380,'',0.00,0.00,0.00,0.00,0.00,0.00,0.00,0.00,0.00,0.00,0.00,0.00,0.00000,0.00000,0.00000,0.00000,1,1,0.00,1,1.0000
1401,2301,'1',2.59000E-3,2.96700E-2,2.15300,'',0.00,0.00,1800.00,0.00,0.00,0.00,0.00,0.00,0.00,0.00,0.00,0.00,0.00000,0.00000,0.00000,0.00000,1,1,0.00,1,1.0000
1401,2400,'1',2.59000E-3,2.96700E-2,2.15300,'',0.00,0.00,1800.00,0.00,0.00,0.00,0.00,0.00,0.00,0.00,0.00,0.00,0.00000,0.00000,0.00000,0.00000,1,1,0.00,1,1.0000
1403,2100,'1',8.45000E-3,7.03400E-2,0.15954,'',0.00,0.00,1160.00,0.00,0.00,0.00,0.00,0.00,0.00,0.00,0.00,0.00,0.00000,0.00000,0.00000,0.00000,1,1,0.00,1,1.0000
2000,2202,'1',1.38000E-3,5.39900E-2,0.15252,'',0.00,986.00,888.00,0.00,0.00,0.00,0.00,0.00,0.00,0.00,0.00,0.00,0.00000,0.00000,0.00000,0.00000,1,1,0.00,1,1.0000
2000,2302,'1',1.38000E-3,5.39900E-2,0.15252,'',0.00,986.00,888.00,0.00,0.00,0.00,0.00,0.00,0.00,0.00,0.00,0.00,0.00000,0.00000,0.00000,0.00000,1,1,0.00,1,1.0000
2100,2302,'1',8.45000E-3,7.03400E-2,0.15954,'',0.00,0.00,1160.00,0.00,0.00,0.00,0.00,0.00,0.00,0.00,0.00,0.00,0.00000,0.00000,0.00000,0.00000,1,1,0.00,1,1.0000
2201,2301,'1',1.79000E-3,2.52400E-2,2.15300,'',0.00,0.00,1800.00,0.00,0.00,0.00,0.00,0.00,0.00,0.00,0.00,0.00,0.00000,0.00000,0.00000,0.00000,1,1,0.00,1,1.0000
2202,2203,'1',3.12000E-3,2.88600E-2,0.15252,'',0.00,986.00,888.00,0.00,0.00,0.00,0.00,0.00,0.00,0.00,0.00,0.00,0.00000,0.00000,0.00000,0.00000,1,1,0.00,1,1.0000
2202,2203,'2',3.12000E-3,2.88600E-2,0.15252,'',0.00,986.00,888.00,0.00,0.00,0.00,0.00,0.00,0.00,0.00,0.00,0.00,0.00000,0.00000,0.00000,0.00000,1,1,0.00,1,1.0000
2202,2503,'1',3.12000E-3,2.88600E-2,0.15252,'',0.00,986.00,888.00,0.00,0.00,0.00,0.00,0.00,0.00,0.00,0.00,0.00,0.00000,0.00000,0.00000,0.00000,1,1,0.00,1,1.0000
2203,2503,'1',3.12000E-3,2.88600E-2,0.15252,'',0.00,986.00,888.00,0.00,0.00,0.00,0.00,0.00,0.00,0.00,0.00,0.00,0.00000,0.00000,0.00000,0.00000,1,1,0.00,1,1.0000
2203,2503,'2',3.12000E-3,2.88600E-2,0.15252,'',0.00,986.00,888.00,0.00,0.00,0.00,0.00,0.00,0.00,0.00,0.00,0.00,0.00000,0.00000,0.00000,0.00000,1,1,0.00,1,1.0000
2400,2403,'1',4.20000E-4,9.05000E-3,0.66794,'',0.00,0.00,3600.00,0.00,0.00,0.00,0.00,0.00,0.00,0.00,0.00,0.00,0.00000,0.00000,0.00000,0.00000,1,1,0.00,1,1.0000
2401,2402,'1',2.80000E-4,7.53000E-3,0.51736,'',0.00,0.00,3600.00,0.00,0.00,0.00,0.00,0.00,0.00,0.00,0.00,0.00,0.00000,0.00000,0.00000,0.00000,1,1,0.00,1,1.0000
2401,2402,'2',3.50000E-4,7.50000E-3,0.55360,'',0.00,0.00,3600.00,0.00,0.00,0.00,0.00,0.00,0.00,0.00,0.00,0.00,0.00000,0.00000,0.00000,0.00000,1,1,0.00,1,1.0000
2401,2404,'1',4.40000E-4,1.12500E-2,0.82920,'',0.00,0.00,3600.00,0.00,0.00,0.00,0.00,0.00,0.00,0.00,0.00,0.00,0.00000,0.00000,0.00000,0.00000,1,1,0.00,1,1.0000
2401,2404,'2',4.40000E-4,1.12500E-2,0.82920,'',0.00,0.00,3600.00,0.00,0.00,0.00,0.00,0.00,0.00,0.00,0.00,0.00,0.00000,0.00000,0.00000,0.00000,1,1,0.00,1,1.0000
2401,2501,'1',6.00000E-4,1.28000E-2,0.94620,'',0.00,0.00,3600.00,0.00,0.00,0.00,0.00,0.00,0.00,0.00,0.00,0.00,0.00000,0.00000,0.00000,0.00000,1,1,0.00,1,1.0000
2401,2603,'1',2.00000E-4,4.10000E-3,0.29620,'',0.00,0.00,0.00,0.00,0.00,0.00,0.00,0.00,0.00,0.00,0.00,0.00,0.00000,0.00000,0.00000,0.00000,1,2,0.00,1,1.0000
2401,2901,'1',1.93000E-3,2.77900E-2,4.67120,'',0.00,0.00,3600.00,0.00,0.00,0.00,0.00,0.00,0.00,0.00,0.00,0.00,0.00000,0.00000,0.00000,0.00000,1,1,0.00,1,1.0000
2401,2902,'1',1.90000E-3,3.10000E-2,4.14020,'',0.00,0.00,3600.00,0.00,0.00,0.00,0.00,0.00,0.00,0.00,0.00,0.00,0.00000,0.00000,0.00000,0.00000,1,1,0.00,1,1.0000
2402,2501,'1',2.10000E-4,4.57000E-3,0.32336,'',0.00,0.00,3600.00,0.00,0.00,0.00,0.00,0.00,0.00,0.00,0.00,0.00,0.00000,0.00000,0.00000,0.00000,1,1,0.00,1,1.0000
2403,2501,'1',4.00000E-4,9.30000E-3,0.68560,'',0.00,0.00,3600.00,0.00,0.00,0.00,0.00,0.00,0.00,0.00,0.00,0.00,0.00000,0.00000,0.00000,0.00000,1,1,0.00,1,1.0000
2404,3893,'1',1.00000E-7,-9.35000E-3,0.00000,'',0.00,0.00,2134.00,0.00,0.00,0.00,0.00,0.00,0.00,0.00,0.00,0.00,0.00000,0.00000,0.00000,0.00000,1,2,0.00,1,1.0000
2404,3895,'1',1.00000E-7,-9.35000E-3,0.00000,'',0.00,0.00,2134.00,0.00,0.00,0.00,0.00,0.00,0.00,0.00,0.00,0.00,0.00000,0.00000,0.00000,0.00000,1,2,0.00,1,1.0000
2404,3897,'1',1.00000E-7,-8.40000E-3,0.00000,'',0.00,0.00,2100.00,0.00,0.00,0.00,0.00,0.00,0.00,0.00,0.00,0.00,0.00000,0.00000,0.00000,0.00000,1,2,0.00,1,1.0000
2405,2406,'1',1.40000E-3,2.64000E-2,0.10200,'',0.00,0.00,3070.00,0.00,0.00,0.00,0.00,0.00,0.00,0.00,0.00,0.00,0.00000,0.00000,0.00000,0.00000,1,2,0.00,1,1.0000
2405,2410,'1',6.50000E-4,1.18700E-2,0.04672,'',0.00,0.00,3070.00,0.00,0.00,0.00,0.00,0.00,0.00,0.00,0.00,0.00,0.00000,0.00000,0.00000,0.00000,1,2,0.00,1,1.0000
2405,2410,'2',6.50000E-4,1.18700E-2,0.04672,'',0.00,0.00,3070.00,0.00,0.00,0.00,0.00,0.00,0.00,0.00,0.00,0.00,0.00000,0.00000,0.00000,0.00000,1,2,0.00,1,1.0000
2406,2408,'1',1.90000E-3,2.58000E-2,0.09840,'',0.00,0.00,2320.00,0.00,0.00,0.00,0.00,0.00,0.00,0.00,0.00,0.00,0.00000,0.00000,0.00000,0.00000,1,1,0.00,1,1.0000
2406,2410,'1',8.45000E-3,7.03400E-2,0.15954,'',0.00,0.00,1160.00,0.00,0.00,0.00,0.00,0.00,0.00,0.00,0.00,0.00,0.00000,0.00000,0.00000,0.00000,1,1,0.00,1,1.0000
2407,2408,'1',1.10000E-3,1.27000E-2,0.04800,'',0.00,0.00,2320.00,0.00,0.00,0.00,0.00,0.00,0.00,0.00,0.00,0.00,0.00000,0.00000,0.00000,0.00000,1,1,0.00,1,1.0000
2408,2409,'1',1.38000E-3,5.39900E-2,0.15252,'',0.00,0.00,2320.00,0.00,0.00,0.00,0.00,0.00,0.00,0.00,0.00,0.00,0.00000,0.00000,0.00000,0.00000,1,2,0.00,1,1.0000
2408,2409,'2',1.38000E-3,5.39900E-2,0.15252,'',0.00,0.00,2320.00,0.00,0.00,0.00,0.00,0.00,0.00,0.00,0.00,0.00,0.00000,0.00000,0.00000,0.00000,1,2,0.00,1,1.0000
2408,2411,'1',3.20000E-3,3.95000E-2,0.14400,'',0.00,0.00,2320.00,0.00,0.00,0.00,0.00,0.00,0.00,0.00,0.00,0.00,0.00000,0.00000,0.00000,0.00000,1,2,0.00,1,1.0000
2408,2502,'1',3.12000E-3,2.88600E-2,0.15252,'',0.00,986.00,888.00,0.00,0.00,0.00,0.00,0.00,0.00,0.00,0.00,0.00,0.00000,0.00000,0.00000,0.00000,1,1,0.00,1,1.0000
2409,2502,'1',3.12000E-3,2.88600E-2,0.15252,'',0.00,986.00,888.00,0.00,0.00,0.00,0.00,0.00,0.00,0.00,0.00,0.00,0.00000,0.00000,0.00000,0.00000,1,1,0.00,1,1.0000
2409,2503,'1',3.12000E-3,2.88600E-2,0.15252,'',0.00,986.00,888.00,0.00,0.00,0.00,0.00,0.00,0.00,0.00,0.00,0.00,0.00000,0.00000,0.00000,0.00000,1,2,0.00,1,1.0000
2410,2411,'1',2.85000E-3,3.64900E-2,0.12656,'',0.00,0.00,2320.00,0.00,0.00,0.00,0.00,0.00,0.00,0.00,0.00,0.00,0.00000,0.00000,0.00000,0.00000,1,1,0.00,1,1.0000
2410,2411,'2',1.38000E-3,3.39900E-2,0.11252,'',0.00,0.00,2320.00,0.00,0.00,0.00,0.00,0.00,0.00,0.00,0.00,0.00,0.00000,0.00000,0.00000,0.00000,1,1,0.00,1,1.0000
2502,2503,'1',3.12000E-3,2.88600E-2,0.15252,'',0.00,986.00,888.00,0.00,0.00,0.00,0.00,0.00,0.00,0.00,0.00,0.00,0.00000,0.00000,0.00000,0.00000,1,1,0.00,1,1.0000
2502,2503,'2',3.12000E-3,2.88600E-2,0.15252,'',0.00,986.00,888.00,0.00,0.00,0.00,0.00,0.00,0.00,0.00,0.00,0.00,0.00000,0.00000,0.00000,0.00000,1,1,0.00,1,1.0000
2600,2601,'1',7.40000E-4,1.86100E-2,1.40264,'',0.00,0.00,0.00,0.00,0.00,0.00,0.00,0.00,0.00,0.00,0.00,0.00,0.00000,0.00000,0.00000,0.00000,1,1,0.00,1,1.0000
2600,2602,'1',8.20000E-4,1.66800E-2,1.18802,'',0.00,0.00,0.00,0.00,0.00,0.00,0.00,0.00,0.00,0.00,0.00,0.00,0.00000,0.00000,0.00000,0.00000,1,1,0.00,1,1.0000
2600,2603,'1',1.00000E-7,1.59000E-3,0.12002,'',0.00,0.00,0.00,0.00,0.00,0.00,0.00,0.00,0.00,0.00,0.00,0.00,0.00000,0.00000,0.00000,0.00000,1,1,0.00,1,1.0000
2600,2603,'2',1.00000E-7,1.59000E-3,0.12002,'',0.00,0.00,0.00,0.00,0.00,0.00,0.00,0.00,0.00,0.00,0.00,0.00,0.00000,0.00000,0.00000,0.00000,1,1,0.00,1,1.0000
2601,2603,'1',8.30000E-4,1.88400E-2,1.66668,'',0.00,0.00,0.00,0.00,0.00,0.00,0.00,0.00,0.00,0.00,0.00,0.00,0.00000,0.00000,0.00000,0.00000,1,2,0.00,1,1.0000
2603,2901,'1',1.79000E-3,2.52400E-2,0.53546,'',0.00,0.00,0.00,0.00,0.00,0.00,0.00,0.00,0.00,0.00,0.00,0.00,0.00000,0.00000,0.00000,0.00000,1,2,0.00,1,1.0000
2604,6404,'1',1.08000E-2,9.65000E-2,0.32960,'',0.00,0.00,0.00,0.00,0.00,0.00,0.00,0.00,0.00,0.00,0.00,0.00,0.00000,0.00000,0.00000,0.00000,1,1,0.00,1,1.0000
2604,6504,'1',1.80000E-3,2.45000E-2,0.43920,'',0.00,0.00,0.00,0.00,0.00,0.00,0.00,0.00,0.00,0.00,0.00,0.00,0.00000,0.00000,0.00000,0.00000,1,1,0.00,1,1.0000
2604,6504,'2',1.80000E-3,2.45000E-2,0.43920,'',0.00,0.00,0.00,0.00,0.00,0.00,0.00,0.00,0.00,0.00,0.00,0.00,0.00000,0.00000,0.00000,0.00000,1,1,0.00,1,1.0000
2605,2607,'1',1.07000E-2,7.90500E-2,0.36670,'',0.00,0.00,0.00,0.00,0.00,0.00,0.00,0.00,0.00,0.00,0.00,0.00,0.00000,0.00000,0.00000,0.00000,1,1,0.00,1,1.0000
2606,2607,'1',1.07000E-2,7.90500E-2,0.36670,'',0.00,0.00,0.00,0.00,0.00,0.00,0.00,0.00,0.00,0.00,0.00,0.00,0.00000,0.00000,0.00000,0.00000,1,1,0.00,1,1.0000
2608,2611,'1',2.21000E-3,3.34600E-2,0.07338,'',0.00,0.00,0.00,0.00,0.00,0.00,0.00,0.00,0.00,0.00,0.00,0.00,0.00000,0.00000,0.00000,0.00000,1,1,0.00,1,1.0000
2608,2612,'1',2.90000E-3,3.80000E-2,0.08240,'',0.00,0.00,0.00,0.00,0.00,0.00,0.00,0.00,0.00,0.00,0.00,0.00,0.00000,0.00000,0.00000,0.00000,1,1,0.00,1,1.0000
2608,2618,'1',3.09000E-3,4.67700E-2,0.10080,'',0.00,0.00,0.00,0.00,0.00,0.00,0.00,0.00,0.00,0.00,0.00,0.00,0.00000,0.00000,0.00000,0.00000,1,1,0.00,1,1.0000
2608,2619,'1',2.26000E-3,3.42200E-2,0.07506,'',0.00,0.00,0.00,0.00,0.00,0.00,0.00,0.00,0.00,0.00,0.00,0.00,0.00000,0.00000,0.00000,0.00000,1,1,0.00,1,1.0000
2609,2615,'1',4.70000E-4,7.23000E-3,0.01624,'',0.00,0.00,0.00,0.00,0.00,0.00,0.00,0.00,0.00,0.00,0.00,0.00,0.00000,0.00000,0.00000,0.00000,1,2,0.00,1,1.0000
2609,2617,'1',3.50000E-4,5.36000E-3,0.01204,'',0.00,0.00,0.00,0.00,0.00,0.00,0.00,0.00,0.00,0.00,0.00,0.00,0.00000,0.00000,0.00000,0.00000,1,1,0.00,1,1.0000
2610,2613,'1',2.20000E-3,3.42200E-2,0.07716,'',0.00,0.00,0.00,0.00,0.00,0.00,0.00,0.00,0.00,0.00,0.00,0.00,0.00000,0.00000,0.00000,0.00000,1,2,0.00,1,1.0000
2610,2613,'2',2.38000E-3,3.66900E-2,0.08284,'',0.00,0.00,0.00,0.00,0.00,0.00,0.00,0.00,0.00,0.00,0.00,0.00,0.00000,0.00000,0.00000,0.00000,1,2,0.00,1,1.0000
2610,2616,'1',2.01000E-3,3.07400E-2,0.06886,'',0.00,0.00,0.00,0.00,0.00,0.00,0.00,0.00,0.00,0.00,0.00,0.00,0.00000,0.00000,0.00000,0.00000,1,2,0.00,1,1.0000
2610,2617,'1',2.81000E-3,4.29600E-2,0.09648,'',0.00,0.00,0.00,0.00,0.00,0.00,0.00,0.00,0.00,0.00,0.00,0.00,0.00000,0.00000,0.00000,0.00000,1,1,0.00,1,1.0000
2611,2612,'1',2.90000E-4,4.34000E-3,0.00950,'',0.00,0.00,0.00,0.00,0.00,0.00,0.00,0.00,0.00,0.00,0.00,0.00,0.00000,0.00000,0.00000,0.00000,1,2,0.00,1,1.0000
2612,2615,'1',2.29000E-3,1.58300E-2,0.03060,'',0.00,0.00,0.00,0.00,0.00,0.00,0.00,0.00,0.00,0.00,0.00,0.00,0.00000,0.00000,0.00000,0.00000,1,1,0.00,1,1.0000
2612,2615,'2',2.29000E-3,1.58300E-2,0.03060,'',0.00,0.00,0.00,0.00,0.00,0.00,0.00,0.00,0.00,0.00,0.00,0.00,0.00000,0.00000,0.00000,0.00000,1,1,0.00,1,1.0000
2612,2618,'1',1.41000E-3,9.67000E-3,0.01940,'',0.00,0.00,0.00,0.00,0.00,0.00,0.00,0.00,0.00,0.00,0.00,0.00,0.00000,0.00000,0.00000,0.00000,1,1,0.00,1,1.0000
2612,2618,'2',1.41000E-3,9.67000E-3,0.01940,'',0.00,0.00,0.00,0.00,0.00,0.00,0.00,0.00,0.00,0.00,0.00,0.00,0.00000,0.00000,0.00000,0.00000,1,1,0.00,1,1.0000
2612,2618,'3',1.61000E-3,9.71000E-3,0.01928,'',0.00,0.00,0.00,0.00,0.00,0.00,0.00,0.00,0.00,0.00,0.00,0.00,0.00000,0.00000,0.00000,0.00000,1,1,0.00,1,1.0000
2612,2618,'4',1.61000E-3,9.71000E-3,0.01928,'',0.00,0.00,0.00,0.00,0.00,0.00,0.00,0.00,0.00,0.00,0.00,0.00,0.00000,0.00000,0.00000,0.00000,1,1,0.00,1,1.0000
2612,2619,'1',2.70000E-4,3.93000E-3,0.00918,'',0.00,0.00,0.00,0.00,0.00,0.00,0.00,0.00,0.00,0.00,0.00,0.00,0.00000,0.00000,0.00000,0.00000,1,1,0.00,1,1.0000
2612,2619,'2',2.70000E-4,3.93000E-3,0.00918,'',0.00,0.00,0.00,0.00,0.00,0.00,0.00,0.00,0.00,0.00,0.00,0.00,0.00000,0.00000,0.00000,0.00000,1,1,0.00,1,1.0000
2612,2619,'3',2.70000E-4,3.93000E-3,0.00918,'',0.00,0.00,0.00,0.00,0.00,0.00,0.00,0.00,0.00,0.00,0.00,0.00,0.00000,0.00000,0.00000,0.00000,1,1,0.00,1,1.0000
2612,2620,'1',1.38000E-3,1.11600E-2,0.02470,'',0.00,0.00,0.00,0.00,0.00,0.00,0.00,0.00,0.00,0.00,0.00,0.00,0.00000,0.00000,0.00000,0.00000,1,1,0.00,1,1.0000
2612,2620,'2',1.38000E-3,1.11600E-2,0.02470,'',0.00,0.00,0.00,0.00,0.00,0.00,0.00,0.00,0.00,0.00,0.00,0.00,0.00000,0.00000,0.00000,0.00000,1,1,0.00,1,1.0000
2613,2616,'1',3.70000E-4,3.66000E-3,0.00830,'',0.00,0.00,0.00,0.00,0.00,0.00,0.00,0.00,0.00,0.00,0.00,0.00,0.00000,0.00000,0.00000,0.00000,1,1,0.00,1,1.0000
2613,2617,'1',5.50000E-4,5.86000E-3,0.01246,'',0.00,0.00,0.00,0.00,0.00,0.00,0.00,0.00,0.00,0.00,0.00,0.00,0.00000,0.00000,0.00000,0.00000,1,1,0.00,1,1.0000
2614,2616,'1',7.30000E-4,1.02500E-2,0.02558,'',0.00,0.00,0.00,0.00,0.00,0.00,0.00,0.00,0.00,0.00,0.00,0.00,0.00000,0.00000,0.00000,0.00000,1,2,0.00,1,1.0000
2614,2616,'2',7.30000E-4,1.02500E-2,0.02558,'',0.00,0.00,0.00,0.00,0.00,0.00,0.00,0.00,0.00,0.00,0.00,0.00,0.00000,0.00000,0.00000,0.00000,1,2,0.00,1,1.0000
2615,2617,'1',1.19000E-3,1.24400E-2,0.02798,'',0.00,0.00,0.00,0.00,0.00,0.00,0.00,0.00,0.00,0.00,0.00,0.00,0.00000,0.00000,0.00000,0.00000,1,1,0.00,1,1.0000
2615,2617,'2',1.19000E-3,1.24400E-2,0.02798,'',0.00,0.00,0.00,0.00,0.00,0.00,0.00,0.00,0.00,0.00,0.00,0.00,0.00000,0.00000,0.00000,0.00000,1,1,0.00,1,1.0000
2615,2620,'1',1.28000E-3,9.79000E-3,0.02120,'',0.00,0.00,0.00,0.00,0.00,0.00,0.00,0.00,0.00,0.00,0.00,0.00,0.00000,0.00000,0.00000,0.00000,1,2,0.00,1,1.0000
2616,2617,'1',1.10000E-3,1.18900E-2,0.02514,'',0.00,0.00,0.00,0.00,0.00,0.00,0.00,0.00,0.00,0.00,0.00,0.00,0.00000,0.00000,0.00000,0.00000,1,1,0.00,1,1.0000
2901,2902,'1',5.60000E-4,1.41500E-2,1.04290,'',0.00,0.00,3600.00,0.00,0.00,0.00,0.00,0.00,0.00,0.00,0.00,0.00,0.00000,0.00000,0.00000,0.00000,1,2,0.00,1,1.0000
3101,3102,'1',1.10000E-3,1.27000E-2,0.04800,'',0.00,1120.00,1120.00,0.00,0.00,0.00,0.00,0.00,0.00,0.00,0.00,0.00,0.00000,0.00000,0.00000,0.00000,1,1,0.00,1,1.0000
3101,3102,'2',1.10000E-3,1.27000E-2,0.04800,'',0.00,1120.00,1120.00,0.00,0.00,0.00,0.00,0.00,0.00,0.00,0.00,0.00,0.00000,0.00000,0.00000,0.00000,1,1,0.00,1,1.0000
3102,3103,'1',1.10000E-3,1.27000E-2,0.04800,'',0.00,1120.00,1120.00,0.00,0.00,0.00,0.00,0.00,0.00,0.00,0.00,0.00,0.00000,0.00000,0.00000,0.00000,1,1,0.00,1,1.0000
3102,3103,'2',1.10000E-3,1.27000E-2,0.04800,'',0.00,1120.00,1120.00,0.00,0.00,0.00,0.00,0.00,0.00,0.00,0.00,0.00,0.00000,0.00000,0.00000,0.00000,1,1,0.00,1,1.0000
3102,3103,'3',1.10000E-3,1.27000E-2,0.04800,'',0.00,1120.00,1120.00,0.00,0.00,0.00,0.00,0.00,0.00,0.00,0.00,0.00,0.00000,0.00000,0.00000,0.00000,1,1,0.00,1,1.0000
3102,3302,'1',1.10000E-3,1.27000E-2,0.04800,'',0.00,1120.00,1120.00,0.00,0.00,0.00,0.00,0.00,0.00,0.00,0.00,0.00,0.00000,0.00000,0.00000,0.00000,1,1,0.00,1,1.0000
3103,3204,'1',1.10000E-3,1.27000E-2,0.04800,'',0.00,1120.00,1120.00,0.00,0.00,0.00,0.00,0.00,0.00,0.00,0.00,0.00,0.00000,0.00000,0.00000,0.00000,1,1,0.00,1,1.0000
3103,3204,'2',1.10000E-3,1.27000E-2,0.04800,'',0.00,1120.00,1120.00,0.00,0.00,0.00,0.00,0.00,0.00,0.00,0.00,0.00,0.00000,0.00000,0.00000,0.00000,1,1,0.00,1,1.0000
3103,3305,'1',1.10000E-3,1.27000E-2,0.04800,'',0.00,1120.00,1120.00,0.00,0.00,0.00,0.00,0.00,0.00,0.00,0.00,0.00,0.00000,0.00000,0.00000,0.00000,1,1,0.00,1,1.0000
3103,3305,'2',1.10000E-3,1.27000E-2,0.04800,'',0.00,1120.00,1120.00,0.00,0.00,0.00,0.00,0.00,0.00,0.00,0.00,0.00,0.00000,0.00000,0.00000,0.00000,1,1,0.00,1,1.0000
3104,3105,'1',3.12000E-3,2.88600E-2,0.15252,'',0.00,986.00,888.00,0.00,0.00,0.00,0.00,0.00,0.00,0.00,0.00,0.00,0.00000,0.00000,0.00000,0.00000,1,1,0.00,1,1.0000
3201,3202,'1',1.10000E-3,1.27000E-2,0.04800,'',0.00,1120.00,1120.00,0.00,0.00,0.00,0.00,0.00,0.00,0.00,0.00,0.00,0.00000,0.00000,0.00000,0.00000,1,1,0.00,1,1.0000
3201,3202,'2',1.10000E-3,1.27000E-2,0.04800,'',0.00,1120.00,1120.00,0.00,0.00,0.00,0.00,0.00,0.00,0.00,0.00,0.00,0.00000,0.00000,0.00000,0.00000,1,1,0.00,1,1.0000
3201,3203,'1',1.10000E-3,1.27000E-2,0.04800,'',0.00,1120.00,1120.00,0.00,0.00,0.00,0.00,0.00,0.00,0.00,0.00,0.00,0.00000,0.00000,0.00000,0.00000,1,1,0.00,1,1.0000
3201,3203,'2',1.10000E-3,1.27000E-2,0.04800,'',0.00,1120.00,1120.00,0.00,0.00,0.00,0.00,0.00,0.00,0.00,0.00,0.00,0.00000,0.00000,0.00000,0.00000,1,1,0.00,1,1.0000
3201,3923,'1',3.12000E-3,2.88600E-2,0.15252,'',0.00,986.00,888.00,0.00,0.00,0.00,0.00,0.00,0.00,0.00,0.00,0.00,0.00000,0.00000,0.00000,0.00000,1,1,0.00,1,1.0000
3201,3923,'2',3.12000E-3,2.88600E-2,0.15252,'',0.00,986.00,888.00,0.00,0.00,0.00,0.00,0.00,0.00,0.00,0.00,0.00,0.00000,0.00000,0.00000,0.00000,1,1,0.00,1,1.0000
3201,3924,'1',1.10000E-3,1.27000E-2,0.04800,'',0.00,1120.00,1120.00,0.00,0.00,0.00,0.00,0.00,0.00,0.00,0.00,0.00,0.00000,0.00000,0.00000,0.00000,1,1,0.00,1,1.0000
3201,3924,'2',1.10000E-3,1.27000E-2,0.04800,'',0.00,1120.00,1120.00,0.00,0.00,0.00,0.00,0.00,0.00,0.00,0.00,0.00,0.00000,0.00000,0.00000,0.00000,1,1,0.00,1,1.0000
3202,3203,'1',1.10000E-3,1.27000E-2,0.04800,'',0.00,1120.00,1120.00,0.00,0.00,0.00,0.00,0.00,0.00,0.00,0.00,0.00,0.00000,0.00000,0.00000,0.00000,0,1,0.00,1,1.0000
3202,3203,'9',3.12000E-3,2.88600E-2,0.15252,'',0.00,986.00,888.00,0.00,0.00,0.00,0.00,0.00,0.00,0.00,0.00,0.00,0.00000,0.00000,0.00000,0.00000,1,1,0.00,1,1.0000
3202,3204,'1',1.10000E-3,1.27000E-2,0.04800,'',0.00,1120.00,1120.00,0.00,0.00,0.00,0.00,0.00,0.00,0.00,0.00,0.00,0.00000,0.00000,0.00000,0.00000,1,1,0.00,1,1.0000
3202,3205,'1',1.10000E-3,1.27000E-2,0.04800,'',0.00,1120.00,1120.00,0.00,0.00,0.00,0.00,0.00,0.00,0.00,0.00,0.00,0.00000,0.00000,0.00000,0.00000,1,2,0.00,1,1.0000
3202,3924,'1',3.12000E-3,2.88600E-2,0.15252,'',0.00,986.00,888.00,0.00,0.00,0.00,0.00,0.00,0.00,0.00,0.00,0.00,0.00000,0.00000,0.00000,0.00000,1,1,0.00,1,1.0000
3202,3924,'2',3.12000E-3,2.88600E-2,0.15252,'',0.00,986.00,888.00,0.00,0.00,0.00,0.00,0.00,0.00,0.00,0.00,0.00,0.00000,0.00000,0.00000,0.00000,1,1,0.00,1,1.0000
3203,3204,'1',1.10000E-3,1.27000E-2,0.04800,'',0.00,1120.00,1120.00,0.00,0.00,0.00,0.00,0.00,0.00,0.00,0.00,0.00,0.00000,0.00000,0.00000,0.00000,1,1,0.00,1,1.0000
3203,3303,'1',1.10000E-3,1.27000E-2,0.04800,'',0.00,1120.00,1120.00,0.00,0.00,0.00,0.00,0.00,0.00,0.00,0.00,0.00,0.00000,0.00000,0.00000,0.00000,1,1,0.00,1,1.0000
3203,3303,'9',3.12000E-3,2.88600E-2,0.15252,'',0.00,986.00,888.00,0.00,0.00,0.00,0.00,0.00,0.00,0.00,0.00,0.00,0.00000,0.00000,0.00000,0.00000,1,1,0.00,1,1.0000
3203,3305,'1',1.10000E-3,1.27000E-2,0.04800,'',0.00,1120.00,1120.00,0.00,0.00,0.00,0.00,0.00,0.00,0.00,0.00,0.00,0.00000,0.00000,0.00000,0.00000,1,1,0.00,1,1.0000
3203,3923,'1',3.12000E-3,2.88600E-2,0.15252,'',0.00,986.00,888.00,0.00,0.00,0.00,0.00,0.00,0.00,0.00,0.00,0.00,0.00000,0.00000,0.00000,0.00000,1,1,0.00,1,1.0000
3203,3923,'2',3.12000E-3,2.88600E-2,0.15252,'',0.00,986.00,888.00,0.00,0.00,0.00,0.00,0.00,0.00,0.00,0.00,0.00,0.00000,0.00000,0.00000,0.00000,1,1,0.00,1,1.0000
3204,3205,'1',1.10000E-3,1.27000E-2,0.04800,'',0.00,1120.00,1120.00,0.00,0.00,0.00,0.00,0.00,0.00,0.00,0.00,0.00,0.00000,0.00000,0.00000,0.00000,1,2,0.00,1,1.0000
3204,3205,'2',1.10000E-3,1.27000E-2,0.04800,'',0.00,1120.00,1120.00,0.00,0.00,0.00,0.00,0.00,0.00,0.00,0.00,0.00,0.00000,0.00000,0.00000,0.00000,1,2,0.00,1,1.0000
3204,3923,'1',3.12000E-3,2.88600E-2,0.15252,'',0.00,986.00,888.00,0.00,0.00,0.00,0.00,0.00,0.00,0.00,0.00,0.00,0.00000,0.00000,0.00000,0.00000,1,1,0.00,1,1.0000
3204,3923,'2',3.12000E-3,2.88600E-2,0.15252,'',0.00,986.00,888.00,0.00,0.00,0.00,0.00,0.00,0.00,0.00,0.00,0.00,0.00000,0.00000,0.00000,0.00000,1,1,0.00,1,1.0000
3205,3914,'1',3.12000E-3,2.88600E-2,0.15252,'',0.00,986.00,888.00,0.00,0.00,0.00,0.00,0.00,0.00,0.00,0.00,0.00,0.00000,0.00000,0.00000,0.00000,1,1,0.00,1,1.0000
3205,3915,'1',3.12000E-3,2.88600E-2,0.15252,'',0.00,986.00,888.00,0.00,0.00,0.00,0.00,0.00,0.00,0.00,0.00,0.00,0.00000,0.00000,0.00000,0.00000,1,1,0.00,1,1.0000
3301,3902,'1',5.30000E-4,1.29700E-2,0.00000,'',0.00,0.00,2450.00,0.00,0.00,0.00,0.00,0.00,0.00,0.00,0.00,0.00,0.00000,0.00000,0.00000,0.00000,1,1,0.00,1,1.0000
3301,3903,'1',5.00000E-4,8.81000E-3,0.59878,'',0.00,0.00,0.00,0.00,0.00,0.00,0.00,0.00,0.00,0.00,0.00,0.00,0.00000,0.00000,0.00000,0.00000,1,1,0.00,1,1.0000
3302,3304,'1',1.10000E-3,1.27000E-2,0.04800,'',0.00,1120.00,1120.00,0.00,0.00,0.00,0.00,0.00,0.00,0.00,0.00,0.00,0.00000,0.00000,0.00000,0.00000,1,1,0.00,1,1.0000
3302,3304,'2',1.10000E-3,1.27000E-2,0.04800,'',0.00,1120.00,1120.00,0.00,0.00,0.00,0.00,0.00,0.00,0.00,0.00,0.00,0.00000,0.00000,0.00000,0.00000,1,1,0.00,1,1.0000
3303,3304,'1',1.10000E-3,1.27000E-2,0.04800,'',0.00,1120.00,1120.00,0.00,0.00,0.00,0.00,0.00,0.00,0.00,0.00,0.00,0.00000,0.00000,0.00000,0.00000,1,1,0.00,1,1.0000
3303,3304,'2',1.10000E-3,1.27000E-2,0.04800,'',0.00,1120.00,1120.00,0.00,0.00,0.00,0.00,0.00,0.00,0.00,0.00,0.00,0.00000,0.00000,0.00000,0.00000,1,1,0.00,1,1.0000
3303,3304,'3',1.10000E-3,1.27000E-2,0.04800,'',0.00,1120.00,1120.00,0.00,0.00,0.00,0.00,0.00,0.00,0.00,0.00,0.00,0.00000,0.00000,0.00000,0.00000,1,1,0.00,1,1.0000
3303,3918,'1',3.12000E-3,2.88600E-2,0.15252,'',0.00,986.00,888.00,0.00,0.00,0.00,0.00,0.00,0.00,0.00,0.00,0.00,0.00000,0.00000,0.00000,0.00000,1,1,0.00,1,1.0000
3303,3918,'2',3.12000E-3,2.88600E-2,0.15252,'',0.00,986.00,888.00,0.00,0.00,0.00,0.00,0.00,0.00,0.00,0.00,0.00,0.00000,0.00000,0.00000,0.00000,1,1,0.00,1,1.0000
3305,3923,'1',3.12000E-3,2.88600E-2,0.15252,'',0.00,986.00,888.00,0.00,0.00,0.00,0.00,0.00,0.00,0.00,0.00,0.00,0.00000,0.00000,0.00000,0.00000,1,1,0.00,1,1.0000
3401,3402,'1',3.12000E-3,2.88600E-2,0.15252,'',0.00,986.00,888.00,0.00,0.00,0.00,0.00,0.00,0.00,0.00,0.00,0.00,0.00000,0.00000,0.00000,0.00000,1,1,0.00,1,1.0000
3401,3402,'2',3.12000E-3,2.88600E-2,0.15252,'',0.00,986.00,888.00,0.00,0.00,0.00,0.00,0.00,0.00,0.00,0.00,0.00,0.00000,0.00000,0.00000,0.00000,1,1,0.00,1,1.0000
3401,3404,'1',3.12000E-3,2.88600E-2,0.15252,'',0.00,986.00,888.00,0.00,0.00,0.00,0.00,0.00,0.00,0.00,0.00,0.00,0.00000,0.00000,0.00000,0.00000,1,1,0.00,1,1.0000
3401,3405,'1',3.12000E-3,2.88600E-2,0.15252,'',0.00,986.00,888.00,0.00,0.00,0.00,0.00,0.00,0.00,0.00,0.00,0.00,0.00000,0.00000,0.00000,0.00000,1,2,0.00,1,1.0000
3401,3405,'2',3.12000E-3,2.88600E-2,0.15252,'',0.00,986.00,888.00,0.00,0.00,0.00,0.00,0.00,0.00,0.00,0.00,0.00,0.00000,0.00000,0.00000,0.00000,1,2,0.00,1,1.0000
3401,3804,'1',3.12000E-3,2.88600E-2,0.15252,'',0.00,986.00,888.00,0.00,0.00,0.00,0.00,0.00,0.00,0.00,0.00,0.00,0.00000,0.00000,0.00000,0.00000,1,1,0.00,1,1.0000
3403,3404,'1',3.12000E-3,2.88600E-2,0.15252,'',0.00,986.00,888.00,0.00,0.00,0.00,0.00,0.00,0.00,0.00,0.00,0.00,0.00000,0.00000,0.00000,0.00000,1,1,0.00,1,1.0000
3403,3804,'1',3.12000E-3,2.88600E-2,0.15252,'',0.00,986.00,888.00,0.00,0.00,0.00,0.00,0.00,0.00,0.00,0.00,0.00,0.00000,0.00000,0.00000,0.00000,1,1,0.00,1,1.0000
3404,3804,'1',3.12000E-3,2.88600E-2,0.15252,'',0.00,986.00,888.00,0.00,0.00,0.00,0.00,0.00,0.00,0.00,0.00,0.00,0.00000,0.00000,0.00000,0.00000,0,1,0.00,1,1.0000
3404,3804,'2',3.12000E-3,2.88600E-2,0.15252,'',0.00,986.00,888.00,0.00,0.00,0.00,0.00,0.00,0.00,0.00,0.00,0.00,0.00000,0.00000,0.00000,0.00000,1,1,0.00,1,1.0000
3404,3917,'1',3.12000E-3,2.88600E-2,0.15252,'',0.00,986.00,888.00,0.00,0.00,0.00,0.00,0.00,0.00,0.00,0.00,0.00,0.00000,0.00000,0.00000,0.00000,1,2,0.00,1,1.0000
3404,3918,'1',3.12000E-3,2.88600E-2,0.15252,'',0.00,986.00,888.00,0.00,0.00,0.00,0.00,0.00,0.00,0.00,0.00,0.00,0.00000,0.00000,0.00000,0.00000,1,2,0.00,1,1.0000
3405,3907,'1',3.12000E-3,2.88600E-2,0.15252,'',0.00,986.00,888.00,0.00,0.00,0.00,0.00,0.00,0.00,0.00,0.00,0.00,0.00000,0.00000,0.00000,0.00000,1,1,0.00,1,1.0000
3405,3907,'2',3.12000E-3,2.88600E-2,0.15252,'',0.00,986.00,888.00,0.00,0.00,0.00,0.00,0.00,0.00,0.00,0.00,0.00,0.00000,0.00000,0.00000,0.00000,1,1,0.00,1,1.0000
3501,3914,'1',3.12000E-3,2.88600E-2,0.15252,'',0.00,986.00,888.00,0.00,0.00,0.00,0.00,0.00,0.00,0.00,0.00,0.00,0.00000,0.00000,0.00000,0.00000,1,1,0.00,1,1.0000
3501,3915,'1',3.12000E-3,2.88600E-2,0.15252,'',0.00,986.00,888.00,0.00,0.00,0.00,0.00,0.00,0.00,0.00,0.00,0.00,0.00000,0.00000,0.00000,0.00000,1,1,0.00,1,1.0000
3601,3925,'1',3.12000E-3,2.88600E-2,0.15252,'',0.00,986.00,888.00,0.00,0.00,0.00,0.00,0.00,0.00,0.00,0.00,0.00,0.00000,0.00000,0.00000,0.00000,1,1,0.00,1,1.0000
3701,3926,'1',3.12000E-3,2.88600E-2,0.15252,'',0.00,986.00,888.00,0.00,0.00,0.00,0.00,0.00,0.00,0.00,0.00,0.00,0.00000,0.00000,0.00000,0.00000,1,1,0.00,1,1.0000
3701,3926,'2',3.12000E-3,2.88600E-2,0.15252,'',0.00,986.00,888.00,0.00,0.00,0.00,0.00,0.00,0.00,0.00,0.00,0.00,0.00000,0.00000,0.00000,0.00000,1,1,0.00,1,1.0000
3801,3802,'1',7.90000E-4,1.93700E-2,1.32850,'',0.00,0.00,0.00,0.00,0.00,0.00,0.00,0.00,0.00,0.00,0.00,0.00,0.00000,0.00000,0.00000,0.00000,1,2,0.00,1,1.0000
3801,3803,'1',8.70000E-4,2.08700E-2,1.45710,'',0.00,0.00,0.00,0.00,0.00,0.00,0.00,0.00,0.00,0.00,0.00,0.00,0.00000,0.00000,0.00000,0.00000,1,1,0.00,1,1.0000
3801,3803,'2',8.70000E-4,2.08700E-2,1.45710,'',0.00,0.00,0.00,0.00,0.00,0.00,0.00,0.00,0.00,0.00,0.00,0.00,0.00000,0.00000,0.00000,0.00000,1,1,0.00,1,1.0000
3802,3891,'1',7.20000E-4,1.60000E-2,1.08790,'',0.00,0.00,2450.00,0.00,0.00,0.00,0.00,0.00,0.00,0.00,0.00,0.00,0.00000,0.00000,0.00000,0.00000,1,1,0.00,1,1.0000
3802,3901,'1',8.30000E-4,1.98500E-2,0.00000,'',0.00,0.00,2450.00,0.00,0.00,0.00,0.00,0.00,0.00,0.00,0.00,0.00,0.00000,0.00000,0.00000,0.00000,1,2,0.00,1,1.0000
3803,3891,'1',2.00000E-5,-9.98000E-3,0.00000,'',0.00,0.00,2450.00,0.00,0.00,0.00,0.00,0.00,0.00,0.00,0.00,0.00,0.00000,0.00000,0.00000,0.00000,1,2,0.00,1,1.0000
3803,3892,'1',1.00000E-7,-9.35000E-3,0.00000,'',0.00,0.00,2134.00,0.00,0.00,0.00,0.00,0.00,0.00,0.00,0.00,0.00,0.00000,0.00000,0.00000,0.00000,1,1,0.00,1,1.0000
3803,3894,'1',1.00000E-7,-9.44000E-3,0.00000,'',0.00,0.00,2134.00,0.00,0.00,0.00,0.00,0.00,0.00,0.00,0.00,0.00,0.00000,0.00000,0.00000,0.00000,1,1,0.00,1,1.0000
3803,3896,'1',1.00000E-7,-9.35000E-3,0.00000,'',0.00,0.00,2134.00,0.00,0.00,0.00,0.00,0.00,0.00,0.00,0.00,0.00,0.00000,0.00000,0.00000,0.00000,1,1,0.00,1,1.0000
3803,3901,'1',1.53000E-3,1.47000E-2,0.00000,'',0.00,0.00,1560.00,0.00,0.00,0.00,0.00,0.00,0.00,0.00,0.00,0.00,0.00000,0.00000,0.00000,0.00000,1,1,0.00,1,1.0000
3804,3806,'1',3.12000E-3,2.88600E-2,0.15252,'',0.00,986.00,888.00,0.00,0.00,0.00,0.00,0.00,0.00,0.00,0.00,0.00,0.00000,0.00000,0.00000,0.00000,1,2,0.00,1,1.0000
3805,3806,'1',3.12000E-3,2.88600E-2,0.15252,'',0.00,986.00,888.00,0.00,0.00,0.00,0.00,0.00,0.00,0.00,0.00,0.00,0.00000,0.00000,0.00000,0.00000,1,2,0.00,1,1.0000
3892,3893,'1',1.23000E-3,2.65900E-2,1.98702,'',0.00,0.00,3600.00,0.00,0.00,0.00,0.00,0.00,0.00,0.00,0.00,0.00,0.00000,0.00000,0.00000,0.00000,1,1,0.00,1,1.0000
3894,3895,'1',1.23000E-3,2.66200E-2,1.98880,'',0.00,0.00,3600.00,0.00,0.00,0.00,0.00,0.00,0.00,0.00,0.00,0.00,0.00000,0.00000,0.00000,0.00000,1,1,0.00,1,1.0000
3896,3897,'1',1.12000E-3,2.51700E-2,1.83586,'',0.00,0.00,3600.00,0.00,0.00,0.00,0.00,0.00,0.00,0.00,0.00,0.00,0.00000,0.00000,0.00000,0.00000,1,1,0.00,1,1.0000
3901,3902,'1',5.30000E-4,1.29700E-2,0.00000,'',0.00,0.00,2450.00,0.00,0.00,0.00,0.00,0.00,0.00,0.00,0.00,0.00,0.00000,0.00000,0.00000,0.00000,1,2,0.00,1,1.0000
3901,3903,'1',9.30000E-4,3.64400E-2,1.38950,'',0.00,0.00,2450.00,0.00,0.00,0.00,0.00,0.00,0.00,0.00,0.00,0.00,0.00000,0.00000,0.00000,0.00000,1,2,0.00,1,1.0000
3901,8002,'1',6.80000E-4,1.58500E-2,1.15126,'',0.00,0.00,1800.00,0.00,0.00,0.00,0.00,0.00,0.00,0.00,0.00,0.00,0.00000,0.00000,0.00000,0.00000,1,2,0.00,1,1.0000
3903,3904,'1',1.00000E-5,3.59000E-3,0.97812,'',0.00,0.00,2450.00,0.00,0.00,0.00,0.00,0.00,0.00,0.00,0.00,0.00,0.00000,0.00000,0.00000,0.00000,1,1,0.00,1,1.0000
3903,3905,'9',9.80000E-4,1.03500E-2,0.00000,'',0.00,0.00,0.00,0.00,0.00,0.00,0.00,0.00,0.00,0.00,0.00,0.00,0.00000,0.00000,0.00000,0.00000,1,1,0.00,1,1.0000
3903,8002,'1',1.65000E-3,5.71900E-2,2.47740,'',0.00,0.00,2450.00,0.00,0.00,0.00,0.00,0.00,0.00,0.00,0.00,0.00,0.00000,0.00000,0.00000,0.00000,1,1,0.00,1,1.0000
3904,3905,'9',1.60000E-3,1.22900E-2,0.00000,'',0.00,0.00,0.00,0.00,0.00,0.00,0.00,0.00,0.00,0.00,0.00,0.00,0.00000,0.00000,0.00000,0.00000,1,1,0.00,1,1.0000
3905,3906,'9',7.20000E-4,3.46000E-3,0.00000,'',0.00,0.00,0.00,0.00,0.00,0.00,0.00,0.00,0.00,0.00,0.00,0.00,0.00000,0.00000,0.00000,0.00000,1,1,0.00,1,1.0000
3906,4001,'1',5.30000E-4,4.56000E-3,0.76350,'',0.00,0.00,0.00,0.00,0.00,0.00,0.00,0.00,0.00,0.00,0.00,0.00,0.00000,0.00000,0.00000,0.00000,1,1,0.00,1,1.0000
3906,4001,'2',5.30000E-4,4.56000E-3,0.76350,'',0.00,0.00,0.00,0.00,0.00,0.00,0.00,0.00,0.00,0.00,0.00,0.00,0.00000,0.00000,0.00000,0.00000,1,1,0.00,1,1.0000
3907,3908,'1',3.12000E-3,2.88600E-2,0.15252,'',0.00,986.00,888.00,0.00,0.00,0.00,0.00,0.00,0.00,0.00,0.00,0.00,0.00000,0.00000,0.00000,0.00000,1,1,0.00,1,1.0000
3907,3923,'1',3.12000E-3,2.88600E-2,0.15252,'',0.00,986.00,888.00,0.00,0.00,0.00,0.00,0.00,0.00,0.00,0.00,0.00,0.00000,0.00000,0.00000,0.00000,1,1,0.00,1,1.0000
3907,8004,'1',1.38200E-2,9.26800E-2,0.11060,'',0.00,0.00,747.00,0.00,0.00,0.00,0.00,0.00,0.00,0.00,0.00,0.00,0.00000,0.00000,0.00000,0.00000,1,1,0.00,1,1.0000
3908,3920,'1',3.12000E-3,2.88600E-2,0.15252,'',0.00,986.00,888.00,0.00,0.00,0.00,0.00,0.00,0.00,0.00,0.00,0.00,0.00000,0.00000,0.00000,0.00000,1,1,0.00,1,1.0000
3909,3919,'1',3.12000E-3,2.88600E-2,0.15252,'',0.00,986.00,888.00,0.00,0.00,0.00,0.00,0.00,0.00,0.00,0.00,0.00,0.00000,0.00000,0.00000,0.00000,1,1,0.00,1,1.0000
3909,3920,'1',3.12000E-3,2.88600E-2,0.15252,'',0.00,986.00,888.00,0.00,0.00,0.00,0.00,0.00,0.00,0.00,0.00,0.00,0.00000,0.00000,0.00000,0.00000,1,1,0.00,1,1.0000
3910,3911,'1',2.48200E-2,1.69380E-1,0.20232,'',0.00,0.00,838.00,0.00,0.00,0.00,0.00,0.00,0.00,0.00,0.00,0.00,0.00000,0.00000,0.00000,0.00000,1,2,0.00,1,1.0000
3910,3924,'1',1.48000E-2,1.01010E-1,0.12066,'',0.00,0.00,838.00,0.00,0.00,0.00,0.00,0.00,0.00,0.00,0.00,0.00,0.00000,0.00000,0.00000,0.00000,1,1,0.00,1,1.0000
3911,3912,'1',1.38200E-2,9.26800E-2,0.11060,'',0.00,0.00,747.00,0.00,0.00,0.00,0.00,0.00,0.00,0.00,0.00,0.00,0.00000,0.00000,0.00000,0.00000,1,1,0.00,1,1.0000
3911,3916,'1',1.66800E-2,1.13810E-1,0.13608,'',0.00,0.00,838.00,0.00,0.00,0.00,0.00,0.00,0.00,0.00,0.00,0.00,0.00000,0.00000,0.00000,0.00000,1,1,0.00,1,1.0000
3911,3921,'1',1.11300E-2,6.67800E-2,0.07286,'',0.00,0.00,752.00,0.00,0.00,0.00,0.00,0.00,0.00,0.00,0.00,0.00,0.00000,0.00000,0.00000,0.00000,1,1,0.00,1,1.0000
3911,3921,'2',1.05000E-2,6.54000E-2,0.06860,'',0.00,0.00,602.00,0.00,0.00,0.00,0.00,0.00,0.00,0.00,0.00,0.00,0.00000,0.00000,0.00000,0.00000,1,1,0.00,1,1.0000
3911,3921,'3',1.10500E-2,6.64200E-2,0.07160,'',0.00,0.00,752.00,0.00,0.00,0.00,0.00,0.00,0.00,0.00,0.00,0.00,0.00000,0.00000,0.00000,0.00000,1,1,0.00,1,1.0000
3911,3924,'1',3.90300E-2,2.74030E-1,0.31072,'',0.00,0.00,747.00,0.00,0.00,0.00,0.00,0.00,0.00,0.00,0.00,0.00,0.00000,0.00000,0.00000,0.00000,1,1,0.00,1,1.0000
3911,8003,'1',1.38200E-2,9.26800E-2,0.11060,'',0.00,0.00,747.00,0.00,0.00,0.00,0.00,0.00,0.00,0.00,0.00,0.00,0.00000,0.00000,0.00000,0.00000,1,1,0.00,1,1.0000
3911,8003,'2',1.38200E-2,9.26800E-2,0.11060,'',0.00,0.00,747.00,0.00,0.00,0.00,0.00,0.00,0.00,0.00,0.00,0.00,0.00000,0.00000,0.00000,0.00000,1,1,0.00,1,1.0000
3912,3924,'1',3.05800E-2,2.04600E-1,0.24472,'',0.00,0.00,747.00,0.00,0.00,0.00,0.00,0.00,0.00,0.00,0.00,0.00,0.00000,0.00000,0.00000,0.00000,1,1,0.00,1,1.0000
3913,3920,'1',3.12000E-3,2.88600E-2,0.15252,'',0.00,986.00,888.00,0.00,0.00,0.00,0.00,0.00,0.00,0.00,0.00,0.00,0.00000,0.00000,0.00000,0.00000,1,1,0.00,1,1.0000
3913,3920,'2',3.12000E-3,2.88600E-2,0.15252,'',0.00,986.00,888.00,0.00,0.00,0.00,0.00,0.00,0.00,0.00,0.00,0.00,0.00000,0.00000,0.00000,0.00000,1,1,0.00,1,1.0000
3913,3923,'1',3.12000E-3,2.88600E-2,0.15252,'',0.00,986.00,888.00,0.00,0.00,0.00,0.00,0.00,0.00,0.00,0.00,0.00,0.00000,0.00000,0.00000,0.00000,1,1,0.00,1,1.0000
3913,8004,'1',1.38200E-2,9.26800E-2,0.11060,'',0.00,0.00,747.00,0.00,0.00,0.00,0.00,0.00,0.00,0.00,0.00,0.00,0.00000,0.00000,0.00000,0.00000,1,1,0.00,1,1.0000
3915,3924,'1',3.12000E-3,2.88600E-2,0.15252,'',0.00,986.00,888.00,0.00,0.00,0.00,0.00,0.00,0.00,0.00,0.00,0.00,0.00000,0.00000,0.00000,0.00000,1,2,0.00,1,1.0000
3916,3924,'1',2.23500E-2,1.61060E-1,0.18342,'',0.00,0.00,838.00,0.00,0.00,0.00,0.00,0.00,0.00,0.00,0.00,0.00,0.00000,0.00000,0.00000,0.00000,1,1,0.00,1,1.0000
3919,3922,'1',3.12000E-3,2.88600E-2,0.15252,'',0.00,986.00,888.00,0.00,0.00,0.00,0.00,0.00,0.00,0.00,0.00,0.00,0.00000,0.00000,0.00000,0.00000,1,1,0.00,1,1.0000
3920,3922,'1',3.12000E-3,2.88600E-2,0.15252,'',0.00,986.00,888.00,0.00,0.00,0.00,0.00,0.00,0.00,0.00,0.00,0.00,0.00000,0.00000,0.00000,0.00000,1,2,0.00,1,1.0000
3923,8005,'1',1.38200E-2,9.26800E-2,0.11060,'',0.00,0.00,747.00,0.00,0.00,0.00,0.00,0.00,0.00,0.00,0.00,0.00,0.00000,0.00000,0.00000,0.00000,1,1,0.00,1,1.0000
3923,8005,'2',1.38200E-2,9.26800E-2,0.11060,'',0.00,0.00,747.00,0.00,0.00,0.00,0.00,0.00,0.00,0.00,0.00,0.00,0.00000,0.00000,0.00000,0.00000,1,1,0.00,1,1.0000
4001,4090,'1',7.20000E-4,1.38200E-2,1.27572,'',0.00,0.00,3600.00,0.00,0.00,0.00,0.00,0.00,0.00,0.00,0.00,0.00,0.00000,0.00000,0.00000,0.00000,1,1,0.00,1,1.0000
4001,4094,'1',7.80000E-4,1.50200E-2,1.13810,'',0.00,0.00,3020.00,0.00,0.00,0.00,0.00,0.00,0.00,0.00,0.00,0.00,0.00000,0.00000,0.00000,0.00000,1,2,0.00,1,1.0000
4001,4097,'1',7.40000E-4,1.41300E-2,1.06634,'',0.00,0.00,3020.00,0.00,0.00,0.00,0.00,0.00,0.00,0.00,0.00,0.00,0.00000,0.00000,0.00000,0.00000,1,2,0.00,1,1.0000
4001,4204,'1',7.80000E-4,2.39000E-3,1.13810,'',0.00,0.00,2400.00,0.00,0.00,0.00,0.00,0.00,0.00,0.00,0.00,0.00,0.00000,0.00000,0.00000,0.00000,1,2,0.00,1,1.0000
4001,8001,'1',1.06000E-3,1.29300E-2,0.00000,'',0.00,0.00,0.00,0.00,0.00,0.00,0.00,0.00,0.00,0.00,0.00,0.00,0.00000,0.00000,0.00000,0.00000,1,1,0.00,1,1.0000
4002,4003,'1',1.22000E-3,2.37300E-2,2.20710,'',0.00,0.00,1732.00,0.00,0.00,0.00,0.00,0.00,0.00,0.00,0.00,0.00,0.00000,0.00000,0.00000,0.00000,1,2,0.00,1,1.0000
4002,4090,'1',1.20000E-4,2.38000E-3,0.21926,'',0.00,0.00,2000.00,0.00,0.00,0.00,0.00,0.00,0.00,0.00,0.00,0.00,0.00000,0.00000,0.00000,0.00000,1,2,0.00,1,1.0000
4002,4091,'1',6.00000E-4,1.03600E-2,1.01456,'',0.00,0.00,2000.00,0.00,0.00,0.00,0.00,0.00,0.00,0.00,0.00,0.00,0.00000,0.00000,0.00000,0.00000,1,2,0.00,1,1.0000
4003,6101,'1',2.64000E-3,2.68900E-2,5.29066,'',0.00,0.00,1732.00,0.00,0.00,0.00,0.00,0.00,0.00,0.00,0.00,0.00,0.00000,0.00000,0.00000,0.00000,1,1,0.00,1,1.0000
4004,4005,'1',6.30000E-4,1.41200E-2,1.09756,'',0.00,0.00,3450.00,0.00,0.00,0.00,0.00,0.00,0.00,0.00,0.00,0.00,0.00000,0.00000,0.00000,0.00000,1,2,0.00,1,1.0000
4004,4005,'2',1.09000E-3,2.40800E-2,1.55542,'',0.00,0.00,3020.00,0.00,0.00,0.00,0.00,0.00,0.00,0.00,0.00,0.00,0.00000,0.00000,0.00000,0.00000,1,2,0.00,1,1.0000
4004,4005,'3',1.08000E-3,2.40900E-2,1.55348,'',0.00,0.00,3020.00,0.00,0.00,0.00,0.00,0.00,0.00,0.00,0.00,0.00,0.00000,0.00000,0.00000,0.00000,1,2,0.00,1,1.0000
4004,4091,'1',4.10000E-4,7.37000E-3,0.72694,'',0.00,0.00,3450.00,0.00,0.00,0.00,0.00,0.00,0.00,0.00,0.00,0.00,0.00000,0.00000,0.00000,0.00000,1,1,0.00,1,1.0000
4004,4092,'1',6.60000E-4,1.26600E-2,0.95976,'',0.00,0.00,3020.00,0.00,0.00,0.00,0.00,0.00,0.00,0.00,0.00,0.00,0.00000,0.00000,0.00000,0.00000,1,1,0.00,1,1.0000
4004,4095,'1',6.60000E-4,1.26600E-2,0.95976,'',0.00,0.00,3020.00,0.00,0.00,0.00,0.00,0.00,0.00,0.00,0.00,0.00,0.00000,0.00000,0.00000,0.00000,1,1,0.00,1,1.0000
4005,4006,'1',2.30000E-4,4.51000E-3,0.33320,'',0.00,0.00,2175.00,0.00,0.00,0.00,0.00,0.00,0.00,0.00,0.00,0.00,0.00000,0.00000,0.00000,0.00000,1,1,0.00,1,1.0000
4005,4006,'2',2.00000E-4,4.46000E-3,0.30500,'',0.00,0.00,2175.00,0.00,0.00,0.00,0.00,0.00,0.00,0.00,0.00,0.00,0.00000,0.00000,0.00000,0.00000,1,1,0.00,1,1.0000
4005,4102,'1',1.20000E-3,2.31600E-2,1.71520,'',0.00,0.00,0.00,0.00,0.00,0.00,0.00,0.00,0.00,0.00,0.00,0.00,0.00000,0.00000,0.00000,0.00000,1,2,0.00,1,1.0000
4005,4102,'2',3.00000E-4,2.00000E-2,3.60000,'',0.00,0.00,0.00,0.00,0.00,0.00,0.00,0.00,0.00,0.00,0.00,0.00,0.00000,0.00000,0.00000,0.00000,1,2,0.00,1,1.0000
4005,4202,'1',2.00000E-4,8.20000E-3,1.30000,'',0.00,0.00,0.00,0.00,0.00,0.00,0.00,0.00,0.00,0.00,0.00,0.00,0.00000,0.00000,0.00000,0.00000,1,2,0.00,1,1.0000
4005,6202,'1',1.96000E-3,3.30400E-2,1.88000,'',0.00,0.00,0.00,0.00,0.00,0.00,0.00,0.00,0.00,0.00,0.00,0.00,0.00000,0.00000,0.00000,0.00000,1,1,0.00,1,1.0000
4006,4007,'1',1.00000E-5,3.00000E-4,0.01434,'',0.00,0.00,3450.00,0.00,0.00,0.00,0.00,0.00,0.00,0.00,0.00,0.00,0.00000,0.00000,0.00000,0.00000,1,1,0.00,1,1.0000
4006,4007,'2',1.00000E-5,3.00000E-4,0.01844,'',0.00,0.00,3450.00,0.00,0.00,0.00,0.00,0.00,0.00,0.00,0.00,0.00,0.00000,0.00000,0.00000,0.00000,1,1,0.00,1,1.0000
4006,4202,'1',2.00000E-4,8.20000E-3,1.30000,'',0.00,0.00,0.00,0.00,0.00,0.00,0.00,0.00,0.00,0.00,0.00,0.00,0.00000,0.00000,0.00000,0.00000,1,2,0.00,1,1.0000
4008,6401,'1',6.20000E-3,6.73000E-2,1.11560,'',0.00,0.00,0.00,0.00,0.00,0.00,0.00,0.00,0.00,0.00,0.00,0.00,0.00000,0.00000,0.00000,0.00000,1,2,0.00,1,1.0000
4009,4010,'1',6.00000E-5,1.31000E-3,0.00378,'',0.00,0.00,3020.00,0.00,0.00,0.00,0.00,0.00,0.00,0.00,0.00,0.00,0.00000,0.00000,0.00000,0.00000,1,1,0.00,1,1.0000
4009,4010,'2',6.00000E-5,1.16000E-3,0.00332,'',0.00,0.00,3020.00,0.00,0.00,0.00,0.00,0.00,0.00,0.00,0.00,0.00,0.00000,0.00000,0.00000,0.00000,1,1,0.00,1,1.0000
4009,4104,'1',2.00000E-3,2.00000E-2,0.80000,'',0.00,0.00,0.00,0.00,0.00,0.00,0.00,0.00,0.00,0.00,0.00,0.00,0.00000,0.00000,0.00000,0.00000,1,1,0.00,1,1.0000
4092,4093,'1',1.00000E-7,1.65000E-3,0.00000,'',0.00,0.00,2400.00,0.00,0.00,0.00,0.00,0.00,0.00,0.00,0.00,0.00,0.00000,0.00000,0.00000,0.00000,1,1,0.00,1,1.0000
4093,4094,'1',1.00000E-7,-1.26300E-2,0.00000,'',0.00,0.00,2400.00,0.00,0.00,0.00,0.00,0.00,0.00,0.00,0.00,0.00,0.00000,0.00000,0.00000,0.00000,1,1,0.00,1,1.0000
4095,4096,'1',1.00000E-7,1.65000E-3,0.00000,'',0.00,0.00,2000.00,0.00,0.00,0.00,0.00,0.00,0.00,0.00,0.00,0.00,0.00000,0.00000,0.00000,0.00000,1,1,0.00,1,1.0000
4096,4097,'1',1.00000E-7,-1.26300E-2,0.00000,'',0.00,0.00,2000.00,0.00,0.00,0.00,0.00,0.00,0.00,0.00,0.00,0.00,0.00000,0.00000,0.00000,0.00000,1,1,0.00,1,1.0000
4101,4102,'1',1.13000E-3,2.06900E-2,1.85526,'',0.00,0.00,0.00,0.00,0.00,0.00,0.00,0.00,0.00,0.00,0.00,0.00,0.00000,0.00000,0.00000,0.00000,1,2,0.00,1,1.0000
4101,4102,'2',1.13000E-3,2.06900E-2,1.85526,'',0.00,0.00,0.00,0.00,0.00,0.00,0.00,0.00,0.00,0.00,0.00,0.00,0.00000,0.00000,0.00000,0.00000,1,2,0.00,1,1.0000
4101,4103,'1',7.00000E-4,7.40000E-2,4.87000,'',0.00,0.00,0.00,0.00,0.00,0.00,0.00,0.00,0.00,0.00,0.00,0.00,0.00000,0.00000,0.00000,0.00000,1,2,0.00,1,1.0000
4101,4103,'2',2.00000E-3,2.00000E-2,0.80000,'',0.00,0.00,0.00,0.00,0.00,0.00,0.00,0.00,0.00,0.00,0.00,0.00,0.00000,0.00000,0.00000,0.00000,1,1,0.00,1,1.0000
4101,4201,'1',2.00000E-4,8.20000E-3,1.30000,'',0.00,0.00,0.00,0.00,0.00,0.00,0.00,0.00,0.00,0.00,0.00,0.00,0.00000,0.00000,0.00000,0.00000,1,2,0.00,1,1.0000
4101,4201,'2',2.00000E-4,8.20000E-3,1.30000,'',0.00,0.00,0.00,0.00,0.00,0.00,0.00,0.00,0.00,0.00,0.00,0.00,0.00000,0.00000,0.00000,0.00000,1,2,0.00,1,1.0000
4102,4201,'1',2.00000E-4,8.20000E-3,1.30000,'',0.00,0.00,0.00,0.00,0.00,0.00,0.00,0.00,0.00,0.00,0.00,0.00,0.00000,0.00000,0.00000,0.00000,1,2,0.00,1,1.0000
4102,4201,'2',2.00000E-4,8.20000E-3,1.30000,'',0.00,0.00,0.00,0.00,0.00,0.00,0.00,0.00,0.00,0.00,0.00,0.00,0.00000,0.00000,0.00000,0.00000,1,2,0.00,1,1.0000
4102,4202,'1',2.00000E-4,8.20000E-3,1.30000,'',0.00,0.00,0.00,0.00,0.00,0.00,0.00,0.00,0.00,0.00,0.00,0.00,0.00000,0.00000,0.00000,0.00000,1,2,0.00,1,1.0000
4102,4202,'2',2.00000E-4,8.20000E-3,1.30000,'',0.00,0.00,0.00,0.00,0.00,0.00,0.00,0.00,0.00,0.00,0.00,0.00,0.00000,0.00000,0.00000,0.00000,1,2,0.00,1,1.0000
4102,6202,'1',1.42000E-3,2.25800E-2,1.88000,'',0.00,0.00,0.00,0.00,0.00,0.00,0.00,0.00,0.00,0.00,0.00,0.00,0.00000,0.00000,0.00000,0.00000,1,1,0.00,1,1.0000
4103,6202,'1',7.00000E-4,7.40000E-2,4.87000,'',0.00,0.00,0.00,0.00,0.00,0.00,0.00,0.00,0.00,0.00,0.00,0.00,0.00000,0.00000,0.00000,0.00000,1,2,0.00,1,1.0000
4104,5004,'1',2.00000E-3,8.00000E-2,0.80000,'',0.00,0.00,0.00,0.00,0.00,0.00,0.00,0.00,0.00,0.00,0.00,0.00,0.00000,0.00000,0.00000,0.00000,1,1,0.00,1,1.0000
4201,4202,'1',1.09000E-3,2.40800E-2,1.55542,'',0.00,0.00,3020.00,0.00,0.00,0.00,0.00,0.00,0.00,0.00,0.00,0.00,0.00000,0.00000,0.00000,0.00000,1,2,0.00,1,1.0000
4201,5001,'1',8.30000E-4,2.00000E-2,3.30000,'',0.00,0.00,0.00,0.00,0.00,0.00,0.00,0.00,0.00,0.00,0.00,0.00,0.00000,0.00000,0.00000,0.00000,1,1,0.00,1,1.0000
4202,4203,'1',6.60000E-4,1.65000E-3,0.95976,'',0.00,0.00,3020.00,0.00,0.00,0.00,0.00,0.00,0.00,0.00,0.00,0.00,0.00000,0.00000,0.00000,0.00000,1,1,0.00,1,1.0000
4203,4204,'1',7.40000E-4,1.26600E-2,1.08220,'',0.00,0.00,2400.00,0.00,0.00,0.00,0.00,0.00,0.00,0.00,0.00,0.00,0.00000,0.00000,0.00000,0.00000,1,1,0.00,1,1.0000
5001,5002,'1',3.50000E-3,7.00000E-3,4.60600,'',0.00,0.00,0.00,0.00,0.00,0.00,0.00,0.00,0.00,0.00,0.00,0.00,0.00000,0.00000,0.00000,0.00000,1,1,0.00,1,1.0000
5003,5004,'1',2.00000E-3,8.00000E-2,0.80000,'',0.00,0.00,0.00,0.00,0.00,0.00,0.00,0.00,0.00,0.00,0.00,0.00,0.00000,0.00000,0.00000,0.00000,1,1,0.00,1,1.0000
6102,6103,'1',1.20000E-3,2.31600E-3,1.71520,'',0.00,0.00,0.00,0.00,0.00,0.00,0.00,0.00,0.00,0.00,0.00,0.00,0.00000,0.00000,0.00000,0.00000,1,2,0.00,1,1.0000
6102,6301,'1',1.00000E-7,4.60000E-3,0.30000,'',0.00,0.00,2000.00,0.00,0.00,0.00,0.00,0.00,0.00,0.00,0.00,0.00,0.00000,0.00000,0.00000,0.00000,1,1,0.00,1,1.0000
6102,6403,'1',6.20000E-3,6.73000E-2,1.11560,'',0.00,0.00,0.00,0.00,0.00,0.00,0.00,0.00,0.00,0.00,0.00,0.00,0.00000,0.00000,0.00000,0.00000,1,2,0.00,1,1.0000
6103,6301,'1',1.00000E-7,4.60000E-3,0.00000,'',0.00,0.00,2000.00,0.00,0.00,0.00,0.00,0.00,0.00,0.00,0.00,0.00,0.00000,0.00000,0.00000,0.00000,1,1,0.00,1,1.0000
6103,6301,'2',1.00000E-7,4.60000E-3,0.00000,'',0.00,0.00,2000.00,0.00,0.00,0.00,0.00,0.00,0.00,0.00,0.00,0.00,0.00000,0.00000,0.00000,0.00000,1,1,0.00,1,1.0000
6103,6501,'1',6.20000E-3,6.73000E-2,1.11560,'',0.00,0.00,0.00,0.00,0.00,0.00,0.00,0.00,0.00,0.00,0.00,0.00,0.00000,0.00000,0.00000,0.00000,1,2,0.00,1,1.0000
6103,6501,'2',6.20000E-3,6.73000E-2,1.11560,'',0.00,0.00,0.00,0.00,0.00,0.00,0.00,0.00,0.00,0.00,0.00,0.00,0.00000,0.00000,0.00000,0.00000,1,2,0.00,1,1.0000
6104,6204,'1',1.08000E-2,9.65000E-2,0.32960,'',0.00,0.00,0.00,0.00,0.00,0.00,0.00,0.00,0.00,0.00,0.00,0.00,0.00000,0.00000,0.00000,0.00000,1,1,0.00,1,1.0000
6104,6305,'1',1.08000E-2,9.65000E-2,0.32960,'',0.00,0.00,0.00,0.00,0.00,0.00,0.00,0.00,0.00,0.00,0.00,0.00,0.00000,0.00000,0.00000,0.00000,1,1,0.00,1,1.0000
6201,6202,'1',1.79000E-3,1.40500E-2,3.68000,'',0.00,0.00,0.00,0.00,0.00,0.00,0.00,0.00,0.00,0.00,0.00,0.00,0.00000,0.00000,0.00000,0.00000,1,2,0.00,1,1.0000
6203,6205,'1',7.00000E-4,7.40000E-2,0.48770,'',0.00,0.00,0.00,0.00,0.00,0.00,0.00,0.00,0.00,0.00,0.00,0.00,0.00000,0.00000,0.00000,0.00000,1,2,0.00,1,1.0000
6203,6303,'1',1.08000E-2,9.65000E-2,0.32960,'',0.00,0.00,0.00,0.00,0.00,0.00,0.00,0.00,0.00,0.00,0.00,0.00,0.00000,0.00000,0.00000,0.00000,1,1,0.00,1,1.0000
6203,6303,'2',1.08000E-2,9.65000E-2,0.32960,'',0.00,0.00,0.00,0.00,0.00,0.00,0.00,0.00,0.00,0.00,0.00,0.00,0.00000,0.00000,0.00000,0.00000,1,1,0.00,1,1.0000
6203,6304,'1',1.08000E-2,9.65000E-2,0.32960,'',0.00,0.00,0.00,0.00,0.00,0.00,0.00,0.00,0.00,0.00,0.00,0.00,0.00000,0.00000,0.00000,0.00000,1,1,0.00,1,1.0000
6204,6205,'1',7.00000E-4,2.50000E-2,0.48700,'',0.00,0.00,0.00,0.00,0.00,0.00,0.00,0.00,0.00,0.00,0.00,0.00,0.00000,0.00000,0.00000,0.00000,1,2,0.00,1,1.0000
6302,7001,'1',1.00000E-7,4.60000E-3,0.00000,'',0.00,0.00,2000.00,0.00,0.00,0.00,0.00,0.00,0.00,0.00,0.00,0.00,0.00000,0.00000,0.00000,0.00000,1,1,0.00,1,1.0000
6303,6304,'1',1.08000E-2,9.65000E-2,0.32960,'',0.00,0.00,0.00,0.00,0.00,0.00,0.00,0.00,0.00,0.00,0.00,0.00,0.00000,0.00000,0.00000,0.00000,1,1,0.00,1,1.0000
6303,6305,'1',1.08000E-2,9.65000E-2,0.32960,'',0.00,0.00,0.00,0.00,0.00,0.00,0.00,0.00,0.00,0.00,0.00,0.00,0.00000,0.00000,0.00000,0.00000,1,1,0.00,1,1.0000
6303,6305,'2',1.08000E-2,9.65000E-2,0.32960,'',0.00,0.00,0.00,0.00,0.00,0.00,0.00,0.00,0.00,0.00,0.00,0.00,0.00000,0.00000,0.00000,0.00000,1,1,0.00,1,1.0000
6305,6510,'1',5.48000E-3,4.82500E-2,0.32960,'',0.00,0.00,0.00,0.00,0.00,0.00,0.00,0.00,0.00,0.00,0.00,0.00,0.00000,0.00000,0.00000,0.00000,1,1,0.00,1,1.0000
6305,6510,'2',5.40000E-3,4.82500E-2,0.32960,'',0.00,0.00,0.00,0.00,0.00,0.00,0.00,0.00,0.00,0.00,0.00,0.00,0.00000,0.00000,0.00000,0.00000,1,1,0.00,1,1.0000
6401,6403,'1',6.20000E-3,6.73000E-2,1.11560,'',0.00,0.00,0.00,0.00,0.00,0.00,0.00,0.00,0.00,0.00,0.00,0.00,0.00000,0.00000,0.00000,0.00000,1,2,0.00,1,1.0000
6401,6403,'2',6.20000E-3,6.73000E-2,1.11560,'',0.00,0.00,0.00,0.00,0.00,0.00,0.00,0.00,0.00,0.00,0.00,0.00,0.00000,0.00000,0.00000,0.00000,1,2,0.00,1,1.0000
6401,6404,'1',1.08000E-2,9.65000E-2,0.32960,'',0.00,0.00,0.00,0.00,0.00,0.00,0.00,0.00,0.00,0.00,0.00,0.00,0.00000,0.00000,0.00000,0.00000,1,1,0.00,1,1.0000
6403,6404,'1',6.20000E-3,6.73000E-2,1.11560,'',0.00,0.00,0.00,0.00,0.00,0.00,0.00,0.00,0.00,0.00,0.00,0.00,0.00000,0.00000,0.00000,0.00000,1,2,0.00,1,1.0000
6404,6507,'1',1.08000E-2,9.65000E-2,0.32960,'',0.00,0.00,0.00,0.00,0.00,0.00,0.00,0.00,0.00,0.00,0.00,0.00,0.00000,0.00000,0.00000,0.00000,1,1,0.00,1,1.0000
6501,6502,'1',2.40000E-3,3.32000E-3,0.58490,'',0.00,0.00,0.00,0.00,0.00,0.00,0.00,0.00,0.00,0.00,0.00,0.00,0.00000,0.00000,0.00000,0.00000,1,2,0.00,1,1.0000
6501,6504,'1',2.10000E-3,2.38000E-3,0.38450,'',0.00,0.00,0.00,0.00,0.00,0.00,0.00,0.00,0.00,0.00,0.00,0.00,0.00000,0.00000,0.00000,0.00000,1,1,0.00,1,1.0000
6501,6509,'1',1.60000E-3,2.26000E-2,0.38100,'',0.00,0.00,0.00,0.00,0.00,0.00,0.00,0.00,0.00,0.00,0.00,0.00,0.00000,0.00000,0.00000,0.00000,1,1,0.00,1,1.0000
6501,6509,'2',1.60000E-3,2.26000E-2,0.38100,'',0.00,0.00,0.00,0.00,0.00,0.00,0.00,0.00,0.00,0.00,0.00,0.00,0.00000,0.00000,0.00000,0.00000,1,1,0.00,1,1.0000
6502,6503,'1',5.20000E-3,6.02000E-2,1.01000,'',0.00,0.00,0.00,0.00,0.00,0.00,0.00,0.00,0.00,0.00,0.00,0.00,0.00000,0.00000,0.00000,0.00000,1,1,0.00,1,1.0000
6502,6503,'2',4.90000E-3,5.37000E-2,0.88430,'',0.00,0.00,0.00,0.00,0.00,0.00,0.00,0.00,0.00,0.00,0.00,0.00,0.00000,0.00000,0.00000,0.00000,1,1,0.00,1,1.0000
6502,6504,'1',1.70000E-3,2.25000E-3,0.39920,'',0.00,0.00,0.00,0.00,0.00,0.00,0.00,0.00,0.00,0.00,0.00,0.00,0.00000,0.00000,0.00000,0.00000,0,1,0.00,1,1.0000
6502,6504,'2',2.10000E-3,2.38000E-3,0.38450,'',0.00,0.00,0.00,0.00,0.00,0.00,0.00,0.00,0.00,0.00,0.00,0.00,0.00000,0.00000,0.00000,0.00000,1,1,0.00,1,1.0000
6502,6504,'3',1.70000E-3,2.25000E-3,0.39920,'',0.00,0.00,0.00,0.00,0.00,0.00,0.00,0.00,0.00,0.00,0.00,0.00,0.00000,0.00000,0.00000,0.00000,1,1,0.00,1,1.0000
6502,6504,'4',2.10000E-3,2.38000E-3,0.38450,'',0.00,0.00,0.00,0.00,0.00,0.00,0.00,0.00,0.00,0.00,0.00,0.00,0.00000,0.00000,0.00000,0.00000,0,1,0.00,1,1.0000
6502,6508,'1',1.20000E-3,1.72000E-2,0.29870,'',0.00,0.00,0.00,0.00,0.00,0.00,0.00,0.00,0.00,0.00,0.00,0.00,0.00000,0.00000,0.00000,0.00000,1,1,0.00,1,1.0000
6502,6509,'1',8.00000E-4,1.06000E-3,0.20390,'',0.00,0.00,0.00,0.00,0.00,0.00,0.00,0.00,0.00,0.00,0.00,0.00,0.00000,0.00000,0.00000,0.00000,1,1,0.00,1,1.0000
6502,6509,'2',8.00000E-4,1.06000E-3,0.20390,'',0.00,0.00,0.00,0.00,0.00,0.00,0.00,0.00,0.00,0.00,0.00,0.00,0.00000,0.00000,0.00000,0.00000,1,1,0.00,1,1.0000
6503,6504,'1',3.20000E-3,3.49000E-2,0.57220,'',0.00,0.00,0.00,0.00,0.00,0.00,0.00,0.00,0.00,0.00,0.00,0.00,0.00000,0.00000,0.00000,0.00000,1,1,0.00,1,1.0000
6503,6505,'1',9.60000E-3,8.78000E-2,1.42650,'',0.00,0.00,0.00,0.00,0.00,0.00,0.00,0.00,0.00,0.00,0.00,0.00,0.00000,0.00000,0.00000,0.00000,1,1,0.00,1,1.0000
6503,6507,'1',3.40000E-3,3.74000E-2,0.62080,'',0.00,0.00,0.00,0.00,0.00,0.00,0.00,0.00,0.00,0.00,0.00,0.00,0.00000,0.00000,0.00000,0.00000,1,1,0.00,1,1.0000
6503,6507,'2',3.40000E-3,3.72000E-2,0.61820,'',0.00,0.00,0.00,0.00,0.00,0.00,0.00,0.00,0.00,0.00,0.00,0.00,0.00000,0.00000,0.00000,0.00000,1,1,0.00,1,1.0000
6503,6508,'1',3.40000E-3,3.92000E-2,0.65240,'',0.00,0.00,0.00,0.00,0.00,0.00,0.00,0.00,0.00,0.00,0.00,0.00,0.00000,0.00000,0.00000,0.00000,1,1,0.00,1,1.0000
6504,6507,'1',3.80000E-3,3.40000E-2,0.58240,'',0.00,0.00,0.00,0.00,0.00,0.00,0.00,0.00,0.00,0.00,0.00,0.00,0.00000,0.00000,0.00000,0.00000,1,1,0.00,1,1.0000
6504,6507,'2',3.20000E-3,3.49000E-2,0.57220,'',0.00,0.00,0.00,0.00,0.00,0.00,0.00,0.00,0.00,0.00,0.00,0.00,0.00000,0.00000,0.00000,0.00000,1,1,0.00,1,1.0000
6504,7002,'1',8.11000E-3,1.36900E-1,2.43480,'',0.00,0.00,0.00,0.00,0.00,0.00,0.00,0.00,0.00,0.00,0.00,0.00,0.00000,0.00000,0.00000,0.00000,1,1,0.00,1,1.0000
7001,7002,'1',1.00000E-7,4.60000E-3,0.00000,'',0.00,0.00,2000.00,0.00,0.00,0.00,0.00,0.00,0.00,0.00,0.00,0.00,0.00000,0.00000,0.00000,0.00000,1,1,0.00,1,1.0000
8001,8002,'9',1.59000E-3,1.11000E-2,0.00000,'',0.00,0.00,0.00,0.00,0.00,0.00,0.00,0.00,0.00,0.00,0.00,0.00,0.00000,0.00000,0.00000,0.00000,1,1,0.00,1,1.0000
8003,8004,'1',1.95200E-2,1.37020E-1,0.15536,'',0.00,0.00,747.00,0.00,0.00,0.00,0.00,0.00,0.00,0.00,0.00,0.00,0.00000,0.00000,0.00000,0.00000,1,1,0.00,1,1.0000
8003,8005,'1',3.90300E-2,2.74030E-1,0.31072,'',0.00,0.00,747.00,0.00,0.00,0.00,0.00,0.00,0.00,0.00,0.00,0.00,0.00000,0.00000,0.00000,0.00000,1,1,0.00,1,1.0000
8003,8005,'2',3.90300E-2,2.74030E-1,0.31072,'',0.00,0.00,747.00,0.00,0.00,0.00,0.00,0.00,0.00,0.00,0.00,0.00,0.00000,0.00000,0.00000,0.00000,1,1,0.00,1,1.0000
8004,8005,'1',1.95200E-2,1.37020E-1,0.15536,'',0.00,0.00,747.00,0.00,0.00,0.00,0.00,0.00,0.00,0.00,0.00,0.00,0.00000,0.00000,0.00000,0.00000,1,1,0.00,1,1.0000