,G3000790
metadata_index,183083
upgrade,0
weight,1.8706521585294562
in.sqft,3000.0
calc.weighted.sqft,5611.956475588368
in.upgrade_name,Baseline
applicability,True
in.building_america_climate_zone,Cold
in.cambium_grid_region,MROWc
in.census_division_name,Mountain
in.census_region_name,West
in.cluster_id,57.0
in.cluster_name,Rural Rocky Mountains North
in.county_name,"MT, Prairie County"
in.iso_rto_region,MISO
in.nhgis_puma_gisjoin,G30000600
in.nhgis_tract_gisjoin,G3000790000100
in.reeds_balancing_area,35.0
in.state,MT
in.state_name,Montana
in.airtightness..m3_per_m2_s,20.0
in.ashrae_iecc_climate_zone_2006,6B
in.aspect_ratio,4
in.building_subtype,strip_mall_restaurant10
in.cejst_is_disadvantaged,True
in.comstock_building_type,RetailStripmall
in.comstock_building_type_group,Mercantile
in.economizer_changeover_temperature_fault_applicable,False
in.economizer_damper_stuck_fault_applicable,False
in.economizer_damper_stuck_fault_timing,No fault
in.ejscreen_census_tract_percentile_for_demographic_index,23.060766881
in.ejscreen_census_tract_percentile_for_less_than_hs_educ,37.1370020901
in.ejscreen_census_tract_percentile_for_low_income,60.0231066274
in.ejscreen_census_tract_percentile_for_people_in_ling_isol,22.02924172
in.ejscreen_census_tract_percentile_for_people_of_color,0.760781650144
in.ejscreen_census_tract_percentile_for_people_over_64,96.1382567392
in.ejscreen_census_tract_percentile_percent_people_under_5,36.2508156086
in.energy_code_followed_during_last_ext_lighting_replacement,ComStock DOE Ref 1980-2004
in.energy_code_followed_during_last_hvac_replacement,ComStock DOE Ref 1980-2004
in.energy_code_followed_during_last_int_equipment_replacement,ComStock 90.1-2007
in.energy_code_followed_during_last_roof_replacement,ComStock DOE Ref Pre-1980
in.energy_code_followed_during_last_svc_water_htg_replacement,ComStock 90.1-2010
in.energy_code_followed_during_last_walls_replacement,ComStock DOE Ref Pre-1980
in.energy_code_followed_during_original_building_construction,ComStock DOE Ref Pre-1980
in.floor_area_category,1001_5000
in.heating_fuel,Electricity
in.hvac_category,Multizone CAV/VAV
in.hvac_combined_type,Central Multi-zone VAV RTU_Furnace_DX
in.hvac_cool_type,DX
in.hvac_heat_type,Furnace
in.hvac_night_variability,night_fanon_vent
in.hvac_system_type,PVAV with gas heat with electric reheat
in.hvac_vent_type,Central Multi-zone VAV RTU
in.interior_lighting_generation,gen2_t8_halogen
in.number_of_stories,1
in.number_stories,1
in.ownership_type,leased
in.party_responsible_for_operation,building_owner_or_tenant
in.purchase_input_responsibility,building_owner_or_tenant
in.rotation..degrees,90
in.service_water_heating_fuel,Electricity
in.tstat_clg_delta_f..delta_f,3
in.tstat_clg_sp_f..f,71
in.tstat_htg_delta_f..delta_f,8
in.tstat_htg_sp_f..f,68
in.vintage,Before 1946
in.wall_construction_type,SteelFramed
in.weather_file_2018,USA_MT_Dawson.Community.726676_2018.epw
in.weather_file_tmy3,Glendive_Awos
in.weekday_opening_time..hr,8.25
in.weekday_operating_hours..hr,12.25
in.weekend_opening_time..hr,4.25
in.weekend_operating_hours..hr,9
in.window_to_wall_ratio_category,_1pct
in.window_type,Single - No LowE - Clear - Aluminum
in.year_built,1914
out.district_cooling.cooling.energy_consumption,0.0
out.district_cooling.cooling.energy_savings,0.0
out.district_cooling.total.energy_consumption,0.0
out.district_cooling.total.energy_savings,0.0
out.district_heating.cooling.energy_consumption,0.0
out.district_heating.cooling.energy_savings,0.0
out.district_heating.heating.energy_consumption,0.0
out.district_heating.heating.energy_savings,0.0
out.district_heating.total.energy_consumption,0.0
out.district_heating.total.energy_savings,0.0
out.district_heating.water_systems.energy_consumption,0.0
out.district_heating.water_systems.energy_savings,0.0
out.electricity.cooling.energy_consumption,5286.111111111111
out.electricity.cooling.energy_savings,0.0
out.electricity.exterior_lighting.energy_consumption,8952.777777777776
out.electricity.exterior_lighting.energy_savings,0.0
out.electricity.fans.energy_consumption,19641.666666666668
out.electricity.fans.energy_savings,0.0
out.electricity.heat_recovery.energy_consumption,0.0
out.electricity.heat_recovery.energy_savings,0.0
out.electricity.heat_rejection.energy_consumption,0.0
out.electricity.heat_rejection.energy_savings,0.0
out.electricity.heating.energy_consumption,51447.222222222226
out.electricity.heating.energy_savings,0.0
out.electricity.interior_equipment.energy_consumption,7252.777777777778
out.electricity.interior_equipment.energy_savings,0.0
out.electricity.interior_lighting.energy_consumption,15880.555555555557
out.electricity.interior_lighting.energy_savings,0.0
out.electricity.pumps.energy_consumption,0.0
out.electricity.pumps.energy_savings,0.0
out.electricity.refrigeration.energy_consumption,0.0
out.electricity.refrigeration.energy_savings,0.0
out.electricity.total.apr.energy_consumption..kwh,9980.175762576586
out.electricity.total.aug.energy_consumption..kwh,7621.461548050881
out.electricity.total.dec.energy_consumption..kwh,14299.042069817488
out.electricity.total.energy_consumption,122244.44444444445
out.electricity.total.energy_savings,0.0
out.electricity.total.feb.energy_consumption..kwh,13487.110674001378
out.electricity.total.jan.energy_consumption..kwh,13565.380741217372
out.electricity.total.jul.energy_consumption..kwh,7845.677588713056
out.electricity.total.jun.energy_consumption..kwh,7271.936608745896
out.electricity.total.mar.energy_consumption..kwh,11873.573429759388
out.electricity.total.may.energy_consumption..kwh,7828.309768438424
out.electricity.total.nov.energy_consumption..kwh,11692.38455373976
out.electricity.total.oct.energy_consumption..kwh,9255.344643670976
out.electricity.total.sep.energy_consumption..kwh,7524.777983912053
out.electricity.water_systems.energy_consumption,13783.333333333334
out.electricity.water_systems.energy_savings,0.0
out.natural_gas.cooling.energy_savings,0.0
out.natural_gas.heating.energy_consumption,35538.88888888888
out.natural_gas.heating.energy_savings,0.0
out.natural_gas.interior_equipment.energy_consumption,0.0
out.natural_gas.interior_equipment.energy_savings,0.0
out.natural_gas.total.energy_consumption,35538.88888888888
out.natural_gas.total.energy_savings,0.0
out.natural_gas.water_systems.energy_consumption,0.0
out.natural_gas.water_systems.energy_savings,0.0
out.other_fuel.cooling.energy_consumption,0.0
out.other_fuel.cooling.energy_savings,0.0
out.other_fuel.heating.energy_consumption,0.0
out.other_fuel.heating.energy_savings,0.0
out.other_fuel.interior_equipment.energy_savings,0.0
out.other_fuel.total.energy_consumption,0.0
out.other_fuel.total.energy_savings,0.0
out.other_fuel.water_systems.energy_consumption,0.0
out.other_fuel.water_systems.energy_savings,0.0
out.site_energy.total.energy_consumption,157783.3333333333
out.site_energy.total.energy_savings,0.0
out.electricity.total.peak_demand,36.55039
out.district_cooling.cooling.energy_consumption_intensity,0.0
out.district_cooling.cooling.energy_savings_intensity,0.0
out.district_cooling.total.energy_consumption_intensity,0.0
out.district_cooling.total.energy_savings_intensity,0.0
out.district_heating.cooling.energy_consumption_intensity,0.0
out.district_heating.cooling.energy_savings_intensity,0.0
out.district_heating.heating.energy_consumption_intensity,0.0
out.district_heating.heating.energy_savings_intensity,0.0
out.district_heating.total.energy_consumption_intensity,0.0
out.district_heating.total.energy_savings_intensity,0.0
out.district_heating.water_systems.energy_consumption_intensity,0.0
out.district_heating.water_systems.energy_savings_intensity,0.0
out.electricity.cooling.energy_consumption_intensity,1.762037037037037
out.electricity.cooling.energy_savings_intensity,0.0
out.electricity.exterior_lighting.energy_consumption_intensity,2.9842592592592587
out.electricity.exterior_lighting.energy_savings_intensity,0.0
out.electricity.fans.energy_consumption_intensity,6.5472222222222225
out.electricity.fans.energy_savings_intensity,0.0
out.electricity.heat_recovery.energy_consumption_intensity,0.0
out.electricity.heat_recovery.energy_savings_intensity,0.0
out.electricity.heat_rejection.energy_consumption_intensity,0.0
out.electricity.heat_rejection.energy_savings_intensity,0.0
out.electricity.heating.energy_consumption_intensity,17.149074074074075
out.electricity.heating.energy_savings_intensity,0.0
out.electricity.interior_equipment.energy_consumption_intensity,2.4175925925925927
out.electricity.interior_equipment.energy_savings_intensity,0.0
out.electricity.interior_lighting.energy_consumption_intensity,5.2935185185185185
out.electricity.interior_lighting.energy_savings_intensity,0.0
out.electricity.pumps.energy_consumption_intensity,0.0
out.electricity.pumps.energy_savings_intensity,0.0
out.electricity.refrigeration.energy_consumption_intensity,0.0
out.electricity.refrigeration.energy_savings_intensity,0.0
out.electricity.total.energy_consumption_intensity,40.748148148148154
out.electricity.total.energy_savings_intensity,0.0
out.electricity.water_systems.energy_consumption_intensity,4.594444444444445
out.electricity.water_systems.energy_savings_intensity,0.0
out.natural_gas.cooling.energy_consumption_intensity,0.0
out.natural_gas.cooling.energy_savings_intensity,0.0
out.natural_gas.heating.energy_consumption_intensity,11.846296296296295
out.natural_gas.heating.energy_savings_intensity,0.0
out.natural_gas.interior_equipment.energy_consumption_intensity,0.0
out.natural_gas.interior_equipment.energy_savings_intensity,0.0
out.natural_gas.total.energy_consumption_intensity,11.846296296296295
out.natural_gas.total.energy_savings_intensity,0.0
out.natural_gas.water_systems.energy_consumption_intensity,0.0
out.natural_gas.water_systems.energy_savings_intensity,0.0
out.other_fuel.cooling.energy_consumption_intensity,0.0
out.other_fuel.cooling.energy_savings_intensity,0.0
out.other_fuel.heating.energy_consumption_intensity,0.0
out.other_fuel.heating.energy_savings_intensity,0.0
out.other_fuel.interior_equipment.energy_consumption_intensity,0.0
out.other_fuel.interior_equipment.energy_savings_intensity,0.0
out.other_fuel.total.energy_consumption_intensity,0.0
out.other_fuel.total.energy_savings_intensity,0.0
out.other_fuel.water_systems.energy_consumption_intensity,0.0
out.other_fuel.water_systems.energy_savings_intensity,0.0
out.site_energy.total.energy_consumption_intensity,52.59444444444444
out.site_energy.total.energy_savings_intensity,0.0
out.qoi.maximum_daily_peak_apr..kw,29.132340848666047
out.qoi.maximum_daily_peak_aug..kw,21.34842992300446
out.qoi.maximum_daily_peak_dec..kw,33.670337977448014
out.qoi.maximum_daily_peak_feb..kw,33.29086758253462
out.qoi.maximum_daily_peak_jan..kw,33.542405741556784
out.qoi.maximum_daily_peak_jul..kw,19.580134060154617
out.qoi.maximum_daily_peak_jun..kw,23.190933171926957
out.qoi.maximum_daily_peak_mar..kw,33.07479230453256
out.qoi.maximum_daily_peak_may..kw,24.009143497758203
out.qoi.maximum_daily_peak_nov..kw,33.338987377895364
out.qoi.maximum_daily_peak_oct..kw,27.415960818048934
out.qoi.maximum_daily_peak_sep..kw,27.111969570106687
out.qoi.maximum_daily_timing_shoulder_hour..hr,8.857142857142858
out.qoi.maximum_daily_timing_summer_hour..hr,14.333333333333334
out.qoi.maximum_daily_timing_winter_hour..hr,5.784386617100372
out.qoi.maximum_daily_use_shoulder..kw,15.528613306561402
out.qoi.maximum_daily_use_shoulder_intensity..w_per_ft2,5.176204435520467
out.qoi.maximum_daily_use_summer..kw,17.546587085423536
out.qoi.maximum_daily_use_summer_intensity..w_per_ft2,5.848862361807845
out.qoi.maximum_daily_use_winter..kw,26.134067064425423
out.qoi.maximum_daily_use_winter_intensity..w_per_ft2,8.711355688141808
out.qoi.median_daily_peak_apr..kw,25.88631376385093
out.qoi.median_daily_peak_aug..kw,15.904917859498445
out.qoi.median_daily_peak_dec..kw,31.132858752097093
out.qoi.median_daily_peak_feb..kw,30.74053825595081
out.qoi.median_daily_peak_jan..kw,30.818344546354215
out.qoi.median_daily_peak_jul..kw,16.558671563062923
out.qoi.median_daily_peak_jun..kw,15.625110780719776
out.qoi.median_daily_peak_mar..kw,29.206030826109753
out.qoi.median_daily_peak_may..kw,19.105483383121438
out.qoi.median_daily_peak_nov..kw,27.873610946151985
out.qoi.median_daily_peak_oct..kw,23.90113060559611
out.qoi.median_daily_peak_sep..kw,18.00360228495781
out.qoi.median_daily_peak_timing_apr..hr,5.0
out.qoi.median_daily_peak_timing_aug..hr,5.0
out.qoi.median_daily_peak_timing_dec..hr,7.0
out.qoi.median_daily_peak_timing_feb..hr,7.0
out.qoi.median_daily_peak_timing_jan..hr,7.0
out.qoi.median_daily_peak_timing_jul..hr,15.0
out.qoi.median_daily_peak_timing_jun..hr,5.0
out.qoi.median_daily_peak_timing_mar..hr,6.0
out.qoi.median_daily_peak_timing_may..hr,5.0
out.qoi.median_daily_peak_timing_nov..hr,6.0
out.qoi.median_daily_peak_timing_oct..hr,5.0
out.qoi.median_daily_peak_timing_sep..hr,5.0
out.qoi.minimum_daily_peak_apr..kw,16.476322823650378
out.qoi.minimum_daily_peak_aug..kw,10.849419598650936
out.qoi.minimum_daily_peak_dec..kw,24.378905406719372
out.qoi.minimum_daily_peak_feb..kw,22.73242899965078
out.qoi.minimum_daily_peak_jan..kw,23.4222406814653
out.qoi.minimum_daily_peak_jul..kw,10.680741700016009
out.qoi.minimum_daily_peak_jun..kw,12.582877082396973
out.qoi.minimum_daily_peak_mar..kw,24.335701128048893
out.qoi.minimum_daily_peak_may..kw,13.70033316356084
out.qoi.minimum_daily_peak_nov..kw,20.929153992815003
out.qoi.minimum_daily_peak_oct..kw,16.400639795687162
out.qoi.minimum_daily_peak_sep..kw,12.139802289790905
out.qoi.minimum_daily_use_shoulder..kw,5.243206987366779
out.qoi.minimum_daily_use_shoulder_intensity..w_per_ft2,1.747735662455593
out.qoi.minimum_daily_use_summer..kw,5.853872996980882
out.qoi.minimum_daily_use_summer_intensity..w_per_ft2,1.9512909989936273
out.qoi.minimum_daily_use_winter..kw,8.50539539547299
out.qoi.minimum_daily_use_winter_intensity..w_per_ft2,2.8351317984909965
out.qoi.q1_daily_peak_apr..kw,24.573025782616515
out.qoi.q1_daily_peak_aug..kw,14.632255444718218
out.qoi.q1_daily_peak_dec..kw,29.09628187964782
out.qoi.q1_daily_peak_feb..kw,27.947950662928275
out.qoi.q1_daily_peak_jan..kw,28.05377618457247
out.qoi.q1_daily_peak_jul..kw,13.931394579870632
out.qoi.q1_daily_peak_jun..kw,14.379882784556706
out.qoi.q1_daily_peak_mar..kw,26.675313286038346
out.qoi.q1_daily_peak_may..kw,17.272647558356155
out.qoi.q1_daily_peak_nov..kw,25.128401243893194
out.qoi.q1_daily_peak_oct..kw,21.447177809509014
out.qoi.q1_daily_peak_sep..kw,15.679564409675875
out.qoi.q3_daily_peak_apr..kw,27.684867540754027
out.qoi.q3_daily_peak_aug..kw,18.164003567530234
out.qoi.q3_daily_peak_dec..kw,31.93113359154206
out.qoi.q3_daily_peak_feb..kw,31.87988749579401
out.qoi.q3_daily_peak_jan..kw,31.43837796079474
out.qoi.q3_daily_peak_jul..kw,17.615792488255064
out.qoi.q3_daily_peak_jun..kw,18.481028447044036
out.qoi.q3_daily_peak_mar..kw,30.397976304526715
out.qoi.q3_daily_peak_may..kw,20.599861963429092
out.qoi.q3_daily_peak_nov..kw,30.363792838577343
out.qoi.q3_daily_peak_oct..kw,25.376480019323342
out.qoi.q3_daily_peak_sep..kw,21.39959664477738
out.emissions.electricity.aer_95_decarb_by_2035_from_2023..co2e_kg,47229.902878591296
out.emissions.electricity.aer_95_decarb_by_2050_from_2023..co2e_kg,47229.902878591296
out.emissions.electricity.aer_high_re_cost_from_2023..co2e_kg,47284.86620896408
out.emissions.electricity.aer_low_re_cost_from_2023..co2e_kg,47061.419634010024
out.emissions.electricity.aer_mid_case_from_2023..co2e_kg,47241.487239446724
out.emissions.electricity.cooling.aer_95_decarb_by_2035_from_2023..co2e_kg,2692.7372404768494
out.emissions.electricity.cooling.aer_95_decarb_by_2050_from_2023..co2e_kg,2692.7372404768494
out.emissions.electricity.cooling.aer_high_re_cost_from_2023..co2e_kg,2700.17763913726
out.emissions.electricity.cooling.aer_low_re_cost_from_2023..co2e_kg,2689.1547153958786
out.emissions.electricity.cooling.aer_mid_case_from_2023..co2e_kg,2693.107950356716
out.emissions.electricity.cooling.egrid_2018_state..co2e_kg,2795.7561187913716
out.emissions.electricity.cooling.egrid_2018_subregion..co2e_kg,2995.4271216309544
out.emissions.electricity.cooling.egrid_2019_state..co2e_kg,3027.867964640642
out.emissions.electricity.cooling.egrid_2019_subregion..co2e_kg,2653.123354747816
out.emissions.electricity.cooling.egrid_2020_state..co2e_kg,2188.3889157981052
out.emissions.electricity.cooling.egrid_2020_subregion..co2e_kg,2365.824429153703
out.emissions.electricity.cooling.egrid_2021_state..co2e_kg,2525.064871420712
out.emissions.electricity.cooling.egrid_2021_subregion..co2e_kg,2405.1879356099844
out.emissions.electricity.cooling.lrmer_95_decarb_by_2035_15_2023_start..co2e_kg,232.27113627163436
out.emissions.electricity.cooling.lrmer_95_decarb_by_2035_15_2025_start..co2e_kg,850.9624515789385
out.emissions.electricity.cooling.lrmer_95_decarb_by_2035_25_2025_start..co2e_kg,625.6033236954447
out.emissions.electricity.cooling.lrmer_95_decarb_by_2035_30_2023_start..co2e_kg,141.46406915925175
out.emissions.electricity.cooling.lrmer_95_decarb_by_2050_15_2023_start..co2e_kg,683.639895401734
out.emissions.electricity.cooling.lrmer_95_decarb_by_2050_30_2023_start..co2e_kg,562.7943052286207
out.emissions.electricity.cooling.lrmer_high_re_cost_15_2023_start..co2e_kg,993.5318487286106
out.emissions.electricity.cooling.lrmer_high_re_cost_30_2023_start..co2e_kg,1087.9788513197939
out.emissions.electricity.cooling.lrmer_low_re_cost_15_2023_start..co2e_kg,478.1301308003025
out.emissions.electricity.cooling.lrmer_low_re_cost_15_2025_start..co2e_kg,552.7237648280413
out.emissions.electricity.cooling.lrmer_low_re_cost_25_2025_start..co2e_kg,649.195512442833
out.emissions.electricity.cooling.lrmer_low_re_cost_30_2023_start..co2e_kg,493.4168284524175
out.emissions.electricity.cooling.lrmer_mid_case_15_2023_start..co2e_kg,687.484769433438
out.emissions.electricity.cooling.lrmer_mid_case_15_2025_start..co2e_kg,1282.108509167009
out.emissions.electricity.cooling.lrmer_mid_case_25_2025_start..co2e_kg,1189.4783557958815
out.emissions.electricity.cooling.lrmer_mid_case_30_2023_start..co2e_kg,771.0975101936898
out.emissions.electricity.egrid_2018_state..co2e_kg,64650.26628814939
out.emissions.electricity.egrid_2018_subregion..co2e_kg,69267.5443893528
out.emissions.electricity.egrid_2019_state..co2e_kg,70017.72038828616
out.emissions.electricity.egrid_2019_subregion..co2e_kg,61351.9649395979
out.emissions.electricity.egrid_2020_state..co2e_kg,50605.24600033603
out.emissions.electricity.egrid_2020_subregion..co2e_kg,54708.34108445695
out.emissions.electricity.egrid_2021_state..co2e_kg,58390.68552330428
out.emissions.electricity.egrid_2021_subregion..co2e_kg,55618.59972873887
out.emissions.electricity.enduse_group.hvac.aer_95_decarb_by_2035_from_2023..co2e_kg,29094.982159338426
out.emissions.electricity.enduse_group.hvac.aer_95_decarb_by_2050_from_2023..co2e_kg,29094.982159338426
out.emissions.electricity.enduse_group.hvac.aer_high_re_cost_from_2023..co2e_kg,29119.915465749622
out.emissions.electricity.enduse_group.hvac.aer_low_re_cost_from_2023..co2e_kg,28985.80200135621
out.emissions.electricity.enduse_group.hvac.aer_mid_case_from_2023..co2e_kg,29101.612791018324
out.emissions.electricity.enduse_group.hvac.egrid_2018_state..co2e_kg,40392.07516505262
out.emissions.electricity.enduse_group.hvac.egrid_2018_subregion..co2e_kg,43276.8497348976
out.emissions.electricity.enduse_group.hvac.egrid_2019_state..co2e_kg,43745.54332389043
out.emissions.electricity.enduse_group.hvac.egrid_2019_subregion..co2e_kg,38331.36847911424
out.emissions.electricity.enduse_group.hvac.egrid_2020_state..co2e_kg,31617.053069528232
out.emissions.electricity.enduse_group.hvac.egrid_2020_subregion..co2e_kg,34180.577314091934
out.emissions.electricity.enduse_group.hvac.egrid_2021_state..co2e_kg,36481.2257398015
out.emissions.electricity.enduse_group.hvac.egrid_2021_subregion..co2e_kg,34749.287045550744
out.emissions.electricity.enduse_group.hvac.lrmer_95_decarb_by_2035_15_2023_start..co2e_kg,4351.544680540089
out.emissions.electricity.enduse_group.hvac.lrmer_95_decarb_by_2035_15_2025_start..co2e_kg,12793.52713095842
out.emissions.electricity.enduse_group.hvac.lrmer_95_decarb_by_2035_25_2025_start..co2e_kg,9147.995726795129
out.emissions.electricity.enduse_group.hvac.lrmer_95_decarb_by_2035_30_2023_start..co2e_kg,2650.348328889421
out.emissions.electricity.enduse_group.hvac.lrmer_95_decarb_by_2050_15_2023_start..co2e_kg,13107.537404403747
out.emissions.electricity.enduse_group.hvac.lrmer_95_decarb_by_2050_30_2023_start..co2e_kg,10501.12248716003
out.emissions.electricity.enduse_group.hvac.lrmer_high_re_cost_15_2023_start..co2e_kg,16347.38211663247
out.emissions.electricity.enduse_group.hvac.lrmer_high_re_cost_30_2023_start..co2e_kg,17055.116131106075
out.emissions.electricity.enduse_group.hvac.lrmer_low_re_cost_15_2023_start..co2e_kg,10650.265148337807
out.emissions.electricity.enduse_group.hvac.lrmer_low_re_cost_15_2025_start..co2e_kg,9452.156752541838
out.emissions.electricity.enduse_group.hvac.lrmer_low_re_cost_25_2025_start..co2e_kg,9301.606141027341
out.emissions.electricity.enduse_group.hvac.lrmer_low_re_cost_30_2023_start..co2e_kg,9408.29430418216
out.emissions.electricity.enduse_group.hvac.lrmer_mid_case_15_2023_start..co2e_kg,13059.627861434798
out.emissions.electricity.enduse_group.hvac.lrmer_mid_case_15_2025_start..co2e_kg,22648.6140771397
out.emissions.electricity.enduse_group.hvac.lrmer_mid_case_25_2025_start..co2e_kg,19406.509087388848
out.emissions.electricity.enduse_group.hvac.lrmer_mid_case_30_2023_start..co2e_kg,13468.069074251967
out.emissions.electricity.exterior_lighting.aer_95_decarb_by_2035_from_2023..co2e_kg,2989.2384723436094
out.emissions.electricity.exterior_lighting.aer_95_decarb_by_2050_from_2023..co2e_kg,2989.2384723436094
out.emissions.electricity.exterior_lighting.aer_high_re_cost_from_2023..co2e_kg,2991.9816906247474
out.emissions.electricity.exterior_lighting.aer_low_re_cost_from_2023..co2e_kg,2978.4941408521204
out.emissions.electricity.exterior_lighting.aer_mid_case_from_2023..co2e_kg,2989.91475434585
out.emissions.electricity.exterior_lighting.egrid_2018_state..co2e_kg,4734.458765896329
out.emissions.electricity.exterior_lighting.egrid_2018_subregion..co2e_kg,5072.590594826332
out.emissions.electricity.exterior_lighting.egrid_2019_state..co2e_kg,5127.527372940827
out.emissions.electricity.exterior_lighting.egrid_2019_subregion..co2e_kg,4492.918047987798
out.emissions.electricity.exterior_lighting.egrid_2020_state..co2e_kg,3705.9159116031115
out.emissions.electricity.exterior_lighting.egrid_2020_subregion..co2e_kg,4006.3931656601962
out.emissions.electricity.exterior_lighting.egrid_2021_state..co2e_kg,4276.058070516838
out.emissions.electricity.exterior_lighting.egrid_2021_subregion..co2e_kg,4073.053092449135
out.emissions.electricity.exterior_lighting.lrmer_95_decarb_by_2035_15_2023_start..co2e_kg,719.1176960485728
out.emissions.electricity.exterior_lighting.lrmer_95_decarb_by_2035_15_2025_start..co2e_kg,1780.134137170948
out.emissions.electricity.exterior_lighting.lrmer_95_decarb_by_2035_25_2025_start..co2e_kg,1265.6487795391083
out.emissions.electricity.exterior_lighting.lrmer_95_decarb_by_2035_30_2023_start..co2e_kg,437.9748344775299
out.emissions.electricity.exterior_lighting.lrmer_95_decarb_by_2050_15_2023_start..co2e_kg,2141.65496788725
out.emissions.electricity.exterior_lighting.lrmer_95_decarb_by_2050_30_2023_start..co2e_kg,1642.384261264061
out.emissions.electricity.exterior_lighting.lrmer_high_re_cost_15_2023_start..co2e_kg,2372.432171385731
out.emissions.electricity.exterior_lighting.lrmer_high_re_cost_30_2023_start..co2e_kg,2346.048497751196
out.emissions.electricity.exterior_lighting.lrmer_low_re_cost_15_2023_start..co2e_kg,1890.0556298342933
out.emissions.electricity.exterior_lighting.lrmer_low_re_cost_15_2025_start..co2e_kg,1444.7183872224616
out.emissions.electricity.exterior_lighting.lrmer_low_re_cost_25_2025_start..co2e_kg,1318.7734156145848
out.emissions.electricity.exterior_lighting.lrmer_low_re_cost_30_2023_start..co2e_kg,1543.997858249371
out.emissions.electricity.exterior_lighting.lrmer_mid_case_15_2023_start..co2e_kg,2155.6280916282385
out.emissions.electricity.exterior_lighting.lrmer_mid_case_15_2025_start..co2e_kg,3481.583422928372
out.emissions.electricity.exterior_lighting.lrmer_mid_case_25_2025_start..co2e_kg,2811.825329488576
out.emissions.electricity.exterior_lighting.lrmer_mid_case_30_2023_start..co2e_kg,2019.6244647626609
out.emissions.electricity.heating.aer_95_decarb_by_2035_from_2023..co2e_kg,18692.14817653338
out.emissions.electricity.heating.aer_95_decarb_by_2050_from_2023..co2e_kg,18692.14817653338
out.emissions.electricity.heating.aer_high_re_cost_from_2023..co2e_kg,18696.29328526804
out.emissions.electricity.heating.aer_low_re_cost_from_2023..co2e_kg,18610.631343221085
out.emissions.electricity.heating.aer_mid_case_from_2023..co2e_kg,18696.417271294948
out.emissions.electricity.heating.egrid_2018_state..co2e_kg,27208.700868273285
out.emissions.electricity.heating.egrid_2018_subregion..co2e_kg,29151.92780134318
out.emissions.electricity.heating.egrid_2019_state..co2e_kg,29467.646753877136
out.emissions.electricity.heating.egrid_2019_subregion..co2e_kg,25820.578283191062
out.emissions.electricity.heating.egrid_2020_state..co2e_kg,21297.71584623646
out.emissions.electricity.heating.egrid_2020_subregion..co2e_kg,23024.543795874662
out.emissions.electricity.heating.egrid_2021_state..co2e_kg,24574.294695337114
out.emissions.electricity.heating.egrid_2021_subregion..co2e_kg,23407.635105269106
out.emissions.electricity.heating.lrmer_95_decarb_by_2035_15_2023_start..co2e_kg,3012.5141058479185
out.emissions.electricity.heating.lrmer_95_decarb_by_2035_15_2025_start..co2e_kg,8678.226292034466
out.emissions.electricity.heating.lrmer_95_decarb_by_2035_25_2025_start..co2e_kg,6182.036238555225
out.emissions.electricity.heating.lrmer_95_decarb_by_2035_30_2023_start..co2e_kg,1834.808105085277
out.emissions.electricity.heating.lrmer_95_decarb_by_2050_15_2023_start..co2e_kg,9125.045129238104
out.emissions.electricity.heating.lrmer_95_decarb_by_2050_30_2023_start..co2e_kg,7308.8968942849
out.emissions.electricity.heating.lrmer_high_re_cost_15_2023_start..co2e_kg,11178.757808102895
out.emissions.electricity.heating.lrmer_high_re_cost_30_2023_start..co2e_kg,11629.616932835515
out.emissions.electricity.heating.lrmer_low_re_cost_15_2023_start..co2e_kg,7519.33362282596
out.emissions.electricity.heating.lrmer_low_re_cost_15_2025_start..co2e_kg,6497.751620342972
out.emissions.electricity.heating.lrmer_low_re_cost_25_2025_start..co2e_kg,6264.694256955563
out.emissions.electricity.heating.lrmer_low_re_cost_30_2023_start..co2e_kg,6562.425560641828
out.emissions.electricity.heating.lrmer_mid_case_15_2023_start..co2e_kg,9059.676167194884
out.emissions.electricity.heating.lrmer_mid_case_15_2025_start..co2e_kg,15550.535356080836
out.emissions.electricity.heating.lrmer_mid_case_25_2025_start..co2e_kg,13236.541699947327
out.emissions.electricity.heating.lrmer_mid_case_30_2023_start..co2e_kg,9296.487699490439
out.emissions.electricity.interior_equipment.aer_95_decarb_by_2035_from_2023..co2e_kg,2866.3424506253655
out.emissions.electricity.interior_equipment.aer_95_decarb_by_2050_from_2023..co2e_kg,2866.3424506253655
out.emissions.electricity.interior_equipment.aer_high_re_cost_from_2023..co2e_kg,2871.4463891589367
out.emissions.electricity.interior_equipment.aer_low_re_cost_from_2023..co2e_kg,2857.227003576176
out.emissions.electricity.interior_equipment.aer_mid_case_from_2023..co2e_kg,2867.1520619467574
out.emissions.electricity.interior_equipment.egrid_2018_state..co2e_kg,3835.7007021475647
out.emissions.electricity.interior_equipment.egrid_2018_subregion..co2e_kg,4109.643840693351
out.emissions.electricity.interior_equipment.egrid_2019_state..co2e_kg,4154.151787389472
out.emissions.electricity.interior_equipment.egrid_2019_subregion..co2e_kg,3640.012462564053
out.emissions.electricity.interior_equipment.egrid_2020_state..co2e_kg,3002.4095608623893
out.emissions.electricity.interior_equipment.egrid_2020_subregion..co2e_kg,3245.846217797331
out.emissions.electricity.interior_equipment.egrid_2021_state..co2e_kg,3464.3197363236563
out.emissions.electricity.interior_equipment.egrid_2021_subregion..co2e_kg,3299.851868840535
out.emissions.electricity.interior_equipment.lrmer_95_decarb_by_2035_15_2023_start..co2e_kg,399.4941111724852
out.emissions.electricity.interior_equipment.lrmer_95_decarb_by_2035_15_2025_start..co2e_kg,1192.6911894402594
out.emissions.electricity.interior_equipment.lrmer_95_decarb_by_2035_25_2025_start..co2e_kg,854.9931960502671
out.emissions.electricity.interior_equipment.lrmer_95_decarb_by_2035_30_2023_start..co2e_kg,243.3174196944829
out.emissions.electricity.interior_equipment.lrmer_95_decarb_by_2050_15_2023_start..co2e_kg,1187.988820387743
out.emissions.electricity.interior_equipment.lrmer_95_decarb_by_2050_30_2023_start..co2e_kg,949.3248706621108
out.emissions.electricity.interior_equipment.lrmer_high_re_cost_15_2023_start..co2e_kg,1519.687246533137
out.emissions.electricity.interior_equipment.lrmer_high_re_cost_30_2023_start..co2e_kg,1589.899053123622
out.emissions.electricity.interior_equipment.lrmer_low_re_cost_15_2023_start..co2e_kg,946.540773652448
out.emissions.electricity.interior_equipment.lrmer_low_re_cost_15_2025_start..co2e_kg,862.9213712712219
out.emissions.electricity.interior_equipment.lrmer_low_re_cost_25_2025_start..co2e_kg,861.1674935309034
out.emissions.electricity.interior_equipment.lrmer_low_re_cost_30_2023_start..co2e_kg,846.6963545707782
out.emissions.electricity.interior_equipment.lrmer_mid_case_15_2023_start..co2e_kg,1189.786811287546
out.emissions.electricity.interior_equipment.lrmer_mid_case_15_2025_start..co2e_kg,2107.6193200250864
out.emissions.electricity.interior_equipment.lrmer_mid_case_25_2025_start..co2e_kg,1811.0016759411885
out.emissions.electricity.interior_equipment.lrmer_mid_case_30_2023_start..co2e_kg,1231.4773929545643
out.emissions.electricity.interior_equipment_fuel_oil_ghg_emissions..co2e_kg,0.0
out.emissions.electricity.interior_equipment_natural_gas_ghg_emissions..co2e_kg,0.0
out.emissions.electricity.interior_equipment_propane_ghg_emissions..co2e_kg,0.0
out.emissions.electricity.interior_lighting.aer_95_decarb_by_2035_from_2023..co2e_kg,6703.676618284969
out.emissions.electricity.interior_lighting.aer_95_decarb_by_2050_from_2023..co2e_kg,6703.676618284969
out.emissions.electricity.interior_lighting.aer_high_re_cost_from_2023..co2e_kg,6716.1277787959625
out.emissions.electricity.interior_lighting.aer_low_re_cost_from_2023..co2e_kg,6682.401083541494
out.emissions.electricity.interior_lighting.aer_mid_case_from_2023..co2e_kg,6705.662901505834
out.emissions.electricity.interior_lighting.egrid_2018_state..co2e_kg,8398.863809609209
out.emissions.electricity.interior_lighting.egrid_2018_subregion..co2e_kg,8998.704957521184
out.emissions.electricity.interior_lighting.egrid_2019_state..co2e_kg,9096.162035581725
out.emissions.electricity.interior_lighting.egrid_2019_subregion..co2e_kg,7970.373945297354
out.emissions.electricity.interior_lighting.egrid_2020_state..co2e_kg,6574.243133264591
out.emissions.electricity.interior_lighting.egrid_2020_subregion..co2e_kg,7107.2855905966735
out.emissions.electricity.interior_lighting.egrid_2021_state..co2e_kg,7585.667370249447
out.emissions.electricity.interior_lighting.egrid_2021_subregion..co2e_kg,7225.539370879164
out.emissions.electricity.interior_lighting.lrmer_95_decarb_by_2035_15_2023_start..co2e_kg,719.972200157573
out.emissions.electricity.interior_lighting.lrmer_95_decarb_by_2035_15_2025_start..co2e_kg,2412.213899885724
out.emissions.electricity.interior_lighting.lrmer_95_decarb_by_2035_25_2025_start..co2e_kg,1735.9192362396284
out.emissions.electricity.interior_lighting.lrmer_95_decarb_by_2035_30_2023_start..co2e_kg,438.5208410330463
out.emissions.electricity.interior_lighting.lrmer_95_decarb_by_2050_15_2023_start..co2e_kg,2142.5936740820935
out.emissions.electricity.interior_lighting.lrmer_95_decarb_by_2050_30_2023_start..co2e_kg,1757.8860064751332
out.emissions.electricity.interior_lighting.lrmer_high_re_cost_15_2023_start..co2e_kg,2986.3682164088414
out.emissions.electricity.interior_lighting.lrmer_high_re_cost_30_2023_start..co2e_kg,3225.14157939896
out.emissions.electricity.interior_lighting.lrmer_low_re_cost_15_2023_start..co2e_kg,1580.9048552425043
out.emissions.electricity.interior_lighting.lrmer_low_re_cost_15_2025_start..co2e_kg,1620.4755395604775
out.emissions.electricity.interior_lighting.lrmer_low_re_cost_25_2025_start..co2e_kg,1703.5247902782185
out.emissions.electricity.interior_lighting.lrmer_low_re_cost_30_2023_start..co2e_kg,1518.7287165171915
out.emissions.electricity.interior_lighting.lrmer_mid_case_15_2023_start..co2e_kg,2125.4834959841955
out.emissions.electricity.interior_lighting.lrmer_mid_case_15_2025_start..co2e_kg,4020.0879814836508
out.emissions.electricity.interior_lighting.lrmer_mid_case_25_2025_start..co2e_kg,3579.440007381552
out.emissions.electricity.interior_lighting.lrmer_mid_case_30_2023_start..co2e_kg,2353.370423027731
out.emissions.electricity.lrmer_95_decarb_by_2035_15_2023_start..co2e_kg,6877.247535606129
out.emissions.electricity.lrmer_95_decarb_by_2035_15_2025_start..co2e_kg,20347.46784832989
out.emissions.electricity.lrmer_95_decarb_by_2035_25_2025_start..co2e_kg,14561.145309277465
out.emissions.electricity.lrmer_95_decarb_by_2035_30_2023_start..co2e_kg,4188.653698350235
out.emissions.electricity.lrmer_95_decarb_by_2050_15_2023_start..co2e_kg,20638.01528564021
out.emissions.electricity.lrmer_95_decarb_by_2050_30_2023_start..co2e_kg,16516.14704487239
out.emissions.electricity.lrmer_high_re_cost_15_2023_start..co2e_kg,25959.838041194856
out.emissions.electricity.lrmer_high_re_cost_30_2023_start..co2e_kg,27106.990765704493
out.emissions.electricity.lrmer_low_re_cost_15_2023_start..co2e_kg,16656.691534451507
out.emissions.electricity.lrmer_low_re_cost_15_2025_start..co2e_kg,14908.857616961683
out.emissions.electricity.lrmer_low_re_cost_25_2025_start..co2e_kg,14741.702892953996
out.emissions.electricity.lrmer_low_re_cost_30_2023_start..co2e_kg,14777.735517259158
out.emissions.electricity.lrmer_mid_case_15_2023_start..co2e_kg,20586.21827055308
out.emissions.electricity.lrmer_mid_case_15_2025_start..co2e_kg,36003.33455255543
out.emissions.electricity.lrmer_mid_case_25_2025_start..co2e_kg,30877.084783523886
out.emissions.electricity.lrmer_mid_case_30_2023_start..co2e_kg,21265.09082122115
out.emissions.electricity.refrigeration.aer_95_decarb_by_2035_from_2023..co2e_kg,0.0
out.emissions.electricity.refrigeration.aer_95_decarb_by_2050_from_2023..co2e_kg,0.0
out.emissions.electricity.refrigeration.aer_high_re_cost_from_2023..co2e_kg,0.0
out.emissions.electricity.refrigeration.aer_low_re_cost_from_2023..co2e_kg,0.0
out.emissions.electricity.refrigeration.aer_mid_case_from_2023..co2e_kg,0.0
out.emissions.electricity.refrigeration.egrid_2018_state..co2e_kg,0.0
out.emissions.electricity.refrigeration.egrid_2018_subregion..co2e_kg,0.0
out.emissions.electricity.refrigeration.egrid_2019_state..co2e_kg,0.0
out.emissions.electricity.refrigeration.egrid_2019_subregion..co2e_kg,0.0
out.emissions.electricity.refrigeration.egrid_2020_state..co2e_kg,0.0
out.emissions.electricity.refrigeration.egrid_2020_subregion..co2e_kg,0.0
out.emissions.electricity.refrigeration.egrid_2021_state..co2e_kg,0.0
out.emissions.electricity.refrigeration.egrid_2021_subregion..co2e_kg,0.0
out.emissions.electricity.refrigeration.lrmer_95_decarb_by_2035_15_2023_start..co2e_kg,0.0
out.emissions.electricity.refrigeration.lrmer_95_decarb_by_2035_15_2025_start..co2e_kg,0.0
out.emissions.electricity.refrigeration.lrmer_95_decarb_by_2035_25_2025_start..co2e_kg,0.0
out.emissions.electricity.refrigeration.lrmer_95_decarb_by_2035_30_2023_start..co2e_kg,0.0
out.emissions.electricity.refrigeration.lrmer_95_decarb_by_2050_15_2023_start..co2e_kg,0.0
out.emissions.electricity.refrigeration.lrmer_95_decarb_by_2050_30_2023_start..co2e_kg,0.0
out.emissions.electricity.refrigeration.lrmer_high_re_cost_15_2023_start..co2e_kg,0.0
out.emissions.electricity.refrigeration.lrmer_high_re_cost_30_2023_start..co2e_kg,0.0
out.emissions.electricity.refrigeration.lrmer_low_re_cost_15_2023_start..co2e_kg,0.0
out.emissions.electricity.refrigeration.lrmer_low_re_cost_15_2025_start..co2e_kg,0.0
out.emissions.electricity.refrigeration.lrmer_low_re_cost_25_2025_start..co2e_kg,0.0
out.emissions.electricity.refrigeration.lrmer_low_re_cost_30_2023_start..co2e_kg,0.0
out.emissions.electricity.refrigeration.lrmer_mid_case_15_2023_start..co2e_kg,0.0
out.emissions.electricity.refrigeration.lrmer_mid_case_15_2025_start..co2e_kg,0.0
out.emissions.electricity.refrigeration.lrmer_mid_case_25_2025_start..co2e_kg,0.0
out.emissions.electricity.refrigeration.lrmer_mid_case_30_2023_start..co2e_kg,0.0
out.emissions.electricity.water_systems.aer_95_decarb_by_2035_from_2023..co2e_kg,5575.663177998984
out.emissions.electricity.water_systems.aer_95_decarb_by_2050_from_2023..co2e_kg,5575.663177998984
out.emissions.electricity.water_systems.aer_high_re_cost_from_2023..co2e_kg,5585.394884634814
out.emissions.electricity.water_systems.aer_low_re_cost_from_2023..co2e_kg,5557.495404683916
out.emissions.electricity.water_systems.aer_mid_case_from_2023..co2e_kg,5577.144730629994
out.emissions.electricity.water_systems.egrid_2018_state..co2e_kg,7289.167845443623
out.emissions.electricity.water_systems.egrid_2018_subregion..co2e_kg,7809.755261414286
out.emissions.electricity.water_systems.egrid_2019_state..co2e_kg,7894.335868483664
out.emissions.electricity.water_systems.egrid_2019_subregion..co2e_kg,6917.292004634413
out.emissions.electricity.water_systems.egrid_2020_state..co2e_kg,5705.624325077669
out.emissions.electricity.water_systems.egrid_2020_subregion..co2e_kg,6168.238796310779
out.emissions.electricity.water_systems.egrid_2021_state..co2e_kg,6583.414606412805
out.emissions.electricity.water_systems.egrid_2021_subregion..co2e_kg,6270.86835101925
out.emissions.electricity.water_systems.lrmer_95_decarb_by_2035_15_2023_start..co2e_kg,687.118847687387
out.emissions.electricity.water_systems.lrmer_95_decarb_by_2035_15_2025_start..co2e_kg,2168.901490874561
out.emissions.electricity.water_systems.lrmer_95_decarb_by_2035_25_2025_start..co2e_kg,1556.5883706532952
out.emissions.electricity.water_systems.lrmer_95_decarb_by_2035_30_2023_start..co2e_kg,418.4922742557581
out.emissions.electricity.water_systems.lrmer_95_decarb_by_2050_15_2023_start..co2e_kg,2058.2404188794076
out.emissions.electricity.water_systems.lrmer_95_decarb_by_2050_30_2023_start..co2e_kg,1665.4294193110518
out.emissions.electricity.water_systems.lrmer_high_re_cost_15_2023_start..co2e_kg,2733.9682902346904
out.emissions.electricity.water_systems.lrmer_high_re_cost_30_2023_start..co2e_kg,2890.7855043246777
out.emissions.electricity.water_systems.lrmer_low_re_cost_15_2023_start..co2e_kg,1588.92512738441
out.emissions.electricity.water_systems.lrmer_low_re_cost_15_2025_start..co2e_kg,1528.5855663656546
out.emissions.electricity.water_systems.lrmer_low_re_cost_25_2025_start..co2e_kg,1556.631052502906
out.emissions.electricity.water_systems.lrmer_low_re_cost_30_2023_start..co2e_kg,1460.0182837396264
out.emissions.electricity.water_systems.lrmer_mid_case_15_2023_start..co2e_kg,2055.692010218323
out.emissions.electricity.water_systems.lrmer_mid_case_15_2025_start..co2e_kg,3745.429750978776
out.emissions.electricity.water_systems.lrmer_mid_case_25_2025_start..co2e_kg,3268.308683323734
out.emissions.electricity.water_systems.lrmer_mid_case_30_2023_start..co2e_kg,2192.5494662242327
out.emissions.fuel_oil..co2e_kg,0.0
out.emissions.fuel_oil.enduse_group.hvac..co2e_kg,0.0
out.emissions.fuel_oil.heating..co2e_kg,0.0
out.emissions.fuel_oil.water_systems..co2e_kg,0.0
out.emissions.natural_gas..co2e_kg,8101.923595504394
out.emissions.natural_gas.enduse_group.hvac..co2e_kg,8101.923595504394
out.emissions.natural_gas.heating..co2e_kg,8101.923595504394
out.emissions.natural_gas.water_systems..co2e_kg,0.0
out.emissions.propane..co2e_kg,0.0
out.emissions.propane.enduse_group.hvac..co2e_kg,0.0
out.emissions.propane.heating..co2e_kg,0.0
out.emissions.propane.water_systems..co2e_kg,0.0
out.utility_bills.electricity_bill_intensity..usd_per_ft2,3.662
out.utility_bills.electricity_bill_max..usd,12045.0
out.utility_bills.electricity_bill_mean..usd,10986.0
out.utility_bills.electricity_bill_median..usd,11376.0
out.utility_bills.electricity_bill_min..usd,7415.0
out.utility_bills.electricity_bill_number_of_rates..usd,15.0
out.utility_bills.electricity_energy_rate..usd_per_kwh,0.08986911470641701
out.utility_bills.electricity_utility_eia_id,12199
out.utility_bills.fuel_oil_bill..usd,
out.utility_bills.fuel_oil_bill_intensity..usd_per_ft2,
out.utility_bills.fuel_oil_rate_name,
out.utility_bills.natural_gas_bill..usd,1213.0
out.utility_bills.natural_gas_bill_intensity..usd_per_ft2,0.4043333333333333
out.utility_bills.natural_gas_energy_rate..usd_per_kwh,0.03413162419884321
out.utility_bills.natural_gas_rate_name,EIA 2022 Average Commercial Natural Gas Price for MT
out.utility_bills.propane_bill..usd,
out.utility_bills.propane_bill_intensity..usd_per_ft2,
out.utility_bills.propane_rate_name,
out.params.air_system_fan_power_minimum_flow_fraction,0.25
out.params.air_system_fan_static_pressure..inwc,6.320581273468001
out.params.air_system_fan_total_efficiency,0.58175
out.params.area_fraction_with_dcv,0.0
out.params.area_fraction_with_economizer,1.0
out.params.area_fraction_with_heat_recovery,0.0
out.params.area_fraction_with_motorized_oa_damper,1.0
out.params.area_fraction_with_mz_vav_optimization,0.0
out.params.area_fraction_with_supply_air_temperature_reset,0.0
out.params.area_fraction_with_unoccupied_shutdown,1.0
out.params.average_cooling_setpoint_max..c,23.3333333333334
out.params.average_cooling_setpoint_min..c,21.666666666666703
out.params.average_heating_setpoint_max..c,20.000000000000103
out.params.average_heating_setpoint_min..c,15.555555555555603
out.params.average_outdoor_air_fraction,0.7725857560243392
out.params.average_roof_absorptance,0.7
out.params.average_roof_u_value..btu_per_ft2_f_hr,0.06002825419667374
out.params.average_wall_u_value..btu_per_ft2_f_hr,0.14501289992649444
out.params.average_window_shgc,0.746
out.params.average_window_u_value..btu_per_ft2_f_hr,1.01122362
out.params.average_window_vlt,0.756
out.params.boiler_average_efficiency,0.0
out.params.boiler_cap_weight_efficiency,0.0
out.params.boiler_capacity..kbtu_per_hr,0.0
out.params.boiler_electric..j,0.0
out.params.boiler_gas..j,0.0
out.params.boiler_load..j,0.0
out.params.boiler_load_weight_efficiency,0.0
out.params.boiler_other_fuel..j,0.0
out.params.booster_water_heater_electric..j,6013825676.071836
out.params.booster_water_heater_gas..j,0.0
out.params.broiler_fuel_type,Gas
out.params.building_fraction_cooled,1.0
out.params.building_fraction_heated,1.0
out.params.cdd50f,1586.1933396335517
out.params.cdd65f,456.3719950440155
out.params.chiller_average_cop..cop,0.0
out.params.chiller_capacity..tons,0.0
out.params.cooling_equipment_capacity..tons,10.656265466518676
out.params.daylight_control_fraction,0.0
out.params.design_chiller_cop..cop,0.0
out.params.design_outdoor_air_flow_rate..m3_per_m2_s,0.0019317533119999999
out.params.dining_type,Donut
out.params.dx_cooling_average_cop..cop,3.702423434546318
out.params.dx_cooling_capacity_tons..tons,10.656265466518676
out.params.dx_cooling_design_cop..cop,2.96645180193378
out.params.dx_cooling_design_eer_135_to_240_kbtuh..eer,0.0
out.params.dx_cooling_design_eer_240_to_760_kbtuh..eer,0.0
out.params.dx_cooling_design_eer_65_to_135_kbtuh..eer,0.0
out.params.dx_cooling_design_eer_760_plus_kbtuh..eer,0.0
out.params.dx_cooling_design_ieer_135_to_240_kbtuh..ieer,0.0
out.params.dx_cooling_design_ieer_240_to_760_kbtuh..ieer,0.0
out.params.dx_cooling_design_ieer_65_to_135_kbtuh..ieer,0.0
out.params.dx_cooling_design_ieer_760_plus_kbtuh..ieer,0.0
out.params.dx_cooling_design_seer_0_to_30_kbtuh..seer,0.0
out.params.dx_cooling_design_seer_30_to_65_kbtuh..seer,0.0
out.params.dx_cooling_electric..j,19031069475.616024
out.params.dx_cooling_load..j,70461077610.99988
out.params.dx_heating_average_cop..cop,0.0
out.params.dx_heating_average_minimum_operating_temperature..c,0.0
out.params.dx_heating_average_total_cop..cop,0.0
out.params.dx_heating_capacity_at_0f..kbtu_per_hr,0.0
out.params.dx_heating_capacity_at_17f..kbtu_per_hr,0.0
out.params.dx_heating_capacity_at_5f..kbtu_per_hr,0.0
out.params.dx_heating_capacity_at_rated..kbtu_per_hr,0.0
out.params.dx_heating_defrost_energy..kbtu,0.0
out.params.dx_heating_design_cop..cop,0.0
out.params.dx_heating_design_cop_0f..cop,0.0
out.params.dx_heating_design_cop_135_to_240_kbtuh..cop,0.0
out.params.dx_heating_design_cop_17f..cop,0.0
out.params.dx_heating_design_cop_240_plus_kbtuh..cop,0.0
out.params.dx_heating_design_cop_5f..cop,0.0
out.params.dx_heating_design_cop_65_to_135_kbtuh..cop,0.0
out.params.dx_heating_design_hspf_0_to_30_kbtuh..hspf,0.0
out.params.dx_heating_design_hspf_30_to_65_kbtuh..hspf,0.0
out.params.dx_heating_fraction_electric_defrost,0.0
out.params.dx_heating_fraction_electric_supplemental,0.0
out.params.dx_heating_fraction_supplemental,0.0
out.params.dx_heating_hours_below_minus_20f..hr,14.0
out.params.dx_heating_ratio_defrost,0.0
out.params.dx_heating_supplemental_capacity..kbtu_per_hr,0.0
out.params.dx_heating_supplemental_capacity_electric..kbtu_per_hr,0.0
out.params.dx_heating_supplemental_capacity_gas..kbtu_per_hr,0.0
out.params.dx_heating_total_dx_electric..j,0.0
out.params.dx_heating_total_dx_load..j,0.0
out.params.dx_heating_total_load..j,0.0
out.params.dx_heating_total_supplemental_electric..j,0.0
out.params.dx_heating_total_supplemental_gas..j,0.0
out.params.dx_heating_total_supplemental_load..j,0.0
out.params.dx_heating_total_supplemental_load_electric..j,0.0
out.params.dx_heating_total_supplemental_load_gas..j,0.0
out.params.economizer_control_type,FixedDryBulb
out.params.economizer_high_limit_enthalpy..j_per_kg,-999.0
out.params.economizer_high_limit_temperature..c,23.888888888888903
out.params.elevator_energy_consumption..kwh,0.0
out.params.ext_roof_area..m2,278.7091200000009
out.params.ext_wall_area..m2,428.19803797799284
out.params.ext_window_area..m2,4.33
out.params.exterior_lighting_power..w,2053.38
out.params.fluid_hx_demand_inlet_temp..c,-999.0
out.params.fluid_hx_demand_outlet_temp..c,-999.0
out.params.fluid_hx_supply_inlet_temp..c,-999.0
out.params.fluid_hx_supply_outlet_temp..c,-999.0
out.params.fluid_hx_transfer_energy..j,0.0
out.params.fryer_fuel_type,Electric
out.params.furnace_capacity..kbtu_per_hr,70.32945116249483
out.params.gas_coil_average_efficiency,0.7999999999999999
out.params.ghx_borehole_depth..ft,0.0
out.params.ghx_flow_rate..ft3_per_min,0.0
out.params.ghx_num_boreholes,0.0
out.params.griddle_fuel_type,Gas
out.params.hdd50f,5021.5202989954205
out.params.hdd65f,9366.698954405885
out.params.heat_pump_cooling_average_cop..cop,0.0
out.params.heat_pump_cooling_cap_weight_cop..cop,0.0
out.params.heat_pump_cooling_capacity..kbtu_per_hr,0.0
out.params.heat_pump_cooling_load_weight_cop..cop,0.0
out.params.heat_pump_cooling_source_inlet_temp..c,-999.0
out.params.heat_pump_cooling_total_electric..j,0.0
out.params.heat_pump_cooling_total_load..j,0.0
out.params.heat_pump_heating_average_cop..cop,0.0
out.params.heat_pump_heating_cap_weight_cop..cop,0.0
out.params.heat_pump_heating_capacity..kbtu_per_hr,0.0
out.params.heat_pump_heating_load_weight_cop..cop,0.0
out.params.heat_pump_heating_source_inlet_temp..c,-999.0
out.params.heat_pump_heating_total_electric..j,0.0
out.params.heat_pump_heating_total_load..j,0.0
out.params.heating_equipment..kbtu_per_hr,70.32945116249483
out.params.hot_water_loop_boiler_fraction,0.0
out.params.hot_water_loop_heat_pump_fraction,0.0
out.params.hot_water_loop_load..j,0.0
out.params.hot_water_volume..m3,107.0067045800318
out.params.hours_above_65f..hr,1104.0
out.params.hours_below_0f..hr,183.0
out.params.hours_below_17f..hr,1003.0
out.params.hours_below_50f..hr,6068.0
out.params.hours_below_5f..hr,350.0
out.params.hours_cooling_setpoint_not_met..hr,0.0
out.params.hours_heating_setpoint_not_met..hr,478.5
out.params.hp_water_heater_0_to_40_gal_capacity..w,0.0
out.params.hp_water_heater_0_to_40_gal_cop..cop,0.0
out.params.hp_water_heater_0_to_40_gal_count,0.0
out.params.hp_water_heater_0_to_40_gal_total_volume..gal,0.0
out.params.hp_water_heater_40_to_65_gal_capacity..w,0.0
out.params.hp_water_heater_40_to_65_gal_cop..cop,0.0
out.params.hp_water_heater_40_to_65_gal_count,0.0
out.params.hp_water_heater_40_to_65_gal_total_volume..gal,0.0
out.params.hp_water_heater_65_to_90_gal_capacity..w,0.0
out.params.hp_water_heater_65_to_90_gal_cop..cop,0.0
out.params.hp_water_heater_65_to_90_gal_count,0.0
out.params.hp_water_heater_65_to_90_gal_total_volume..gal,0.0
out.params.hp_water_heater_90_plus_capacity..w,0.0
out.params.hp_water_heater_90_plus_gal_cop..cop,0.0
out.params.hp_water_heater_90_plus_gal_count,0.0
out.params.hp_water_heater_90_plus_gal_total_volume..gal,0.0
out.params.hp_water_heater_backup_electric..j,0.0
out.params.hp_water_heater_capacity..w,0.0
out.params.hp_water_heater_cop..cop,0.0
out.params.hp_water_heater_count,0.0
out.params.hp_water_heater_heat_pump_electric..j,0.0
out.params.hp_water_heater_heat_pump_output..j,0.0
out.params.hp_water_heater_tank_output..j,0.0
out.params.hp_water_heater_total_electric..j,0.0
out.params.hp_water_heater_total_output..j,0.0
out.params.hp_water_heater_total_volume..gal,0.0
out.params.hp_water_heater_unmet_heat_transfer_demand..j,0.0
out.params.hvac_count_boilers,0.0
out.params.hvac_count_boilers_0_to_300_kbtuh,0.0
out.params.hvac_count_boilers_2500_plus_kbtuh,0.0
out.params.hvac_count_boilers_300_to_2500_kbtuh,0.0
out.params.hvac_count_chillers_0_to_75_tons,0.0
out.params.hvac_count_chillers_150_to_300_tons,0.0
out.params.hvac_count_chillers_300_to_600_tons,0.0
out.params.hvac_count_chillers_600_plus_tons,0.0
out.params.hvac_count_chillers_75_to_150_tons,0.0
out.params.hvac_count_dx_cooling_0_to_30_kbtuh,0.0
out.params.hvac_count_dx_cooling_135_to_240_kbtuh,0.0
out.params.hvac_count_dx_cooling_240_to_760_kbtuh,0.0
out.params.hvac_count_dx_cooling_30_to_65_kbtuh,0.0
out.params.hvac_count_dx_cooling_65_to_135_kbtuh,1.0
out.params.hvac_count_dx_cooling_760_plus_kbtuh,0.0
out.params.hvac_count_dx_heating_0_to_30_kbtuh,0.0
out.params.hvac_count_dx_heating_135_to_240_kbtuh,0.0
out.params.hvac_count_dx_heating_240_plus_kbtuh,0.0
out.params.hvac_count_dx_heating_30_to_65_kbtuh,0.0
out.params.hvac_count_dx_heating_65_to_135_kbtuh,0.0
out.params.hvac_count_furnace_0_to_30_kbtuh,0.0
out.params.hvac_count_furnace_135_to_240_kbtuh,0.0
out.params.hvac_count_furnace_240_plus_kbtuh,0.0
out.params.hvac_count_furnace_30_to_65_kbtuh,0.0
out.params.hvac_count_furnace_65_to_135_kbtuh,1.0
out.params.hvac_count_heat_pumps_cooling,0.0
out.params.hvac_count_heat_pumps_heating,0.0
out.params.hvac_count_heat_pumps_heating_0_to_300_kbtuh,0.0
out.params.hvac_count_heat_pumps_heating_2500_plus_kbtuh,0.0
out.params.hvac_count_heat_pumps_heating_300_to_2500_kbtuh,0.0
out.params.interior_electric_equipment_eflh..hr,4420.2274305828405
out.params.interior_electric_equipment_power_density..w_per_ft2,0.5469385072509283
out.params.interior_lighting_eflh..hr,4781.125318170217
out.params.interior_lighting_power_density..w_per_ft2,1.1071665042172871
out.params.internal_mass_area_ratio,2.0
out.params.non_hp_water_heater_0_to_40_gal_count,1.0
out.params.non_hp_water_heater_0_to_40_gal_total_volume..gal,6.0
out.params.non_hp_water_heater_40_to_65_gal_count,4.0
out.params.non_hp_water_heater_40_to_65_gal_total_volume..gal,190.0
out.params.non_hp_water_heater_65_to_90_gal_count,0.0
out.params.non_hp_water_heater_65_to_90_gal_total_volume..gal,0.0
out.params.non_hp_water_heater_90_plus_gal_count,0.0
out.params.non_hp_water_heater_90_plus_gal_total_volume..gal,0.0
out.params.non_hp_water_heater_count,5.0
out.params.non_hp_water_heater_electric..j,49618297802.75748
out.params.non_hp_water_heater_gas..j,0.0
out.params.non_hp_water_heater_other_fuel..j,0.0
out.params.non_hp_water_heater_total_volume_gal..gal,196.0
out.params.non_hp_water_heater_unmet_heat_transfer_demand..j,1922820593.8004766
out.params.num_air_loops,1.0
out.params.num_air_loops_dcv,0.0
out.params.num_air_loops_economizer,1.0
out.params.num_air_loops_heat_recovery,0.0
out.params.num_broilers,0
out.params.num_errors,0.0
out.params.num_fryers,0
out.params.num_griddles,0
out.params.num_ovens,0
out.params.num_ranges,0
out.params.num_steamers,0
out.params.num_warnings,1412504.0
out.params.number_of_spaces,5.0
out.params.number_of_surfaces,30.0
out.params.number_of_zones,5.0
out.params.occupant_density_ppl_per_m_2..people_per_m2,0.19922534289513036
out.params.occupant_eflh..hr,2313.8870700402854
out.params.oven_fuel_type,Gas
out.params.range_fuel_type,Gas
out.params.smallest_space_floor_area..m2,7.6031847936000325
out.params.steamer_fuel_type,Electric
out.params.vrf_area_average_indoor_unit_cooling_capacity..w,0.0
out.params.vrf_area_average_indoor_unit_heating_capacity..w,0.0
out.params.vrf_average_line_height..m,0.0
out.params.vrf_average_line_length..m,0.0
out.params.vrf_average_num_compressors,0.0
out.params.vrf_average_outdoor_unit_cooling_capacity..w,0.0
out.params.vrf_average_outdoor_unit_heating_capacity..w,0.0
out.params.vrf_cooling_average_cop,0.0
out.params.vrf_cooling_design_cop,0.0
out.params.vrf_cooling_design_cop_110f,0.0
out.params.vrf_cooling_design_cop_35f,0.0
out.params.vrf_cooling_design_cop_60f,0.0
out.params.vrf_cooling_design_cop_85f,0.0
out.params.vrf_heating_average_cop,0.0
out.params.vrf_heating_average_total_cop,0.0
out.params.vrf_heating_design_cop,0.0
out.params.vrf_heating_design_cop_0f,0.0
out.params.vrf_heating_design_cop_20f,0.0
out.params.vrf_heating_design_cop_40f,0.0
out.params.vrf_heating_design_cop_minus22f,0.0
out.params.vrf_heating_fraction_supplemental,0.0
out.params.vrf_heating_total_supplemental_electric..j,0.0
out.params.vrf_heating_total_supplemental_gas..j,0.0
out.params.vrf_heating_total_supplemental_load..j,0.0
out.params.vrf_heating_total_supplemental_load_electric..j,0.0
out.params.vrf_heating_total_supplemental_load_gas..j,0.0
out.params.vrf_indoor_unit_count,0.0
out.params.vrf_outdoor_unit_count,0.0
out.params.vrf_temperature_type,
out.params.vrf_total_cooling_load..j,0.0
out.params.vrf_total_heat_recovery..j,0.0
out.params.vrf_total_heating_load..j,0.0
out.params.vrf_total_indoor_unit_cooling_capacity..w,0.0
out.params.vrf_total_indoor_unit_heating_capacity..w,0.0
out.params.vrf_total_outdoor_unit_cooling_capacity..w,0.0
out.params.vrf_total_outdoor_unit_heating_capacity..w,0.0
out.params.wa_hp_cooling_average_cop..cop,0.0
out.params.wa_hp_cooling_capacity..w,0.0
out.params.wa_hp_cooling_design_cop..cop,0.0
out.params.wa_hp_cooling_electric..j,0.0
out.params.wa_hp_cooling_load..j,0.0
out.params.wa_hp_heating_average_cop..cop,0.0
out.params.wa_hp_heating_capacity..w,0.0
out.params.wa_hp_heating_design_cop..cop,0.0
out.params.wa_hp_heating_electric..j,0.0
out.params.wa_hp_heating_load..j,0.0
out.params.window_to_wall_ratio,0.01
out.params.zone_hvac_fan_power_minimum_flow_fraction,0.0
out.params.zone_hvac_fan_static_pressure..inwc,0.0
out.params.zone_hvac_fan_total_efficiency,0.0
calc.emissions.total_with_cambium_mid_case_15y..co2e_kg,14979.171131110523
calc.emissions.total_with_egrid..co2e_kg,63720.52332424326
calc.enduse_group.district_cooling.hvac.energy_consumption..kwh,0.0
calc.enduse_group.district_heating.hvac.energy_consumption..kwh,0.0
calc.enduse_group.district_heating.water_systems.energy_consumption..kwh,0.0
calc.enduse_group.electricity.hvac.energy_consumption..kwh,76375.0
calc.enduse_group.electricity.interior_equipment.energy_consumption..kwh,7252.777777777778
calc.enduse_group.electricity.lighting.energy_consumption..kwh,24833.333333333332
calc.enduse_group.electricity.refrigeration.energy_consumption..kwh,0.0
calc.enduse_group.electricity.water_systems.energy_consumption..kwh,13783.333333333334
calc.enduse_group.natural_gas.hvac.energy_consumption..kwh,35538.88888888888
calc.enduse_group.natural_gas.interior_equipment.energy_consumption..kwh,0.0
calc.enduse_group.natural_gas.water_systems.energy_consumption..kwh,0.0
calc.enduse_group.other_fuel.hvac.energy_consumption..kwh,0.0
calc.enduse_group.other_fuel.interior_equipment.energy_consumption..kwh,0.0
calc.enduse_group.other_fuel.water_systems.energy_consumption..kwh,0.0
calc.enduse_group.site_energy.cooling.energy_consumption..kwh,5286.111111111111
calc.enduse_group.site_energy.heating.energy_consumption..kwh,86986.11111111111
calc.enduse_group.site_energy.hvac.energy_consumption..kwh,111913.88888888888
calc.enduse_group.site_energy.interior_equipment.energy_consumption..kwh,7252.777777777778
calc.enduse_group.site_energy.lighting.energy_consumption..kwh,24833.333333333332
calc.enduse_group.site_energy.refrigeration.energy_consumption..kwh,0.0
calc.enduse_group.site_energy.water_systems.energy_consumption..kwh,13783.333333333334
calc.percent_savings.district_cooling.cooling.energy_consumption..percent,0.0
calc.percent_savings.district_cooling.cooling.energy_consumption_intensity..percent,0.0
calc.percent_savings.district_cooling.total.energy_consumption..percent,0.0
calc.percent_savings.district_cooling.total.energy_consumption_intensity..percent,0.0
calc.percent_savings.district_heating.cooling.energy_consumption..percent,0.0
calc.percent_savings.district_heating.cooling.energy_consumption_intensity..percent,0.0
calc.percent_savings.district_heating.heating.energy_consumption..percent,0.0
calc.percent_savings.district_heating.heating.energy_consumption_intensity..percent,0.0
calc.percent_savings.district_heating.total.energy_consumption..percent,0.0
calc.percent_savings.district_heating.total.energy_consumption_intensity..percent,0.0
calc.percent_savings.district_heating.water_systems.energy_consumption..percent,0.0
calc.percent_savings.district_heating.water_systems.energy_consumption_intensity..percent,0.0
calc.percent_savings.electricity.cooling.energy_consumption..percent,0.0
calc.percent_savings.electricity.cooling.energy_consumption_intensity..percent,0.0
calc.percent_savings.electricity.exterior_lighting.energy_consumption..percent,0.0
calc.percent_savings.electricity.exterior_lighting.energy_consumption_intensity..percent,0.0
calc.percent_savings.electricity.fans.energy_consumption..percent,0.0
calc.percent_savings.electricity.fans.energy_consumption_intensity..percent,0.0
calc.percent_savings.electricity.heat_recovery.energy_consumption..percent,0.0
calc.percent_savings.electricity.heat_recovery.energy_consumption_intensity..percent,0.0
calc.percent_savings.electricity.heat_rejection.energy_consumption..percent,0.0
calc.percent_savings.electricity.heat_rejection.energy_consumption_intensity..percent,0.0
calc.percent_savings.electricity.heating.energy_consumption..percent,0.0
calc.percent_savings.electricity.heating.energy_consumption_intensity..percent,0.0
calc.percent_savings.electricity.interior_equipment.energy_consumption..percent,0.0
calc.percent_savings.electricity.interior_equipment.energy_consumption_intensity..percent,0.0
calc.percent_savings.electricity.interior_lighting.energy_consumption..percent,0.0
calc.percent_savings.electricity.interior_lighting.energy_consumption_intensity..percent,0.0
calc.percent_savings.electricity.pumps.energy_consumption..percent,0.0
calc.percent_savings.electricity.pumps.energy_consumption_intensity..percent,0.0
calc.percent_savings.electricity.refrigeration.energy_consumption..percent,0.0
calc.percent_savings.electricity.refrigeration.energy_consumption_intensity..percent,0.0
calc.percent_savings.electricity.total.energy_consumption..percent,0.0
calc.percent_savings.electricity.total.energy_consumption_intensity..percent,0.0
calc.percent_savings.electricity.water_systems.energy_consumption..percent,0.0
calc.percent_savings.electricity.water_systems.energy_consumption_intensity..percent,0.0
calc.percent_savings.natural_gas.cooling.energy_consumption..percent,0.0
calc.percent_savings.natural_gas.cooling.energy_consumption_intensity..percent,0.0
calc.percent_savings.natural_gas.heating.energy_consumption..percent,0.0
calc.percent_savings.natural_gas.heating.energy_consumption_intensity..percent,0.0
calc.percent_savings.natural_gas.interior_equipment.energy_consumption..percent,0.0
calc.percent_savings.natural_gas.interior_equipment.energy_consumption_intensity..percent,0.0
calc.percent_savings.natural_gas.total.energy_consumption..percent,0.0
calc.percent_savings.natural_gas.total.energy_consumption_intensity..percent,0.0
calc.percent_savings.natural_gas.water_systems.energy_consumption..percent,0.0
calc.percent_savings.natural_gas.water_systems.energy_consumption_intensity..percent,0.0
calc.percent_savings.other_fuel.cooling.energy_consumption..percent,0.0
calc.percent_savings.other_fuel.cooling.energy_consumption_intensity..percent,0.0
calc.percent_savings.other_fuel.heating.energy_consumption..percent,0.0
calc.percent_savings.other_fuel.heating.energy_consumption_intensity..percent,0.0
calc.percent_savings.other_fuel.interior_equipment.energy_consumption..percent,0.0
calc.percent_savings.other_fuel.interior_equipment.energy_consumption_intensity..percent,0.0
calc.percent_savings.other_fuel.total.energy_consumption..percent,0.0
calc.percent_savings.other_fuel.total.energy_consumption_intensity..percent,0.0
calc.percent_savings.other_fuel.water_systems.energy_consumption..percent,0.0
calc.percent_savings.other_fuel.water_systems.energy_consumption_intensity..percent,0.0
calc.percent_savings.site_energy.total.energy_consumption..percent,0.0
calc.percent_savings.site_energy.total.energy_consumption_intensity..percent,0.0
calc.segment,G: Buildings with Furnace-Based Multizone Systems
calc.weighted.district_cooling.cooling.energy_consumption..tbtu,0.0
calc.weighted.district_cooling.total.energy_consumption..tbtu,0.0
calc.weighted.district_heating.cooling.energy_consumption..tbtu,0.0
calc.weighted.district_heating.heating.energy_consumption..tbtu,0.0
calc.weighted.district_heating.total.energy_consumption..tbtu,0.0
calc.weighted.district_heating.water_systems.energy_consumption..tbtu,0.0
calc.weighted.electricity.cooling.energy_consumption..tbtu,3.374087778236048e-05
calc.weighted.electricity.exterior_lighting.energy_consumption..tbtu,5.714495485683017e-05
calc.weighted.electricity.fans.energy_consumption..tbtu,0.00012537138560119338
calc.weighted.electricity.heat_recovery.energy_consumption..tbtu,0.0
calc.weighted.electricity.heat_rejection.energy_consumption..tbtu,0.0
calc.weighted.electricity.heating.energy_consumption..tbtu,0.000328384023860798
calc.weighted.electricity.interior_equipment.energy_consumption..tbtu,4.6293973667757876e-05
calc.weighted.electricity.interior_lighting.energy_consumption..tbtu,0.00010136447623844188
calc.weighted.electricity.pumps.energy_consumption..tbtu,0.0
calc.weighted.electricity.refrigeration.energy_consumption..tbtu,0.0
calc.weighted.electricity.total.energy_consumption..tbtu,0.0007802777453736838
calc.weighted.electricity.water_systems.energy_consumption..tbtu,8.797805336630201e-05
calc.weighted.emissions.electricity.egrid_2021_subregion..co2e_mmt,0.00010404305363695118
calc.weighted.emissions.electricity.lrmer_high_re_cost_15_2023_start..co2e_mmt,4.8561827066836246e-05
calc.weighted.emissions.electricity.lrmer_low_re_cost_15_2023_start..co2e_mmt,3.115887597288103e-05
calc.weighted.emissions.fuel_oil..co2e_mmt,0.0
calc.weighted.emissions.natural_gas..co2e_mmt,1.5155880862171029e-05
calc.weighted.emissions.propane..co2e_mmt,0.0
calc.weighted.emissions.total_with_cambium_mid_case_15y..co2e_mmt,2.8020818809394015e-05
calc.weighted.emissions.total_with_egrid..co2e_mmt,0.00011919893449912223
calc.weighted.enduse_group.district_cooling.hvac.energy_consumption..tbtu,0.0
calc.weighted.enduse_group.district_heating.hvac.energy_consumption..tbtu,0.0
calc.weighted.enduse_group.district_heating.interior_equipment.energy_consumption..tbtu,0.0
calc.weighted.enduse_group.district_heating.water_systems.energy_consumption..tbtu,0.0
calc.weighted.enduse_group.electricity.hvac.emissions.egrid_2021_subregion..co2e_mmt,6.500326667305883e-05
calc.weighted.enduse_group.electricity.hvac.energy_consumption..tbtu,0.0004874962872443518
calc.weighted.enduse_group.electricity.interior_equipment.emissions.egrid_2021_subregion..co2e_mmt,6.172887044311933e-06
calc.weighted.enduse_group.electricity.interior_equipment.energy_consumption..tbtu,4.6293973667757876e-05
calc.weighted.enduse_group.electricity.lighting.emissions.egrid_2021_subregion..co2e_mmt,2.1135813931883826e-05
calc.weighted.enduse_group.electricity.lighting.energy_consumption..tbtu,0.00015850943109527204
calc.weighted.enduse_group.electricity.refrigeration.emissions.egrid_2021_subregion..co2e_mmt,0.0
calc.weighted.enduse_group.electricity.refrigeration.energy_consumption..tbtu,0.0
calc.weighted.enduse_group.electricity.water_systems.emissions.egrid_2021_subregion..co2e_mmt,1.1731085987696594e-05
calc.weighted.enduse_group.electricity.water_systems.energy_consumption..tbtu,8.797805336630201e-05
calc.weighted.enduse_group.natural_gas.hvac.emissions..co2e_mmt,1.5155880862171029e-05
calc.weighted.enduse_group.natural_gas.hvac.energy_consumption..tbtu,0.0002268422440081555
calc.weighted.enduse_group.natural_gas.interior_equipment.emissions..co2e_mmt,0.0
calc.weighted.enduse_group.natural_gas.interior_equipment.energy_consumption..tbtu,0.0
calc.weighted.enduse_group.natural_gas.water_systems.emissions..co2e_mmt,0.0
calc.weighted.enduse_group.natural_gas.water_systems.energy_consumption..tbtu,0.0
calc.weighted.enduse_group.other_fuel.hvac.emissions..co2e_mmt,0.0
calc.weighted.enduse_group.other_fuel.hvac.energy_consumption..tbtu,0.0
calc.weighted.enduse_group.other_fuel.interior_equipment.emissions..co2e_mmt,0.0
calc.weighted.enduse_group.other_fuel.interior_equipment.energy_consumption..tbtu,0.0
calc.weighted.enduse_group.other_fuel.water_systems.emissions..co2e_mmt,0.0
calc.weighted.enduse_group.other_fuel.water_systems.energy_consumption..tbtu,0.0
calc.weighted.enduse_group.site_energy.hvac.emissions..co2e_mmt,8.454642216885208e-05
calc.weighted.enduse_group.site_energy.hvac.energy_consumption..tbtu,0.0007143385312525073
calc.weighted.enduse_group.site_energy.interior_equipment.emissions..co2e_mmt,5.479180627041447e-06
calc.weighted.enduse_group.site_energy.interior_equipment.energy_consumption..tbtu,4.6293973667757876e-05
calc.weighted.enduse_group.site_energy.lighting.emissions..co2e_mmt,1.876058016306033e-05
calc.weighted.enduse_group.site_energy.lighting.energy_consumption..tbtu,0.00015850943109527204
calc.weighted.enduse_group.site_energy.refrigeration.emissions..co2e_mmt,0.0
calc.weighted.enduse_group.site_energy.refrigeration.energy_consumption..tbtu,0.0
calc.weighted.enduse_group.site_energy.water_systems.emissions..co2e_mmt,1.0412751540168385e-05
calc.weighted.enduse_group.site_energy.water_systems.energy_consumption..tbtu,8.797805336630201e-05
calc.weighted.natural_gas.cooling.energy_consumption..tbtu,0.0
calc.weighted.natural_gas.heating.energy_consumption..tbtu,0.0002268422440081555
calc.weighted.natural_gas.interior_equipment.energy_consumption..tbtu,0.0
calc.weighted.natural_gas.total.energy_consumption..tbtu,0.0002268422440081555
calc.weighted.natural_gas.water_systems.energy_consumption..tbtu,0.0
calc.weighted.other_fuel.cooling.energy_consumption..tbtu,0.0
calc.weighted.other_fuel.heating.energy_consumption..tbtu,0.0
calc.weighted.other_fuel.interior_equipment.energy_consumption..tbtu,0.0
calc.weighted.other_fuel.total.energy_consumption..tbtu,0.0
calc.weighted.other_fuel.water_systems.energy_consumption..tbtu,0.0
calc.weighted.savings.district_cooling.cooling.energy_consumption..tbtu,0.0
calc.weighted.savings.district_cooling.total.energy_consumption..tbtu,0.0
calc.weighted.savings.district_heating.cooling.energy_consumption..tbtu,0.0
calc.weighted.savings.district_heating.heating.energy_consumption..tbtu,0.0
calc.weighted.savings.district_heating.total.energy_consumption..tbtu,0.0
calc.weighted.savings.district_heating.water_systems.energy_consumption..tbtu,0.0
calc.weighted.savings.electricity.cooling.energy_consumption..tbtu,0.0
calc.weighted.savings.electricity.exterior_lighting.energy_consumption..tbtu,0.0
calc.weighted.savings.electricity.fans.energy_consumption..tbtu,0.0
calc.weighted.savings.electricity.heat_recovery.energy_consumption..tbtu,0.0
calc.weighted.savings.electricity.heat_rejection.energy_consumption..tbtu,0.0
calc.weighted.savings.electricity.heating.energy_consumption..tbtu,0.0
calc.weighted.savings.electricity.interior_equipment.energy_consumption..tbtu,0.0
calc.weighted.savings.electricity.interior_lighting.energy_consumption..tbtu,0.0
calc.weighted.savings.electricity.pumps.energy_consumption..tbtu,0.0
calc.weighted.savings.electricity.refrigeration.energy_consumption..tbtu,0.0
calc.weighted.savings.electricity.total.energy_consumption..tbtu,0.0
calc.weighted.savings.electricity.water_systems.energy_consumption..tbtu,0.0
calc.weighted.savings.natural_gas.cooling.energy_consumption..tbtu,0.0
calc.weighted.savings.natural_gas.heating.energy_consumption..tbtu,0.0
calc.weighted.savings.natural_gas.interior_equipment.energy_consumption..tbtu,0.0
calc.weighted.savings.natural_gas.total.energy_consumption..tbtu,0.0
calc.weighted.savings.natural_gas.water_systems.energy_consumption..tbtu,0.0
calc.weighted.savings.other_fuel.cooling.energy_consumption..tbtu,0.0
calc.weighted.savings.other_fuel.heating.energy_consumption..tbtu,0.0
calc.weighted.savings.other_fuel.interior_equipment.energy_consumption..tbtu,0.0
calc.weighted.savings.other_fuel.total.energy_consumption..tbtu,0.0
calc.weighted.savings.other_fuel.water_systems.energy_consumption..tbtu,0.0
calc.weighted.savings.site_energy.total.energy_consumption..tbtu,0.0
calc.weighted.site_energy.total.energy_consumption..tbtu,0.0010071199893818392
