timestamp,S,Pd,Qd,Gs,Bs,Vm,Va
2020-01-01 00:00:00 PST,+19.51+0.2j,+19.51,+0.2,+5.2371e-322,+0,+1.045,-4.91868
2020-01-01 02:00:00 PST,+19.074+0.2j,+19.074,+0.2,+5.2371e-322,+0,+1.045,-4.91868
2020-01-01 03:00:00 PST,+18.693+0.2j,+18.693,+0.2,+5.2371e-322,+0,+1.045,-4.91868
2020-01-01 04:00:00 PST,+18.524+0.2j,+18.524,+0.2,+5.2371e-322,+0,+1.045,-4.91868
2020-01-01 05:00:00 PST,+18.626+0.2j,+18.626,+0.2,+5.2371e-322,+0,+1.045,-4.91868
2020-01-01 06:00:00 PST,+19.002+0.2j,+19.002,+0.2,+5.2371e-322,+0,+1.045,-4.91868
2020-01-01 07:00:00 PST,+19.412+0.2j,+19.412,+0.2,+5.2371e-322,+0,+1.045,-4.91868
2020-01-01 08:00:00 PST,+19.898+0.2j,+19.898,+0.2,+5.2371e-322,+0,+1.045,-4.91868
2020-01-01 09:00:00 PST,+20.409+0.2j,+20.409,+0.2,+5.2371e-322,+0,+1.045,-4.91868
2020-01-01 10:00:00 PST,+21.025+0.2j,+21.025,+0.2,+5.2371e-322,+0,+1.045,-4.91868
2020-01-01 11:00:00 PST,+21.508+0.2j,+21.508,+0.2,+5.2371e-322,+0,+1.045,-4.91868
2020-01-01 12:00:00 PST,+21.46+0.2j,+21.46,+0.2,+5.2371e-322,+0,+1.045,-4.91868
2020-01-01 13:00:00 PST,+21.342+0.2j,+21.342,+0.2,+5.2371e-322,+0,+1.045,-4.91868
2020-01-01 14:00:00 PST,+21.271+0.2j,+21.271,+0.2,+5.2371e-322,+0,+1.045,-4.91868
2020-01-01 15:00:00 PST,+21.291+0.2j,+21.291,+0.2,+5.2371e-322,+0,+1.045,-4.91868
2020-01-01 16:00:00 PST,+21.536+0.2j,+21.536,+0.2,+5.2371e-322,+0,+1.045,-4.91868
2020-01-01 17:00:00 PST,+22.341+0.2j,+22.341,+0.2,+5.2371e-322,+0,+1.045,-4.91868
2020-01-01 18:00:00 PST,+22.919+0.2j,+22.919,+0.2,+5.2371e-322,+0,+1.045,-4.91868
2020-01-01 19:00:00 PST,+22.921+0.2j,+22.921,+0.2,+5.2371e-322,+0,+1.045,-4.91868
2020-01-01 20:00:00 PST,+22.564+0.2j,+22.564,+0.2,+5.2371e-322,+0,+1.045,-4.91868
2020-01-01 21:00:00 PST,+22.106+0.2j,+22.106,+0.2,+5.2371e-322,+0,+1.045,-4.91868
2020-01-01 22:00:00 PST,+21.478+0.2j,+21.478,+0.2,+5.2371e-322,+0,+1.045,-4.91868
2020-01-01 23:00:00 PST,+20.578+0.2j,+20.578,+0.2,+5.2371e-322,+0,+1.045,-4.91868
2020-01-02 00:00:00 PST,+19.684+0.2j,+19.684,+0.2,+5.2371e-322,+0,+1.045,-4.91868
2020-01-02 01:00:00 PST,+19.143+0.2j,+19.143,+0.2,+5.2371e-322,+0,+1.045,-4.91868
2020-01-02 02:00:00 PST,+18.85+0.2j,+18.85,+0.2,+5.2371e-322,+0,+1.045,-4.91868
2020-01-02 03:00:00 PST,+18.786+0.2j,+18.786,+0.2,+5.2371e-322,+0,+1.045,-4.91868
2020-01-02 04:00:00 PST,+18.947+0.2j,+18.947,+0.2,+5.2371e-322,+0,+1.045,-4.91868
2020-01-02 05:00:00 PST,+19.534+0.2j,+19.534,+0.2,+5.2371e-322,+0,+1.045,-4.91868
2020-01-02 06:00:00 PST,+20.5+0.2j,+20.5,+0.2,+5.2371e-322,+0,+1.045,-4.91868
2020-01-02 07:00:00 PST,+21.744+0.2j,+21.744,+0.2,+5.2371e-322,+0,+1.045,-4.91868
2020-01-02 08:00:00 PST,+22.581+0.2j,+22.581,+0.2,+5.2371e-322,+0,+1.045,-4.91868
2020-01-02 09:00:00 PST,+22.937+0.2j,+22.937,+0.2,+5.2371e-322,+0,+1.045,-4.91868
2020-01-02 10:00:00 PST,+23.207+0.2j,+23.207,+0.2,+5.2371e-322,+0,+1.045,-4.91868
2020-01-02 11:00:00 PST,+23.395+0.2j,+23.395,+0.2,+5.2371e-322,+0,+1.045,-4.91868
2020-01-02 12:00:00 PST,+23.423+0.2j,+23.423,+0.2,+5.2371e-322,+0,+1.045,-4.91868
2020-01-02 13:00:00 PST,+23.36+0.2j,+23.36,+0.2,+5.2371e-322,+0,+1.045,-4.91868
2020-01-02 14:00:00 PST,+23.372+0.2j,+23.372,+0.2,+5.2371e-322,+0,+1.045,-4.91868
2020-01-02 15:00:00 PST,+23.211+0.2j,+23.211,+0.2,+5.2371e-322,+0,+1.045,-4.91868
2020-01-02 16:00:00 PST,+23.363+0.2j,+23.363,+0.2,+5.2371e-322,+0,+1.045,-4.91868
2020-01-02 17:00:00 PST,+23.854+0.2j,+23.854,+0.2,+5.2371e-322,+0,+1.045,-4.91868
2020-01-02 18:00:00 PST,+24.467+0.2j,+24.467,+0.2,+5.2371e-322,+0,+1.045,-4.91868
2020-01-02 19:00:00 PST,+24.331+0.2j,+24.331,+0.2,+5.2371e-322,+0,+1.045,-4.91868
2020-01-02 20:00:00 PST,+23.837+0.2j,+23.837,+0.2,+5.2371e-322,+0,+1.045,-4.91868
2020-01-02 21:00:00 PST,+23.267+0.2j,+23.267,+0.2,+5.2371e-322,+0,+1.045,-4.91868
2020-01-02 22:00:00 PST,+22.418+0.2j,+22.418,+0.2,+5.2371e-322,+0,+1.045,-4.91868
2020-01-02 23:00:00 PST,+21.229+0.2j,+21.229,+0.2,+5.2371e-322,+0,+1.045,-4.91868
2020-01-03 00:00:00 PST,+20.175+0.2j,+20.175,+0.2,+5.2371e-322,+0,+1.045,-4.91868
2020-01-03 01:00:00 PST,+19.471+0.2j,+19.471,+0.2,+5.2371e-322,+0,+1.045,-4.91868
2020-01-03 02:00:00 PST,+19.062+0.2j,+19.062,+0.2,+5.2371e-322,+0,+1.045,-4.91868
2020-01-03 03:00:00 PST,+18.905+0.2j,+18.905,+0.2,+5.2371e-322,+0,+1.045,-4.91868
2020-01-03 04:00:00 PST,+18.838+0.2j,+18.838,+0.2,+5.2371e-322,+0,+1.045,-4.91868
2020-01-03 05:00:00 PST,+19.286+0.2j,+19.286,+0.2,+5.2371e-322,+0,+1.045,-4.91868
2020-01-03 06:00:00 PST,+20.338+0.2j,+20.338,+0.2,+5.2371e-322,+0,+1.045,-4.91868
2020-01-03 07:00:00 PST,+21.439+0.2j,+21.439,+0.2,+5.2371e-322,+0,+1.045,-4.91868
2020-01-03 08:00:00 PST,+22.157+0.2j,+22.157,+0.2,+5.2371e-322,+0,+1.045,-4.91868
2020-01-03 09:00:00 PST,+22.419+0.2j,+22.419,+0.2,+5.2371e-322,+0,+1.045,-4.91868
2020-01-03 10:00:00 PST,+22.518+0.2j,+22.518,+0.2,+5.2371e-322,+0,+1.045,-4.91868
2020-01-03 11:00:00 PST,+22.19+0.2j,+22.19,+0.2,+5.2371e-322,+0,+1.045,-4.91868
2020-01-03 12:00:00 PST,+21.727+0.2j,+21.727,+0.2,+5.2371e-322,+0,+1.045,-4.91868
2020-01-03 13:00:00 PST,+21.61+0.2j,+21.61,+0.2,+5.2371e-322,+0,+1.045,-4.91868
2020-01-03 14:00:00 PST,+21.514+0.2j,+21.514,+0.2,+5.2371e-322,+0,+1.045,-4.91868
2020-01-03 15:00:00 PST,+21.58+0.2j,+21.58,+0.2,+5.2371e-322,+0,+1.045,-4.91868
2020-01-03 16:00:00 PST,+21.879+0.2j,+21.879,+0.2,+5.2371e-322,+0,+1.045,-4.91868
2020-01-03 17:00:00 PST,+22.544+0.2j,+22.544,+0.2,+5.2371e-322,+0,+1.045,-4.91868
2020-01-03 18:00:00 PST,+23.279+0.2j,+23.279,+0.2,+5.2371e-322,+0,+1.045,-4.91868
2020-01-03 19:00:00 PST,+23.143+0.2j,+23.143,+0.2,+5.2371e-322,+0,+1.045,-4.91868
2020-01-03 20:00:00 PST,+22.662+0.2j,+22.662,+0.2,+5.2371e-322,+0,+1.045,-4.91868
2020-01-03 21:00:00 PST,+22.16+0.2j,+22.16,+0.2,+5.2371e-322,+0,+1.045,-4.91868
2020-01-03 22:00:00 PST,+21.488+0.2j,+21.488,+0.2,+5.2371e-322,+0,+1.045,-4.91868
2020-01-03 23:00:00 PST,+20.661+0.2j,+20.661,+0.2,+5.2371e-322,+0,+1.045,-4.91868
2020-01-04 00:00:00 PST,+19.916+0.2j,+19.916,+0.2,+5.2371e-322,+0,+1.045,-4.91868
2020-01-04 01:00:00 PST,+19.309+0.2j,+19.309,+0.2,+5.2371e-322,+0,+1.045,-4.91868
2020-01-04 02:00:00 PST,+18.988+0.2j,+18.988,+0.2,+5.2371e-322,+0,+1.045,-4.91868
2020-01-04 03:00:00 PST,+18.844+0.2j,+18.844,+0.2,+5.2371e-322,+0,+1.045,-4.91868
2020-01-04 04:00:00 PST,+18.977+0.2j,+18.977,+0.2,+5.2371e-322,+0,+1.045,-4.91868
2020-01-04 05:00:00 PST,+19.347+0.2j,+19.347,+0.2,+5.2371e-322,+0,+1.045,-4.91868
2020-01-04 06:00:00 PST,+20.047+0.2j,+20.047,+0.2,+5.2371e-322,+0,+1.045,-4.91868
2020-01-04 07:00:00 PST,+20.946+0.2j,+20.946,+0.2,+5.2371e-322,+0,+1.045,-4.91868
2020-01-04 08:00:00 PST,+21.854+0.2j,+21.854,+0.2,+5.2371e-322,+0,+1.045,-4.91868
2020-01-04 09:00:00 PST,+22.683+0.2j,+22.683,+0.2,+5.2371e-322,+0,+1.045,-4.91868
2020-01-04 10:00:00 PST,+23.084+0.2j,+23.084,+0.2,+5.2371e-322,+0,+1.045,-4.91868
2020-01-04 11:00:00 PST,+23.157+0.2j,+23.157,+0.2,+5.2371e-322,+0,+1.045,-4.91868
2020-01-04 12:00:00 PST,+22.997+0.2j,+22.997,+0.2,+5.2371e-322,+0,+1.045,-4.91868
2020-01-04 13:00:00 PST,+23.011+0.2j,+23.011,+0.2,+5.2371e-322,+0,+1.045,-4.91868
2020-01-04 14:00:00 PST,+23.03+0.2j,+23.03,+0.2,+5.2371e-322,+0,+1.045,-4.91868
2020-01-04 15:00:00 PST,+22.946+0.2j,+22.946,+0.2,+5.2371e-322,+0,+1.045,-4.91868
2020-01-04 16:00:00 PST,+22.97+0.2j,+22.97,+0.2,+5.2371e-322,+0,+1.045,-4.91868
2020-01-04 17:00:00 PST,+23.434+0.2j,+23.434,+0.2,+5.2371e-322,+0,+1.045,-4.91868
2020-01-04 18:00:00 PST,+24.156+0.2j,+24.156,+0.2,+5.2371e-322,+0,+1.045,-4.91868
2020-01-04 19:00:00 PST,+24.03+0.2j,+24.03,+0.2,+5.2371e-322,+0,+1.045,-4.91868
2020-01-04 20:00:00 PST,+23.614+0.2j,+23.614,+0.2,+5.2371e-322,+0,+1.045,-4.91868
2020-01-04 21:00:00 PST,+23.138+0.2j,+23.138,+0.2,+5.2371e-322,+0,+1.045,-4.91868
2020-01-04 22:00:00 PST,+22.514+0.2j,+22.514,+0.2,+5.2371e-322,+0,+1.045,-4.91868
2020-01-04 23:00:00 PST,+21.606+0.2j,+21.606,+0.2,+5.2371e-322,+0,+1.045,-4.91868
2020-01-05 00:00:00 PST,+20.712+0.2j,+20.712,+0.2,+5.2371e-322,+0,+1.045,-4.91868
2020-01-05 01:00:00 PST,+20.066+0.2j,+20.066,+0.2,+5.2371e-322,+0,+1.045,-4.91868
2020-01-05 02:00:00 PST,+19.676+0.2j,+19.676,+0.2,+5.2371e-322,+0,+1.045,-4.91868
2020-01-05 03:00:00 PST,+19.59+0.2j,+19.59,+0.2,+5.2371e-322,+0,+1.045,-4.91868
2020-01-05 04:00:00 PST,+19.617+0.2j,+19.617,+0.2,+5.2371e-322,+0,+1.045,-4.91868
2020-01-05 05:00:00 PST,+19.875+0.2j,+19.875,+0.2,+5.2371e-322,+0,+1.045,-4.91868
2020-01-05 06:00:00 PST,+20.439+0.2j,+20.439,+0.2,+5.2371e-322,+0,+1.045,-4.91868
2020-01-05 07:00:00 PST,+21.267+0.2j,+21.267,+0.2,+5.2371e-322,+0,+1.045,-4.91868
2020-01-05 08:00:00 PST,+22.037+0.2j,+22.037,+0.2,+5.2371e-322,+0,+1.045,-4.91868
2020-01-05 09:00:00 PST,+22.845+0.2j,+22.845,+0.2,+5.2371e-322,+0,+1.045,-4.91868
2020-01-05 10:00:00 PST,+23.313+0.2j,+23.313,+0.2,+5.2371e-322,+0,+1.045,-4.91868
2020-01-05 11:00:00 PST,+23.765+0.2j,+23.765,+0.2,+5.2371e-322,+0,+1.045,-4.91868
2020-01-05 12:00:00 PST,+23.636+0.2j,+23.636,+0.2,+5.2371e-322,+0,+1.045,-4.91868
2020-01-05 13:00:00 PST,+23.555+0.2j,+23.555,+0.2,+5.2371e-322,+0,+1.045,-4.91868
2020-01-05 14:00:00 PST,+23.398+0.2j,+23.398,+0.2,+5.2371e-322,+0,+1.045,-4.91868
2020-01-05 15:00:00 PST,+23.04+0.2j,+23.04,+0.2,+5.2371e-322,+0,+1.045,-4.91868
2020-01-05 16:00:00 PST,+23.226+0.2j,+23.226,+0.2,+5.2371e-322,+0,+1.045,-4.91868
2020-01-05 17:00:00 PST,+23.839+0.2j,+23.839,+0.2,+5.2371e-322,+0,+1.045,-4.91868
2020-01-05 18:00:00 PST,+24.664+0.2j,+24.664,+0.2,+5.2371e-322,+0,+1.045,-4.91868
2020-01-05 19:00:00 PST,+24.494+0.2j,+24.494,+0.2,+5.2371e-322,+0,+1.045,-4.91868
2020-01-05 20:00:00 PST,+24.125+0.2j,+24.125,+0.2,+5.2371e-322,+0,+1.045,-4.91868
2020-01-05 21:00:00 PST,+23.696+0.2j,+23.696,+0.2,+5.2371e-322,+0,+1.045,-4.91868
2020-01-05 22:00:00 PST,+22.757+0.2j,+22.757,+0.2,+5.2371e-322,+0,+1.045,-4.91868
2020-01-05 23:00:00 PST,+21.619+0.2j,+21.619,+0.2,+5.2371e-322,+0,+1.045,-4.91868
2020-01-06 00:00:00 PST,+20.562+0.2j,+20.562,+0.2,+5.2371e-322,+0,+1.045,-4.91868
2020-01-06 01:00:00 PST,+19.989+0.2j,+19.989,+0.2,+5.2371e-322,+0,+1.045,-4.91868
2020-01-06 02:00:00 PST,+19.65+0.2j,+19.65,+0.2,+5.2371e-322,+0,+1.045,-4.91868
2020-01-06 03:00:00 PST,+19.494+0.2j,+19.494,+0.2,+5.2371e-322,+0,+1.045,-4.91868
2020-01-06 04:00:00 PST,+19.702+0.2j,+19.702,+0.2,+5.2371e-322,+0,+1.045,-4.91868
2020-01-06 05:00:00 PST,+20.378+0.2j,+20.378,+0.2,+5.2371e-322,+0,+1.045,-4.91868
2020-01-06 06:00:00 PST,+21.581+0.2j,+21.581,+0.2,+5.2371e-322,+0,+1.045,-4.91868
2020-01-06 07:00:00 PST,+23.022+0.2j,+23.022,+0.2,+5.2371e-322,+0,+1.045,-4.91868
2020-01-06 08:00:00 PST,+23.926+0.2j,+23.926,+0.2,+5.2371e-322,+0,+1.045,-4.91868
2020-01-06 09:00:00 PST,+23.738+0.2j,+23.738,+0.2,+5.2371e-322,+0,+1.045,-4.91868
2020-01-06 10:00:00 PST,+23.652+0.2j,+23.652,+0.2,+5.2371e-322,+0,+1.045,-4.91868
2020-01-06 11:00:00 PST,+23.62+0.2j,+23.62,+0.2,+5.2371e-322,+0,+1.045,-4.91868
2020-01-06 12:00:00 PST,+23.519+0.2j,+23.519,+0.2,+5.2371e-322,+0,+1.045,-4.91868
2020-01-06 13:00:00 PST,+23.478+0.2j,+23.478,+0.2,+5.2371e-322,+0,+1.045,-4.91868
2020-01-06 14:00:00 PST,+23.351+0.2j,+23.351,+0.2,+5.2371e-322,+0,+1.045,-4.91868
2020-01-06 15:00:00 PST,+23.361+0.2j,+23.361,+0.2,+5.2371e-322,+0,+1.045,-4.91868
2020-01-06 16:00:00 PST,+23.612+0.2j,+23.612,+0.2,+5.2371e-322,+0,+1.045,-4.91868
2020-01-06 17:00:00 PST,+24.251+0.2j,+24.251,+0.2,+5.2371e-322,+0,+1.045,-4.91868
2020-01-06 18:00:00 PST,+24.938+0.2j,+24.938,+0.2,+5.2371e-322,+0,+1.045,-4.91868
2020-01-06 19:00:00 PST,+24.726+0.2j,+24.726,+0.2,+5.2371e-322,+0,+1.045,-4.91868
2020-01-06 20:00:00 PST,+24.236+0.2j,+24.236,+0.2,+5.2371e-322,+0,+1.045,-4.91868
2020-01-06 21:00:00 PST,+23.604+0.2j,+23.604,+0.2,+5.2371e-322,+0,+1.045,-4.91868
2020-01-06 22:00:00 PST,+22.659+0.2j,+22.659,+0.2,+5.2371e-322,+0,+1.045,-4.91868
2020-01-06 23:00:00 PST,+21.345+0.2j,+21.345,+0.2,+5.2371e-322,+0,+1.045,-4.91868
2020-01-07 00:00:00 PST,+20.305+0.2j,+20.305,+0.2,+5.2371e-322,+0,+1.045,-4.91868
2020-01-07 01:00:00 PST,+19.594+0.2j,+19.594,+0.2,+5.2371e-322,+0,+1.045,-4.91868
2020-01-07 02:00:00 PST,+19.19+0.2j,+19.19,+0.2,+5.2371e-322,+0,+1.045,-4.91868
2020-01-07 03:00:00 PST,+19.081+0.2j,+19.081,+0.2,+5.2371e-322,+0,+1.045,-4.91868
2020-01-07 04:00:00 PST,+19.158+0.2j,+19.158,+0.2,+5.2371e-322,+0,+1.045,-4.91868
2020-01-07 05:00:00 PST,+19.646+0.2j,+19.646,+0.2,+5.2371e-322,+0,+1.045,-4.91868
2020-01-07 06:00:00 PST,+20.723+0.2j,+20.723,+0.2,+5.2371e-322,+0,+1.045,-4.91868
2020-01-07 07:00:00 PST,+22.09+0.2j,+22.09,+0.2,+5.2371e-322,+0,+1.045,-4.91868
2020-01-07 08:00:00 PST,+22.884+0.2j,+22.884,+0.2,+5.2371e-322,+0,+1.045,-4.91868
2020-01-07 09:00:00 PST,+22.688+0.2j,+22.688,+0.2,+5.2371e-322,+0,+1.045,-4.91868
2020-01-07 10:00:00 PST,+22.477+0.2j,+22.477,+0.2,+5.2371e-322,+0,+1.045,-4.91868
2020-01-07 11:00:00 PST,+22.359+0.2j,+22.359,+0.2,+5.2371e-322,+0,+1.045,-4.91868
2020-01-07 12:00:00 PST,+22.253+0.2j,+22.253,+0.2,+5.2371e-322,+0,+1.045,-4.91868
2020-01-07 13:00:00 PST,+22.054+0.2j,+22.054,+0.2,+5.2371e-322,+0,+1.045,-4.91868
2020-01-07 14:00:00 PST,+21.844+0.2j,+21.844,+0.2,+5.2371e-322,+0,+1.045,-4.91868
2020-01-07 15:00:00 PST,+22.034+0.2j,+22.034,+0.2,+5.2371e-322,+0,+1.045,-4.91868
2020-01-07 16:00:00 PST,+22.401+0.2j,+22.401,+0.2,+5.2371e-322,+0,+1.045,-4.91868
2020-01-07 17:00:00 PST,+23.254+0.2j,+23.254,+0.2,+5.2371e-322,+0,+1.045,-4.91868
2020-01-07 18:00:00 PST,+24.16+0.2j,+24.16,+0.2,+5.2371e-322,+0,+1.045,-4.91868
2020-01-07 19:00:00 PST,+24.084+0.2j,+24.084,+0.2,+5.2371e-322,+0,+1.045,-4.91868
2020-01-07 20:00:00 PST,+23.849+0.2j,+23.849,+0.2,+5.2371e-322,+0,+1.045,-4.91868
2020-01-07 21:00:00 PST,+23.324+0.2j,+23.324,+0.2,+5.2371e-322,+0,+1.045,-4.91868
2020-01-07 22:00:00 PST,+22.533+0.2j,+22.533,+0.2,+5.2371e-322,+0,+1.045,-4.91868
2020-01-07 23:00:00 PST,+21.215+0.2j,+21.215,+0.2,+5.2371e-322,+0,+1.045,-4.91868
2020-01-08 00:00:00 PST,+20.134+0.2j,+20.134,+0.2,+5.2371e-322,+0,+1.045,-4.91868
2020-01-08 01:00:00 PST,+19.412+0.2j,+19.412,+0.2,+5.2371e-322,+0,+1.045,-4.91868
2020-01-08 02:00:00 PST,+19.212+0.2j,+19.212,+0.2,+5.2371e-322,+0,+1.045,-4.91868
2020-01-08 03:00:00 PST,+19.097+0.2j,+19.097,+0.2,+5.2371e-322,+0,+1.045,-4.91868
2020-01-08 05:00:00 PST,+19.864+0.2j,+19.864,+0.2,+5.2371e-322,+0,+1.045,-4.91868
2020-01-08 06:00:00 PST,+21.232+0.2j,+21.232,+0.2,+5.2371e-322,+0,+1.045,-4.91868
2020-01-08 07:00:00 PST,+22.791+0.2j,+22.791,+0.2,+5.2371e-322,+0,+1.045,-4.91868
2020-01-08 08:00:00 PST,+23.688+0.2j,+23.688,+0.2,+5.2371e-322,+0,+1.045,-4.91868
2020-01-08 09:00:00 PST,+23.65+0.2j,+23.65,+0.2,+5.2371e-322,+0,+1.045,-4.91868
2020-01-08 10:00:00 PST,+23.507+0.2j,+23.507,+0.2,+5.2371e-322,+0,+1.045,-4.91868
2020-01-08 11:00:00 PST,+23.297+0.2j,+23.297,+0.2,+5.2371e-322,+0,+1.045,-4.91868
2020-01-08 12:00:00 PST,+23.128+0.2j,+23.128,+0.2,+5.2371e-322,+0,+1.045,-4.91868
2020-01-08 13:00:00 PST,+23.071+0.2j,+23.071,+0.2,+5.2371e-322,+0,+1.045,-4.91868
2020-01-08 14:00:00 PST,+23.081+0.2j,+23.081,+0.2,+5.2371e-322,+0,+1.045,-4.91868
2020-01-08 15:00:00 PST,+23.207+0.2j,+23.207,+0.2,+5.2371e-322,+0,+1.045,-4.91868
2020-01-08 16:00:00 PST,+23.691+0.2j,+23.691,+0.2,+5.2371e-322,+0,+1.045,-4.91868
2020-01-08 17:00:00 PST,+24.717+0.2j,+24.717,+0.2,+5.2371e-322,+0,+1.045,-4.91868
2020-01-08 18:00:00 PST,+25.526+0.2j,+25.526,+0.2,+5.2371e-322,+0,+1.045,-4.91868
2020-01-08 19:00:00 PST,+25.508+0.2j,+25.508,+0.2,+5.2371e-322,+0,+1.045,-4.91868
2020-01-08 20:00:00 PST,+25.148+0.2j,+25.148,+0.2,+5.2371e-322,+0,+1.045,-4.91868
2020-01-08 21:00:00 PST,+24.628+0.2j,+24.628,+0.2,+5.2371e-322,+0,+1.045,-4.91868
2020-01-08 22:00:00 PST,+23.872+0.2j,+23.872,+0.2,+5.2371e-322,+0,+1.045,-4.91868
2020-01-08 23:00:00 PST,+22.625+0.2j,+22.625,+0.2,+5.2371e-322,+0,+1.045,-4.91868
2020-01-09 00:00:00 PST,+21.524+0.2j,+21.524,+0.2,+5.2371e-322,+0,+1.045,-4.91868
2020-01-09 01:00:00 PST,+20.838+0.2j,+20.838,+0.2,+5.2371e-322,+0,+1.045,-4.91868
2020-01-09 02:00:00 PST,+20.63+0.2j,+20.63,+0.2,+5.2371e-322,+0,+1.045,-4.91868
2020-01-09 03:00:00 PST,+20.688+0.2j,+20.688,+0.2,+5.2371e-322,+0,+1.045,-4.91868
2020-01-09 04:00:00 PST,+21.025+0.2j,+21.025,+0.2,+5.2371e-322,+0,+1.045,-4.91868
2020-01-09 05:00:00 PST,+21.697+0.2j,+21.697,+0.2,+5.2371e-322,+0,+1.045,-4.91868
2020-01-09 06:00:00 PST,+22.893+0.2j,+22.893,+0.2,+5.2371e-322,+0,+1.045,-4.91868
2020-01-09 07:00:00 PST,+24.573+0.2j,+24.573,+0.2,+5.2371e-322,+0,+1.045,-4.91868
2020-01-09 08:00:00 PST,+25.525+0.2j,+25.525,+0.2,+5.2371e-322,+0,+1.045,-4.91868
2020-01-09 09:00:00 PST,+25.244+0.2j,+25.244,+0.2,+5.2371e-322,+0,+1.045,-4.91868
2020-01-09 10:00:00 PST,+24.917+0.2j,+24.917,+0.2,+5.2371e-322,+0,+1.045,-4.91868
2020-01-09 11:00:00 PST,+24.459+0.2j,+24.459,+0.2,+5.2371e-322,+0,+1.045,-4.91868
2020-01-09 12:00:00 PST,+24.241+0.2j,+24.241,+0.2,+5.2371e-322,+0,+1.045,-4.91868
2020-01-09 13:00:00 PST,+24.278+0.2j,+24.278,+0.2,+5.2371e-322,+0,+1.045,-4.91868
2020-01-09 14:00:00 PST,+24.2+0.2j,+24.2,+0.2,+5.2371e-322,+0,+1.045,-4.91868
2020-01-09 15:00:00 PST,+24.294+0.2j,+24.294,+0.2,+5.2371e-322,+0,+1.045,-4.91868
2020-01-09 16:00:00 PST,+24.543+0.2j,+24.543,+0.2,+5.2371e-322,+0,+1.045,-4.91868
2020-01-09 17:00:00 PST,+25.154+0.2j,+25.154,+0.2,+5.2371e-322,+0,+1.045,-4.91868
2020-01-09 18:00:00 PST,+25.88+0.2j,+25.88,+0.2,+5.2371e-322,+0,+1.045,-4.91868
2020-01-09 19:00:00 PST,+25.771+0.2j,+25.771,+0.2,+5.2371e-322,+0,+1.045,-4.91868
2020-01-09 20:00:00 PST,+25.507+0.2j,+25.507,+0.2,+5.2371e-322,+0,+1.045,-4.91868
2020-01-09 21:00:00 PST,+24.878+0.2j,+24.878,+0.2,+5.2371e-322,+0,+1.045,-4.91868
2020-01-09 22:00:00 PST,+23.892+0.2j,+23.892,+0.2,+5.2371e-322,+0,+1.045,-4.91868
2020-01-09 23:00:00 PST,+22.554+0.2j,+22.554,+0.2,+5.2371e-322,+0,+1.045,-4.91868
2020-01-10 00:00:00 PST,+21.362+0.2j,+21.362,+0.2,+5.2371e-322,+0,+1.045,-4.91868
2020-01-10 01:00:00 PST,+20.616+0.2j,+20.616,+0.2,+5.2371e-322,+0,+1.045,-4.91868
2020-01-10 02:00:00 PST,+20.341+0.2j,+20.341,+0.2,+5.2371e-322,+0,+1.045,-4.91868
2020-01-10 03:00:00 PST,+20.257+0.2j,+20.257,+0.2,+5.2371e-322,+0,+1.045,-4.91868
2020-01-10 04:00:00 PST,+20.472+0.2j,+20.472,+0.2,+5.2371e-322,+0,+1.045,-4.91868
2020-01-10 05:00:00 PST,+21.048+0.2j,+21.048,+0.2,+5.2371e-322,+0,+1.045,-4.91868
2020-01-10 06:00:00 PST,+22.208+0.2j,+22.208,+0.2,+5.2371e-322,+0,+1.045,-4.91868
2020-01-10 07:00:00 PST,+23.667+0.2j,+23.667,+0.2,+5.2371e-322,+0,+1.045,-4.91868
2020-01-10 08:00:00 PST,+24.749+0.2j,+24.749,+0.2,+5.2371e-322,+0,+1.045,-4.91868
2020-01-10 09:00:00 PST,+24.715+0.2j,+24.715,+0.2,+5.2371e-322,+0,+1.045,-4.91868
2020-01-10 10:00:00 PST,+24.536+0.2j,+24.536,+0.2,+5.2371e-322,+0,+1.045,-4.91868
2020-01-10 11:00:00 PST,+24.422+0.2j,+24.422,+0.2,+5.2371e-322,+0,+1.045,-4.91868
2020-01-10 12:00:00 PST,+24.338+0.2j,+24.338,+0.2,+5.2371e-322,+0,+1.045,-4.91868
2020-01-10 13:00:00 PST,+24.242+0.2j,+24.242,+0.2,+5.2371e-322,+0,+1.045,-4.91868
2020-01-10 14:00:00 PST,+24.134+0.2j,+24.134,+0.2,+5.2371e-322,+0,+1.045,-4.91868
2020-01-10 15:00:00 PST,+23.85+0.2j,+23.85,+0.2,+5.2371e-322,+0,+1.045,-4.91868
2020-01-10 16:00:00 PST,+23.79+0.2j,+23.79,+0.2,+5.2371e-322,+0,+1.045,-4.91868
2020-01-10 17:00:00 PST,+24.291+0.2j,+24.291,+0.2,+5.2371e-322,+0,+1.045,-4.91868
2020-01-10 18:00:00 PST,+24.833+0.2j,+24.833,+0.2,+5.2371e-322,+0,+1.045,-4.91868
2020-01-10 19:00:00 PST,+24.665+0.2j,+24.665,+0.2,+5.2371e-322,+0,+1.045,-4.91868
2020-01-10 20:00:00 PST,+24.163+0.2j,+24.163,+0.2,+5.2371e-322,+0,+1.045,-4.91868
2020-01-10 21:00:00 PST,+23.548+0.2j,+23.548,+0.2,+5.2371e-322,+0,+1.045,-4.91868
2020-01-10 22:00:00 PST,+22.799+0.2j,+22.799,+0.2,+5.2371e-322,+0,+1.045,-4.91868
2020-01-10 23:00:00 PST,+21.845+0.2j,+21.845,+0.2,+5.2371e-322,+0,+1.045,-4.91868
2020-01-11 00:00:00 PST,+20.979+0.2j,+20.979,+0.2,+5.2371e-322,+0,+1.045,-4.91868
2020-01-11 01:00:00 PST,+20.291+0.2j,+20.291,+0.2,+5.2371e-322,+0,+1.045,-4.91868
2020-01-11 02:00:00 PST,+19.842+0.2j,+19.842,+0.2,+5.2371e-322,+0,+1.045,-4.91868
2020-01-11 03:00:00 PST,+19.631+0.2j,+19.631,+0.2,+5.2371e-322,+0,+1.045,-4.91868
2020-01-11 04:00:00 PST,+19.778+0.2j,+19.778,+0.2,+5.2371e-322,+0,+1.045,-4.91868
2020-01-11 05:00:00 PST,+19.995+0.2j,+19.995,+0.2,+5.2371e-322,+0,+1.045,-4.91868
2020-01-11 06:00:00 PST,+20.497+0.2j,+20.497,+0.2,+5.2371e-322,+0,+1.045,-4.91868
2020-01-11 07:00:00 PST,+21.425+0.2j,+21.425,+0.2,+5.2371e-322,+0,+1.045,-4.91868
2020-01-11 08:00:00 PST,+22.349+0.2j,+22.349,+0.2,+5.2371e-322,+0,+1.045,-4.91868
2020-01-11 09:00:00 PST,+23.213+0.2j,+23.213,+0.2,+5.2371e-322,+0,+1.045,-4.91868
2020-01-11 10:00:00 PST,+23.818+0.2j,+23.818,+0.2,+5.2371e-322,+0,+1.045,-4.91868
2020-01-11 11:00:00 PST,+24.16+0.2j,+24.16,+0.2,+5.2371e-322,+0,+1.045,-4.91868
2020-01-11 12:00:00 PST,+24.149+0.2j,+24.149,+0.2,+5.2371e-322,+0,+1.045,-4.91868
2020-01-11 13:00:00 PST,+23.887+0.2j,+23.887,+0.2,+5.2371e-322,+0,+1.045,-4.91868
2020-01-11 14:00:00 PST,+23.768+0.2j,+23.768,+0.2,+5.2371e-322,+0,+1.045,-4.91868
2020-01-11 15:00:00 PST,+23.728+0.2j,+23.728,+0.2,+5.2371e-322,+0,+1.045,-4.91868
2020-01-11 16:00:00 PST,+23.88+0.2j,+23.88,+0.2,+5.2371e-322,+0,+1.045,-4.91868
2020-01-11 17:00:00 PST,+24.289+0.2j,+24.289,+0.2,+5.2371e-322,+0,+1.045,-4.91868
2020-01-11 18:00:00 PST,+24.751+0.2j,+24.751,+0.2,+5.2371e-322,+0,+1.045,-4.91868
2020-01-11 19:00:00 PST,+24.41+0.2j,+24.41,+0.2,+5.2371e-322,+0,+1.045,-4.91868
2020-01-11 20:00:00 PST,+24.026+0.2j,+24.026,+0.2,+5.2371e-322,+0,+1.045,-4.91868
2020-01-11 21:00:00 PST,+23.52+0.2j,+23.52,+0.2,+5.2371e-322,+0,+1.045,-4.91868
2020-01-11 22:00:00 PST,+22.834+0.2j,+22.834,+0.2,+5.2371e-322,+0,+1.045,-4.91868
2020-01-11 23:00:00 PST,+21.964+0.2j,+21.964,+0.2,+5.2371e-322,+0,+1.045,-4.91868
2020-01-12 00:00:00 PST,+21.142+0.2j,+21.142,+0.2,+5.2371e-322,+0,+1.045,-4.91868
2020-01-12 01:00:00 PST,+20.513+0.2j,+20.513,+0.2,+5.2371e-322,+0,+1.045,-4.91868
2020-01-12 02:00:00 PST,+20.208+0.2j,+20.208,+0.2,+5.2371e-322,+0,+1.045,-4.91868
2020-01-12 03:00:00 PST,+20.099+0.2j,+20.099,+0.2,+5.2371e-322,+0,+1.045,-4.91868
2020-01-12 04:00:00 PST,+20.116+0.2j,+20.116,+0.2,+5.2371e-322,+0,+1.045,-4.91868
2020-01-12 05:00:00 PST,+20.365+0.2j,+20.365,+0.2,+5.2371e-322,+0,+1.045,-4.91868
2020-01-12 06:00:00 PST,+20.816+0.2j,+20.816,+0.2,+5.2371e-322,+0,+1.045,-4.91868
2020-01-12 07:00:00 PST,+21.624+0.2j,+21.624,+0.2,+5.2371e-322,+0,+1.045,-4.91868
2020-01-12 08:00:00 PST,+22.568+0.2j,+22.568,+0.2,+5.2371e-322,+0,+1.045,-4.91868
2020-01-12 09:00:00 PST,+23.342+0.2j,+23.342,+0.2,+5.2371e-322,+0,+1.045,-4.91868
2020-01-12 10:00:00 PST,+23.724+0.2j,+23.724,+0.2,+5.2371e-322,+0,+1.045,-4.91868
2020-01-12 11:00:00 PST,+23.627+0.2j,+23.627,+0.2,+5.2371e-322,+0,+1.045,-4.91868
2020-01-12 12:00:00 PST,+23.899+0.2j,+23.899,+0.2,+5.2371e-322,+0,+1.045,-4.91868
2020-01-12 13:00:00 PST,+23.97+0.2j,+23.97,+0.2,+5.2371e-322,+0,+1.045,-4.91868
2020-01-12 14:00:00 PST,+23.805+0.2j,+23.805,+0.2,+5.2371e-322,+0,+1.045,-4.91868
2020-01-12 15:00:00 PST,+23.871+0.2j,+23.871,+0.2,+5.2371e-322,+0,+1.045,-4.91868
2020-01-12 16:00:00 PST,+23.955+0.2j,+23.955,+0.2,+5.2371e-322,+0,+1.045,-4.91868
2020-01-12 17:00:00 PST,+24.538+0.2j,+24.538,+0.2,+5.2371e-322,+0,+1.045,-4.91868
2020-01-12 18:00:00 PST,+25.567+0.2j,+25.567,+0.2,+5.2371e-322,+0,+1.045,-4.91868
2020-01-12 19:00:00 PST,+25.426+0.2j,+25.426,+0.2,+5.2371e-322,+0,+1.045,-4.91868
2020-01-12 20:00:00 PST,+25.352+0.2j,+25.352,+0.2,+5.2371e-322,+0,+1.045,-4.91868
2020-01-12 21:00:00 PST,+24.789+0.2j,+24.789,+0.2,+5.2371e-322,+0,+1.045,-4.91868
2020-01-12 22:00:00 PST,+23.725+0.2j,+23.725,+0.2,+5.2371e-322,+0,+1.045,-4.91868
2020-01-12 23:00:00 PST,+22.496+0.2j,+22.496,+0.2,+5.2371e-322,+0,+1.045,-4.91868
2020-01-13 00:00:00 PST,+21.532+0.2j,+21.532,+0.2,+5.2371e-322,+0,+1.045,-4.91868
2020-01-13 01:00:00 PST,+21+0.2j,+21,+0.2,+5.2371e-322,+0,+1.045,-4.91868
2020-01-13 02:00:00 PST,+20.844+0.2j,+20.844,+0.2,+5.2371e-322,+0,+1.045,-4.91868
2020-01-13 03:00:00 PST,+20.914+0.2j,+20.914,+0.2,+5.2371e-322,+0,+1.045,-4.91868
2020-01-13 04:00:00 PST,+21.182+0.2j,+21.182,+0.2,+5.2371e-322,+0,+1.045,-4.91868
2020-01-13 05:00:00 PST,+21.79+0.2j,+21.79,+0.2,+5.2371e-322,+0,+1.045,-4.91868
2020-01-13 06:00:00 PST,+23+0.2j,+23,+0.2,+5.2371e-322,+0,+1.045,-4.91868
2020-01-13 07:00:00 PST,+24.624+0.2j,+24.624,+0.2,+5.2371e-322,+0,+1.045,-4.91868
2020-01-13 08:00:00 PST,+25.49+0.2j,+25.49,+0.2,+5.2371e-322,+0,+1.045,-4.91868
2020-01-13 09:00:00 PST,+25.37+0.2j,+25.37,+0.2,+5.2371e-322,+0,+1.045,-4.91868
2020-01-13 10:00:00 PST,+25.232+0.2j,+25.232,+0.2,+5.2371e-322,+0,+1.045,-4.91868
2020-01-13 11:00:00 PST,+25.126+0.2j,+25.126,+0.2,+5.2371e-322,+0,+1.045,-4.91868
2020-01-13 12:00:00 PST,+24.978+0.2j,+24.978,+0.2,+5.2371e-322,+0,+1.045,-4.91868
2020-01-13 13:00:00 PST,+24.953+0.2j,+24.953,+0.2,+5.2371e-322,+0,+1.045,-4.91868
2020-01-13 14:00:00 PST,+24.878+0.2j,+24.878,+0.2,+5.2371e-322,+0,+1.045,-4.91868
2020-01-13 15:00:00 PST,+24.827+0.2j,+24.827,+0.2,+5.2371e-322,+0,+1.045,-4.91868
2020-01-13 16:00:00 PST,+25.071+0.2j,+25.071,+0.2,+5.2371e-322,+0,+1.045,-4.91868
2020-01-13 17:00:00 PST,+25.838+0.2j,+25.838,+0.2,+5.2371e-322,+0,+1.045,-4.91868
2020-01-13 18:00:00 PST,+26.624+0.2j,+26.624,+0.2,+5.2371e-322,+0,+1.045,-4.91868
2020-01-13 19:00:00 PST,+26.542+0.2j,+26.542,+0.2,+5.2371e-322,+0,+1.045,-4.91868
2020-01-13 20:00:00 PST,+26.008+0.2j,+26.008,+0.2,+5.2371e-322,+0,+1.045,-4.91868
2020-01-13 21:00:00 PST,+25.409+0.2j,+25.409,+0.2,+5.2371e-322,+0,+1.045,-4.91868
2020-01-13 22:00:00 PST,+24.373+0.2j,+24.373,+0.2,+5.2371e-322,+0,+1.045,-4.91868
2020-01-13 23:00:00 PST,+23.049+0.2j,+23.049,+0.2,+5.2371e-322,+0,+1.045,-4.91868
2020-01-14 00:00:00 PST,+22.007+0.2j,+22.007,+0.2,+5.2371e-322,+0,+1.045,-4.91868
2020-01-14 01:00:00 PST,+21.42+0.2j,+21.42,+0.2,+5.2371e-322,+0,+1.045,-4.91868
2020-01-14 02:00:00 PST,+21.226+0.2j,+21.226,+0.2,+5.2371e-322,+0,+1.045,-4.91868
2020-01-14 03:00:00 PST,+21.193+0.2j,+21.193,+0.2,+5.2371e-322,+0,+1.045,-4.91868
2020-01-14 04:00:00 PST,+21.366+0.2j,+21.366,+0.2,+5.2371e-322,+0,+1.045,-4.91868
2020-01-14 05:00:00 PST,+22.221+0.2j,+22.221,+0.2,+5.2371e-322,+0,+1.045,-4.91868
2020-01-14 06:00:00 PST,+23.5+0.2j,+23.5,+0.2,+5.2371e-322,+0,+1.045,-4.91868
2020-01-14 07:00:00 PST,+25.004+0.2j,+25.004,+0.2,+5.2371e-322,+0,+1.045,-4.91868
2020-01-14 08:00:00 PST,+25.904+0.2j,+25.904,+0.2,+5.2371e-322,+0,+1.045,-4.91868
2020-01-14 09:00:00 PST,+25.923+0.2j,+25.923,+0.2,+5.2371e-322,+0,+1.045,-4.91868
2020-01-14 10:00:00 PST,+25.79+0.2j,+25.79,+0.2,+5.2371e-322,+0,+1.045,-4.91868
2020-01-14 11:00:00 PST,+25.226+0.2j,+25.226,+0.2,+5.2371e-322,+0,+1.045,-4.91868
2020-01-14 12:00:00 PST,+24.837+0.2j,+24.837,+0.2,+5.2371e-322,+0,+1.045,-4.91868
2020-01-14 13:00:00 PST,+24.888+0.2j,+24.888,+0.2,+5.2371e-322,+0,+1.045,-4.91868
2020-01-14 14:00:00 PST,+24.286+0.2j,+24.286,+0.2,+5.2371e-322,+0,+1.045,-4.91868
2020-01-14 15:00:00 PST,+24.222+0.2j,+24.222,+0.2,+5.2371e-322,+0,+1.045,-4.91868
2020-01-14 16:00:00 PST,+24.585+0.2j,+24.585,+0.2,+5.2371e-322,+0,+1.045,-4.91868
2020-01-14 17:00:00 PST,+25.445+0.2j,+25.445,+0.2,+5.2371e-322,+0,+1.045,-4.91868
2020-01-14 18:00:00 PST,+26.856+0.2j,+26.856,+0.2,+5.2371e-322,+0,+1.045,-4.91868
2020-01-14 19:00:00 PST,+27.192+0.2j,+27.192,+0.2,+5.2371e-322,+0,+1.045,-4.91868
2020-01-14 20:00:00 PST,+26.84+0.2j,+26.84,+0.2,+5.2371e-322,+0,+1.045,-4.91868
2020-01-14 21:00:00 PST,+26.204+0.2j,+26.204,+0.2,+5.2371e-322,+0,+1.045,-4.91868
2020-01-14 22:00:00 PST,+25.206+0.2j,+25.206,+0.2,+5.2371e-322,+0,+1.045,-4.91868
2020-01-14 23:00:00 PST,+23.909+0.2j,+23.909,+0.2,+5.2371e-322,+0,+1.045,-4.91868
2020-01-15 00:00:00 PST,+22.804+0.2j,+22.804,+0.2,+5.2371e-322,+0,+1.045,-4.91868
2020-01-15 01:00:00 PST,+22.123+0.2j,+22.123,+0.2,+5.2371e-322,+0,+1.045,-4.91868
2020-01-15 02:00:00 PST,+21.988+0.2j,+21.988,+0.2,+5.2371e-322,+0,+1.045,-4.91868
2020-01-15 03:00:00 PST,+22.008+0.2j,+22.008,+0.2,+5.2371e-322,+0,+1.045,-4.91868
2020-01-15 04:00:00 PST,+22.372+0.2j,+22.372,+0.2,+5.2371e-322,+0,+1.045,-4.91868
2020-01-15 05:00:00 PST,+23.206+0.2j,+23.206,+0.2,+5.2371e-322,+0,+1.045,-4.91868
2020-01-15 06:00:00 PST,+24.668+0.2j,+24.668,+0.2,+5.2371e-322,+0,+1.045,-4.91868
2020-01-15 07:00:00 PST,+26.245+0.2j,+26.245,+0.2,+5.2371e-322,+0,+1.045,-4.91868
2020-01-15 08:00:00 PST,+27.024+0.2j,+27.024,+0.2,+5.2371e-322,+0,+1.045,-4.91868
2020-01-15 09:00:00 PST,+26.663+0.2j,+26.663,+0.2,+5.2371e-322,+0,+1.045,-4.91868
2020-01-15 10:00:00 PST,+26.251+0.2j,+26.251,+0.2,+5.2371e-322,+0,+1.045,-4.91868
2020-01-15 11:00:00 PST,+25.912+0.2j,+25.912,+0.2,+5.2371e-322,+0,+1.045,-4.91868
2020-01-15 12:00:00 PST,+25.88+0.2j,+25.88,+0.2,+5.2371e-322,+0,+1.045,-4.91868
2020-01-15 13:00:00 PST,+25.779+0.2j,+25.779,+0.2,+5.2371e-322,+0,+1.045,-4.91868
2020-01-15 14:00:00 PST,+25.707+0.2j,+25.707,+0.2,+5.2371e-322,+0,+1.045,-4.91868
2020-01-15 15:00:00 PST,+25.736+0.2j,+25.736,+0.2,+5.2371e-322,+0,+1.045,-4.91868
2020-01-15 16:00:00 PST,+25.902+0.2j,+25.902,+0.2,+5.2371e-322,+0,+1.045,-4.91868
2020-01-15 17:00:00 PST,+26.615+0.2j,+26.615,+0.2,+5.2371e-322,+0,+1.045,-4.91868
2020-01-15 18:00:00 PST,+27.266+0.2j,+27.266,+0.2,+5.2371e-322,+0,+1.045,-4.91868
2020-01-15 19:00:00 PST,+27.238+0.2j,+27.238,+0.2,+5.2371e-322,+0,+1.045,-4.91868
2020-01-15 20:00:00 PST,+26.776+0.2j,+26.776,+0.2,+5.2371e-322,+0,+1.045,-4.91868
2020-01-15 21:00:00 PST,+25.973+0.2j,+25.973,+0.2,+5.2371e-322,+0,+1.045,-4.91868
2020-01-15 22:00:00 PST,+24.811+0.2j,+24.811,+0.2,+5.2371e-322,+0,+1.045,-4.91868
2020-01-15 23:00:00 PST,+23.384+0.2j,+23.384,+0.2,+5.2371e-322,+0,+1.045,-4.91868
2020-01-16 00:00:00 PST,+22.181+0.2j,+22.181,+0.2,+5.2371e-322,+0,+1.045,-4.91868
2020-01-16 01:00:00 PST,+21.518+0.2j,+21.518,+0.2,+5.2371e-322,+0,+1.045,-4.91868
2020-01-16 02:00:00 PST,+21.256+0.2j,+21.256,+0.2,+5.2371e-322,+0,+1.045,-4.91868
2020-01-16 03:00:00 PST,+21.276+0.2j,+21.276,+0.2,+5.2371e-322,+0,+1.045,-4.91868
2020-01-16 04:00:00 PST,+21.459+0.2j,+21.459,+0.2,+5.2371e-322,+0,+1.045,-4.91868
2020-01-16 05:00:00 PST,+22.104+0.2j,+22.104,+0.2,+5.2371e-322,+0,+1.045,-4.91868
2020-01-16 06:00:00 PST,+23.513+0.2j,+23.513,+0.2,+5.2371e-322,+0,+1.045,-4.91868
2020-01-16 07:00:00 PST,+25.117+0.2j,+25.117,+0.2,+5.2371e-322,+0,+1.045,-4.91868
2020-01-16 08:00:00 PST,+25.911+0.2j,+25.911,+0.2,+5.2371e-322,+0,+1.045,-4.91868
2020-01-16 09:00:00 PST,+25.973+0.2j,+25.973,+0.2,+5.2371e-322,+0,+1.045,-4.91868
2020-01-16 10:00:00 PST,+25.703+0.2j,+25.703,+0.2,+5.2371e-322,+0,+1.045,-4.91868
2020-01-16 11:00:00 PST,+25.387+0.2j,+25.387,+0.2,+5.2371e-322,+0,+1.045,-4.91868
2020-01-16 12:00:00 PST,+24.996+0.2j,+24.996,+0.2,+5.2371e-322,+0,+1.045,-4.91868
2020-01-16 13:00:00 PST,+24.785+0.2j,+24.785,+0.2,+5.2371e-322,+0,+1.045,-4.91868
2020-01-16 14:00:00 PST,+24.371+0.2j,+24.371,+0.2,+5.2371e-322,+0,+1.045,-4.91868
2020-01-16 15:00:00 PST,+23.993+0.2j,+23.993,+0.2,+5.2371e-322,+0,+1.045,-4.91868
2020-01-16 16:00:00 PST,+23.87+0.2j,+23.87,+0.2,+5.2371e-322,+0,+1.045,-4.91868
2020-01-16 17:00:00 PST,+24.577+0.2j,+24.577,+0.2,+5.2371e-322,+0,+1.045,-4.91868
2020-01-16 18:00:00 PST,+26.008+0.2j,+26.008,+0.2,+5.2371e-322,+0,+1.045,-4.91868
2020-01-16 19:00:00 PST,+26.405+0.2j,+26.405,+0.2,+5.2371e-322,+0,+1.045,-4.91868
2020-01-16 20:00:00 PST,+26.059+0.2j,+26.059,+0.2,+5.2371e-322,+0,+1.045,-4.91868
2020-01-16 21:00:00 PST,+25.582+0.2j,+25.582,+0.2,+5.2371e-322,+0,+1.045,-4.91868
2020-01-16 22:00:00 PST,+24.788+0.2j,+24.788,+0.2,+5.2371e-322,+0,+1.045,-4.91868
2020-01-16 23:00:00 PST,+23.545+0.2j,+23.545,+0.2,+5.2371e-322,+0,+1.045,-4.91868
2020-01-17 00:00:00 PST,+22.544+0.2j,+22.544,+0.2,+5.2371e-322,+0,+1.045,-4.91868
2020-01-17 01:00:00 PST,+21.894+0.2j,+21.894,+0.2,+5.2371e-322,+0,+1.045,-4.91868
2020-01-17 02:00:00 PST,+21.737+0.2j,+21.737,+0.2,+5.2371e-322,+0,+1.045,-4.91868
2020-01-17 03:00:00 PST,+21.685+0.2j,+21.685,+0.2,+5.2371e-322,+0,+1.045,-4.91868
2020-01-17 04:00:00 PST,+21.907+0.2j,+21.907,+0.2,+5.2371e-322,+0,+1.045,-4.91868
2020-01-17 05:00:00 PST,+22.542+0.2j,+22.542,+0.2,+5.2371e-322,+0,+1.045,-4.91868
2020-01-17 06:00:00 PST,+23.852+0.2j,+23.852,+0.2,+5.2371e-322,+0,+1.045,-4.91868
2020-01-17 07:00:00 PST,+25.287+0.2j,+25.287,+0.2,+5.2371e-322,+0,+1.045,-4.91868
2020-01-17 08:00:00 PST,+26.198+0.2j,+26.198,+0.2,+5.2371e-322,+0,+1.045,-4.91868
2020-01-17 09:00:00 PST,+26.522+0.2j,+26.522,+0.2,+5.2371e-322,+0,+1.045,-4.91868
2020-01-17 10:00:00 PST,+26.408+0.2j,+26.408,+0.2,+5.2371e-322,+0,+1.045,-4.91868
2020-01-17 11:00:00 PST,+25.788+0.2j,+25.788,+0.2,+5.2371e-322,+0,+1.045,-4.91868
2020-01-17 12:00:00 PST,+25.307+0.2j,+25.307,+0.2,+5.2371e-322,+0,+1.045,-4.91868
2020-01-17 13:00:00 PST,+24.785+0.2j,+24.785,+0.2,+5.2371e-322,+0,+1.045,-4.91868
2020-01-17 14:00:00 PST,+24.592+0.2j,+24.592,+0.2,+5.2371e-322,+0,+1.045,-4.91868
2020-01-17 15:00:00 PST,+24.392+0.2j,+24.392,+0.2,+5.2371e-322,+0,+1.045,-4.91868
2020-01-17 16:00:00 PST,+24.708+0.2j,+24.708,+0.2,+5.2371e-322,+0,+1.045,-4.91868
2020-01-17 17:00:00 PST,+25.227+0.2j,+25.227,+0.2,+5.2371e-322,+0,+1.045,-4.91868
2020-01-17 18:00:00 PST,+25.81+0.2j,+25.81,+0.2,+5.2371e-322,+0,+1.045,-4.91868
2020-01-17 19:00:00 PST,+25.653+0.2j,+25.653,+0.2,+5.2371e-322,+0,+1.045,-4.91868
2020-01-17 20:00:00 PST,+25.193+0.2j,+25.193,+0.2,+5.2371e-322,+0,+1.045,-4.91868
2020-01-17 21:00:00 PST,+24.535+0.2j,+24.535,+0.2,+5.2371e-322,+0,+1.045,-4.91868
2020-01-17 22:00:00 PST,+23.72+0.2j,+23.72,+0.2,+5.2371e-322,+0,+1.045,-4.91868
2020-01-17 23:00:00 PST,+22.72+0.2j,+22.72,+0.2,+5.2371e-322,+0,+1.045,-4.91868
2020-01-18 00:00:00 PST,+21.9+0.2j,+21.9,+0.2,+5.2371e-322,+0,+1.045,-4.91868
2020-01-18 01:00:00 PST,+21.15+0.2j,+21.15,+0.2,+5.2371e-322,+0,+1.045,-4.91868
2020-01-18 02:00:00 PST,+20.766+0.2j,+20.766,+0.2,+5.2371e-322,+0,+1.045,-4.91868
2020-01-18 03:00:00 PST,+20.659+0.2j,+20.659,+0.2,+5.2371e-322,+0,+1.045,-4.91868
2020-01-18 04:00:00 PST,+20.632+0.2j,+20.632,+0.2,+5.2371e-322,+0,+1.045,-4.91868
2020-01-18 05:00:00 PST,+20.979+0.2j,+20.979,+0.2,+5.2371e-322,+0,+1.045,-4.91868
2020-01-18 06:00:00 PST,+21.581+0.2j,+21.581,+0.2,+5.2371e-322,+0,+1.045,-4.91868
2020-01-18 07:00:00 PST,+22.562+0.2j,+22.562,+0.2,+5.2371e-322,+0,+1.045,-4.91868
2020-01-18 08:00:00 PST,+23.427+0.2j,+23.427,+0.2,+5.2371e-322,+0,+1.045,-4.91868
2020-01-18 09:00:00 PST,+24.184+0.2j,+24.184,+0.2,+5.2371e-322,+0,+1.045,-4.91868
2020-01-18 10:00:00 PST,+24.525+0.2j,+24.525,+0.2,+5.2371e-322,+0,+1.045,-4.91868
2020-01-18 11:00:00 PST,+24.562+0.2j,+24.562,+0.2,+5.2371e-322,+0,+1.045,-4.91868
2020-01-18 12:00:00 PST,+24.368+0.2j,+24.368,+0.2,+5.2371e-322,+0,+1.045,-4.91868
2020-01-18 13:00:00 PST,+24.01+0.2j,+24.01,+0.2,+5.2371e-322,+0,+1.045,-4.91868
2020-01-18 14:00:00 PST,+23.548+0.2j,+23.548,+0.2,+5.2371e-322,+0,+1.045,-4.91868
2020-01-18 15:00:00 PST,+23.199+0.2j,+23.199,+0.2,+5.2371e-322,+0,+1.045,-4.91868
2020-01-18 16:00:00 PST,+23.149+0.2j,+23.149,+0.2,+5.2371e-322,+0,+1.045,-4.91868
2020-01-18 17:00:00 PST,+23.56+0.2j,+23.56,+0.2,+5.2371e-322,+0,+1.045,-4.91868
2020-01-18 18:00:00 PST,+24.18+0.2j,+24.18,+0.2,+5.2371e-322,+0,+1.045,-4.91868
2020-01-18 19:00:00 PST,+24.065+0.2j,+24.065,+0.2,+5.2371e-322,+0,+1.045,-4.91868
2020-01-18 20:00:00 PST,+23.628+0.2j,+23.628,+0.2,+5.2371e-322,+0,+1.045,-4.91868
2020-01-18 21:00:00 PST,+23.069+0.2j,+23.069,+0.2,+5.2371e-322,+0,+1.045,-4.91868
2020-01-18 22:00:00 PST,+22.519+0.2j,+22.519,+0.2,+5.2371e-322,+0,+1.045,-4.91868
2020-01-18 23:00:00 PST,+21.68+0.2j,+21.68,+0.2,+5.2371e-322,+0,+1.045,-4.91868
2020-01-19 00:00:00 PST,+20.859+0.2j,+20.859,+0.2,+5.2371e-322,+0,+1.045,-4.91868
2020-01-19 01:00:00 PST,+20.195+0.2j,+20.195,+0.2,+5.2371e-322,+0,+1.045,-4.91868
2020-01-19 02:00:00 PST,+19.858+0.2j,+19.858,+0.2,+5.2371e-322,+0,+1.045,-4.91868
2020-01-19 03:00:00 PST,+19.612+0.2j,+19.612,+0.2,+5.2371e-322,+0,+1.045,-4.91868
2020-01-19 04:00:00 PST,+19.632+0.2j,+19.632,+0.2,+5.2371e-322,+0,+1.045,-4.91868
2020-01-19 05:00:00 PST,+19.873+0.2j,+19.873,+0.2,+5.2371e-322,+0,+1.045,-4.91868
2020-01-19 06:00:00 PST,+20.352+0.2j,+20.352,+0.2,+5.2371e-322,+0,+1.045,-4.91868
2020-01-19 07:00:00 PST,+21.082+0.2j,+21.082,+0.2,+5.2371e-322,+0,+1.045,-4.91868
2020-01-19 08:00:00 PST,+22.011+0.2j,+22.011,+0.2,+5.2371e-322,+0,+1.045,-4.91868
2020-01-19 09:00:00 PST,+22.743+0.2j,+22.743,+0.2,+5.2371e-322,+0,+1.045,-4.91868
2020-01-19 10:00:00 PST,+22.816+0.2j,+22.816,+0.2,+5.2371e-322,+0,+1.045,-4.91868
2020-01-19 11:00:00 PST,+22.566+0.2j,+22.566,+0.2,+5.2371e-322,+0,+1.045,-4.91868
2020-01-19 12:00:00 PST,+22.291+0.2j,+22.291,+0.2,+5.2371e-322,+0,+1.045,-4.91868
2020-01-19 13:00:00 PST,+21.75+0.2j,+21.75,+0.2,+5.2371e-322,+0,+1.045,-4.91868
2020-01-19 14:00:00 PST,+21.303+0.2j,+21.303,+0.2,+5.2371e-322,+0,+1.045,-4.91868
2020-01-19 15:00:00 PST,+21.129+0.2j,+21.129,+0.2,+5.2371e-322,+0,+1.045,-4.91868
2020-01-19 16:00:00 PST,+21.345+0.2j,+21.345,+0.2,+5.2371e-322,+0,+1.045,-4.91868
2020-01-19 17:00:00 PST,+22.026+0.2j,+22.026,+0.2,+5.2371e-322,+0,+1.045,-4.91868
2020-01-19 18:00:00 PST,+23.06+0.2j,+23.06,+0.2,+5.2371e-322,+0,+1.045,-4.91868
2020-01-19 19:00:00 PST,+23.206+0.2j,+23.206,+0.2,+5.2371e-322,+0,+1.045,-4.91868
2020-01-19 20:00:00 PST,+23.121+0.2j,+23.121,+0.2,+5.2371e-322,+0,+1.045,-4.91868
2020-01-19 21:00:00 PST,+22.744+0.2j,+22.744,+0.2,+5.2371e-322,+0,+1.045,-4.91868
2020-01-19 22:00:00 PST,+22.166+0.2j,+22.166,+0.2,+5.2371e-322,+0,+1.045,-4.91868
2020-01-19 23:00:00 PST,+21.283+0.2j,+21.283,+0.2,+5.2371e-322,+0,+1.045,-4.91868
2020-01-20 00:00:00 PST,+20.41+0.2j,+20.41,+0.2,+5.2371e-322,+0,+1.045,-4.91868
2020-01-20 01:00:00 PST,+19.83+0.2j,+19.83,+0.2,+5.2371e-322,+0,+1.045,-4.91868
2020-01-20 02:00:00 PST,+19.569+0.2j,+19.569,+0.2,+5.2371e-322,+0,+1.045,-4.91868
2020-01-20 03:00:00 PST,+19.558+0.2j,+19.558,+0.2,+5.2371e-322,+0,+1.045,-4.91868
2020-01-20 04:00:00 PST,+19.818+0.2j,+19.818,+0.2,+5.2371e-322,+0,+1.045,-4.91868
2020-01-20 05:00:00 PST,+20.466+0.2j,+20.466,+0.2,+5.2371e-322,+0,+1.045,-4.91868
2020-01-20 06:00:00 PST,+21.468+0.2j,+21.468,+0.2,+5.2371e-322,+0,+1.045,-4.91868
2020-01-20 07:00:00 PST,+22.538+0.2j,+22.538,+0.2,+5.2371e-322,+0,+1.045,-4.91868
2020-01-20 08:00:00 PST,+23.419+0.2j,+23.419,+0.2,+5.2371e-322,+0,+1.045,-4.91868
2020-01-20 09:00:00 PST,+23.826+0.2j,+23.826,+0.2,+5.2371e-322,+0,+1.045,-4.91868
2020-01-20 10:00:00 PST,+24.057+0.2j,+24.057,+0.2,+5.2371e-322,+0,+1.045,-4.91868
2020-01-20 11:00:00 PST,+24.004+0.2j,+24.004,+0.2,+5.2371e-322,+0,+1.045,-4.91868
