node,location,new_MAPE,new_MPED,old_MAPE,old_MPED
9wdb95,FOURCORN (1001),9.0,10.8,10.0,9.9
9we1bp,SAN JUAN (1004),9.6,11.2,15.8,9.6
9w1zzg,CORONADO (1101),11.0,13.9,21.0,13.6
9w1wf0,CHOLLA (1102),9.9,11.7,22.2,19.8
9w3h8n,MOENKOPI (1201),8.7,11.5,8.7,10.1
9w94m0,NAVAJO (1202),17.6,16.9,6.8,8.8
9qqk6u,MEAD (1301),8.1,10.4,19.5,20.5
9qw0kp,H ALLEN (1302),13.2,15.1,35.6,20.0
9mzqxj,PALOVRDE (1401),9.2,11.8,16.3,13.3
9w01f3,WESTWING (1402),10.2,11.4,35.8,21.5
9qndpr,PARKER (1403),12.3,14.8,34.0,34.0
9mvgw4,IMPERIAL (2100),8.8,10.6,25.1,20.4
9mudw2,MISSION (2203),8.8,10.1,13.3,7.7
9qj152,DEVERS (2400),8.8,9.2,15.8,14.0
9rpbwn,INTERMT (2604),9.9,11.5,7.9,8.0
9q5sgb,CASTAIC (2608),9.3,11.4,7.3,7.4
9q5fm0,GLENDAL (2609),7.1,8.8,17.3,13.4
9mupsy,HAYNES (2610),8.0,9.4,13.2,6.9
9q5zqv,MOHAVE (2902),8.8,10.1,19.1,13.1
9q8yqr,MARTIN (3102),6.3,8.1,11.3,4.2
9q9jb9,SANMATEO (3103),7.8,10.1,11.7,5.6
9qc0p1,C.COSTA (3201),7.8,9.8,16.8,9.0
9q9m24,NEWARK (3203),7.7,9.9,12.3,6.6
9q97v8,METCALF (3301),7.5,9.5,9.7,5.5
9q9hq4,MONTAVIS (3304),8.8,10.9,10.7,7.9
9qd9xh,GREGG (3401),9.6,11.8,21.8,14.4
9qe6tq,HELMS PP (3402),7.7,9.8,22.2,17.5
9qdbm8,MC CALL (3403),7.5,9.4,21.7,13.2
9qct8r,WILSON (3405),8.8,10.9,24.1,12.0
9qben2,FULTON (3501),7.8,9.9,13.1,9.2
9pr8ne,HUMBOLDT (3601),9.4,11.7,14.8,10.7
9r4bc7,SUMMIT (3701),8.2,10.0,10.7,8.3
9q6tde,GATES (3802),7.5,9.2,18.5,14.5
9q713t,MIDWAY (3803),8.1,9.9,8.1,4.9
9q613c,MORROBAY (3806),9.6,12.0,12.1,9.8
9q9fy1,LOSBANOS (3901),9.2,11.4,24.5,16.0
9q92vz,MOSSLAND (3902),9.6,12.5,15.4,12.0
9qc63x,VACA-DIX (3904),7.8,9.9,21.3,11.6
9r13pb,TABLE MT (3905),8.6,10.5,22.1,15.4
9r321k,ROUND MT (3906),9.5,11.3,29.1,17.4
9qcbq0,BELLOTA (3907),9.8,12.0,14.6,16.4
9qcem3,BRIGHTON (3908),7.4,9.2,22.9,13.1
9qcxqg,COLGATE (3909),10.9,13.6,23.8,15.1
9qcjcp,CORTINA (3910),11.8,15.1,18.4,13.8
9r1jcf,COTWDPGE (3911),12.9,16.4,29.5,21.0
9qcggm,GOLDHILL (3913),7.8,9.5,13.8,12.8
9qbbed,IGNACIO (3914),8.7,10.8,13.9,10.4
9qbcde,LAKEVILE (3915),8.1,10.0,14.8,8.7
9r106e,LOGAN CR (3916),15.6,17.9,31.5,22.5
9r3wzq,MALIN (4001),20.8,23.9,15.8,18.6
9r9uxw,SUMMER L (4002),13.1,16.3,20.9,20.5
9rg8bx,BURNS (4003),19.0,18.5,18.3,14.7
9rcvn1,GRIZZLY (4004),10.4,11.8,20.1,18.7
c245ue,JOHN DAY (4005),13.2,17.1,24.7,18.3
c21g7y,BIG EDDY (4006),13.8,17.3,19.9,15.7
c21g7u,CELILOCA (4007),9.5,12.0,14.0,10.9
c2e2u0,COULEE (4101),13.7,16.2,17.4,15.3
c26crp,HANFORD (4102),8.7,11.2,25.5,17.4
c2kx95,BELL (4103),6.5,7.9,13.3,9.8
c2967d,NORTH (4201),8.8,10.5,25.2,19.1
c237sz,WCASCADE (4202),7.6,9.7,15.7,13.8
9rb6wg,WILLAMET (4203),11.1,14.2,24.9,17.8
9r88yx,MERIDIAN (4204),13.8,16.1,23.8,19.6
c2c10y,CANADA (5001),16.4,18.9,30.8,21.2
c2u6xt,CA230TO (5003),7.0,8.7,12.0,16.7
9rwgcr,MIDPOINT (6101),9.8,11.2,9.7,10.6
9rx7st,BORAH (6103),9.6,10.9,14.4,13.7
c8h5zm,COLSTRP (6201),14.3,17.4,10.5,12.1
c2r8x7,GARRISON (6202),14.6,16.3,10.2,14.4
c82vu4,MONTANA (6205),12.4,16.0,16.9,13.3
9x6z6m,BRIDGER (6301),14.4,15.4,8.3,10.6
9xkgmv,LARAMIE (6302),12.8,15.6,9.6,11.5
9x3mfn,NAUGHTON (6305),11.3,13.5,11.7,15.1
9r50xy,TRACYSPP (6401),12.1,14.4,15.9,14.3
9rkf69,VALMY (6403),13.4,15.5,25.6,19.6
9rn2tf,GONDER (6404),18.4,20.0,24.8,29.8
9x27ep,BENLOMND (6501),7.7,9.3,4.1,5.3
9x47er,EMERY (6503),9.1,11.4,9.8,10.3
9wdr2q,PINTO (6505),13.5,15.4,14.4,14.8
9wbmjr,SIGURD (6507),10.8,13.5,9.2,11.1
9x0gc5,SPAN FRK (6508),8.1,9.9,4.6,5.6
9x0ryy,TERMINAL (6509),7.8,9.6,2.8,5.0
9wve62,COLOEAST (7001),8.3,10.3,10.6,12.5
9x5w98,CRAIG (7002),8.1,9.9,9.0,11.8
9r0vxp,OLINDA (8001),14.1,16.7,7.9,10.2
9q9wtp,TRACY (8002),7.7,9.6,23.0,12.3
9qcf5u,RNCHSECO (8004),12.0,13.5,14.2,14.7
