,   I,ID,      PG,        QG,        QT,        QB,     VS,    IREG,     MBASE,     ZR,         ZX,         RT,         XT,     GTAP,STAT, RMPCT,      PT,        PB,    O1,    F1,  O2,    F2,  O3,    F3,  O4,    F4,WMOD, WPF,NREG,Bus  Number,Bus  Name,Lat,Long,geohash
0,1032,C,712.0,-3.332,200.0,-200,1.014,1002,873.0,0.0,0.2,0.0,0.0,1,1,100,873.0,0,1,1,,,,,,,,,,1032,FCNGN4CC,36.670897,-108.581419,9wdb95
1,1032,G,856.0,-3.332,357.0,-357,1.014,1002,1050.0,0.0,0.2,0.0,0.0,1,1,100,1050.0,0,1,1,,,,,,,,,,1032,FCNGN4CC,36.670897,-108.581419,9wdb95
2,1032,S,520.0,-3.332,360.0,-360,1.014,1002,638.0,0.0,0.2,0.0,0.0,1,1,100,638.0,0,1,1,0.0,1.0,0.0,1.0,0.0,1.0,1.0,1.0,,1032,FCNGN4CC,36.670897,-108.581419,9wdb95
3,1034,C,1847.0,262.628,500.0,-500,1.03,1004,2100.0,0.0,0.2,0.0,0.0,1,1,100,1944.0,0,1,1,,,,,,,,,,1034,SJUAN G4,36.910483,-108.278462,9we1bp
4,1034,G,2565.0,262.628,918.0,-918,1.03,1004,2900.0,0.0,0.2,0.0,0.0,1,1,100,2700.0,0,1,1,,,,,,,,,,1034,SJUAN G4,36.910483,-108.278462,9we1bp
5,1034,W,1598.0,262.628,800.0,-800,1.03,1004,1682.0,0.0,0.2,0.0,0.0,1,1,100,1682.0,0,1,1,0.0,1.0,0.0,1.0,0.0,1.0,1.0,1.0,,1034,SJUAN G4,36.910483,-108.278462,9we1bp
6,1131,C,530.0,-46.791,308.0,-308,1.01,1101,1268.0,0.0,0.2,0.0,0.0,1,1,100,1268.0,0,1,1,,,,,,,,,,1131,CORONADO,35.131373,-109.690674,9w1zzg
7,1131,G,2064.0,-46.791,1916.0,-1916,1.01,1101,4934.0,0.0,0.2,0.0,0.0,1,1,100,4934.0,0,1,1,,,,,,,,,,1131,CORONADO,35.131373,-109.690674,9w1zzg
8,1232,C,2728.0,0.604,1208.0,-1208,1.08,1202,4977.0,0.0,0.2,0.0,0.0,1,1,100,4977.0,0,1,1,,,,,,,,,,1232,NAVAJO 2,36.961002,-110.864429,9w94m0
9,1232,H,657.0,0.604,628.0,-628,1.08,1202,1199.0,0.0,0.2,0.0,0.0,1,1,100,1199.0,0,1,1,,,,,,,,,,1232,NAVAJO 2,36.961002,-110.864429,9w94m0
10,1331,G,1986.0,24.69,841.0,-841,1.045,1301,2167.0,0.0,0.2,0.0,0.0,1,1,100,2167.0,0,1,1,,,,,,,,,,1331,HOOVER,35.929472,-114.835922,9qqk6u
11,1331,H,2133.0,24.69,1219.0,-1219,1.045,1301,2328.0,0.0,0.2,0.0,0.0,1,1,100,2328.0,0,1,1,,,,,,,,,,1331,HOOVER,35.929472,-114.835922,9qqk6u
12,1333,C,218.0,217.32,303.0,-303,1.005,1303,418.0,0.0,0.2,0.0,0.0,1,1,100,418.0,0,1,1,,,,,,,,,,1333,H ALLEN,36.649771,-115.134207,9qw0kp
13,1333,G,3662.0,217.32,2746.0,-2746,1.005,1303,7011.0,0.0,0.2,0.0,0.0,1,1,100,7011.0,0,1,1,,,,,,,,,,1333,H ALLEN,36.649771,-115.134207,9qw0kp
14,1333,S,1266.0,217.32,1300.0,-1300,1.005,1303,2423.0,0.0,0.2,0.0,0.0,1,1,100,2423.0,0,1,1,0.0,1.0,0.0,1.0,0.0,1.0,1.0,1.0,,1333,H ALLEN,36.649771,-115.134207,9qw0kp
15,1431,G,5129.0,409.166,3559.0,-3559,1.035,1401,9170.0,0.0,0.2,0.0,0.0,1,1,100,9170.0,0,1,1,,,,,,,,,,1431,PALOVRD2,33.513802,-113.239936,9mzqxj
16,1431,N,2355.0,409.166,2057.0,-2057,1.035,1401,4210.0,0.0,0.2,0.0,0.0,1,1,100,4210.0,0,1,1,,,,,,,,,,1431,PALOVRD2,33.513802,-113.239936,9mzqxj
17,1431,S,1353.0,409.166,1000.0,-1000,1.035,1401,2419.0,0.0,0.2,0.0,0.0,1,1,100,2419.0,0,1,1,0.0,1.0,0.0,1.0,0.0,1.0,1.0,1.0,,1431,PALOVRD2,33.513802,-113.239936,9mzqxj
18,2030,E,605.0,142.477,350.0,-350,1.0,2000,699.0,0.0,0.2,0.0,0.0,1,1,100,699.0,0,1,1,,,,,,,,,,2030,MEXICO,32.227887,-115.436076,9mtzm4
19,2030,G,1853.0,142.477,1070.0,-1070,1.0,2000,2140.0,0.0,0.2,0.0,0.0,1,1,100,2140.0,0,1,1,,,,,,,,,,2030,MEXICO,32.227887,-115.436076,9mtzm4
20,2130,E,573.0,28.722,254.0,-254,1.035,2100,831.0,0.0,0.2,0.0,0.0,1,1,100,831.0,0,1,1,,,,,,,,,,2130,IMPERIAL,32.971469,-115.394435,9mvgw4
21,2130,G,404.0,28.722,200.0,-200,1.035,2100,586.0,0.0,0.2,0.0,0.0,1,1,100,586.0,0,1,1,,,,,,,,,,2130,IMPERIAL,32.971469,-115.394435,9mvgw4
22,2130,H,273.0,28.722,250.0,-250,1.035,2100,396.0,0.0,0.2,0.0,0.0,1,1,100,396.0,0,1,1,,,,,,,,,,2130,IMPERIAL,32.971469,-115.394435,9mvgw4
23,2130,S,79.0,28.722,86.0,-86,1.035,2100,115.0,0.0,0.2,0.0,0.0,1,1,100,115.0,0,1,1,0.0,1.0,0.0,1.0,0.0,1.0,1.0,1.0,,2130,IMPERIAL,32.971469,-115.394435,9mvgw4
24,2233,DG,285.0,125.466,304.0,-118,1.005,2203,1035.0,0.0,0.2,0.0,0.0,1,1,100,1035.0,0,1,1,,,,,,,,,,2233,MISSION,32.784153,-117.137829,9mudw2
25,2233,EG,506.0,125.466,611.0,-181,1.005,2203,1837.0,0.0,0.2,0.0,0.0,1,1,100,1837.0,0,1,1,,,,,,,,,,2233,MISSION,32.784153,-117.137829,9mudw2
26,2233,TG,202.0,125.466,206.0,-155,1.005,2203,733.0,0.0,0.2,0.0,0.0,1,1,100,733.0,0,1,1,,,,,,,,,,2233,MISSION,32.784153,-117.137829,9mudw2
27,2332,S,878.0,42.001,590.0,-364,1.035,2302,1333.0,0.0,0.2,0.0,0.0,1,1,100,1333.0,0,1,1,0.0,1.0,0.0,1.0,0.0,1.0,1.0,1.0,,2332,IMPRLVLY,32.856407,-115.56459,9mvffm
28,2431,S,500.0,-46.886,800.0,-800,1.05,2431,1666.0,0.0,0.2,0.0,0.0,1,1,100,1666.0,0,1,1,0.0,1.0,0.0,1.0,0.0,1.0,1.0,1.0,,2431,LUGO,34.369347,-117.368876,9qhe90
29,2434,S,500.0,-337.252,500.0,-500,1.02,2434,1489.0,0.0,0.2,0.0,0.0,1,1,100,1489.0,0,1,1,0.0,1.0,0.0,1.0,0.0,1.0,1.0,1.0,,2434,VINCENT,34.488498,-118.12147,9qhh0n
30,2438,EG,503.0,32.102,728.0,-454,1.009,2408,2292.0,0.0,0.2,0.0,0.0,1,1,100,2292.0,0,1,1,,,,,,,,,,2438,MESA CAL,34.037233,-118.11012,9qh18k
31,2438,ND,0.0,0.0,0.5,0,1.009,2408,100.0,0.0,0.2,0.0,0.0,1,0,100,0.0,-1006,1,1,,,,,,,,,,2438,MESA CAL,34.037233,-118.11012,9qh18k
32,2438,RG,1195.999,32.102,1902.0,-1168,1.009,2408,5451.0,0.0,0.2,0.0,0.0,1,1,100,5451.0,0,1,1,,,,,,,,,,2438,MESA CAL,34.037233,-118.11012,9qh18k
33,2438,S,251.0,32.102,800.0,-800,1.009,2408,1146.0,0.0,0.2,0.0,0.0,1,1,100,1146.0,0,1,1,0.0,1.0,0.0,1.0,0.0,1.0,1.0,1.0,,2438,MESA CAL,34.037233,-118.11012,9qh18k
34,2438,SG,901.0,32.102,2301.0,-1053,1.009,2408,4110.0,0.0,0.2,0.0,0.0,1,1,100,4110.0,0,1,1,,,,,,,,,,2438,MESA CAL,34.037233,-118.11012,9qh18k
35,2438,SH,233.0,32.102,659.0,-523,1.009,2408,1460.0,0.0,0.2,0.0,0.0,1,1,100,1460.0,0,1,1,,,,,,,,,,2438,MESA CAL,34.037233,-118.11012,9qh18k
36,2438,SW,704.0,32.102,561.0,-553,1.009,2408,3210.0,0.0,0.2,0.0,0.0,1,1,100,3210.0,0,1,1,0.0,1.0,0.0,1.0,0.0,1.0,1.0,1.0,,2438,MESA CAL,34.037233,-118.11012,9qh18k
37,2438,WG,1276.0,32.102,1910.0,-1150,1.009,2408,5817.0,0.0,0.2,0.0,0.0,1,1,100,5817.0,0,1,1,,,,,,,,,,2438,MESA CAL,34.037233,-118.11012,9qh18k
38,2439,S,1000.0,-242.186,800.0,-800,1.02,2409,1666.0,0.0,0.2,0.0,0.0,1,1,100,1666.0,0,1,1,0.0,1.0,0.0,1.0,0.0,1.0,1.0,1.0,,2439,MIRALOMA,34.008174,-117.564527,9qh3ky
39,2533,S,1899.0,127.613,1100.0,-820,1.009,2503,1999.0,0.0,0.2,0.0,0.0,1,1,100,1999.0,0,1,1,0.0,1.0,0.0,1.0,0.0,1.0,1.0,1.0,,2533,S.ONOFRE,33.370212,-117.557619,9mumuf
40,2630,G,2282.0,184.814,1346.0,-1346,1.004,2610,3947.0,0.0,0.2,0.0,0.0,1,1,100,3947.0,0,1,1,,,,,,,,,,2630,HAYNES3G,33.697565,-117.911364,9mupsy
41,2631,S,232.0,32.063,350.0,-350,1.015,2611,520.0,0.0,0.2,0.0,0.0,1,1,100,520.0,0,1,1,0.0,1.0,0.0,1.0,0.0,1.0,1.0,1.0,,2631,OLIVE,34.31131,-118.455696,9q5g0q
42,2634,C,1537.0,-18.88,950.0,-950,1.03,2604,1900.0,0.0,0.2,0.0,0.0,1,1,100,1618.0,0,1,1,,,,,,,,,,2634,INTERM1G,39.500381,-112.580826,9rpbwn
43,2637,H,83.0,40.647,110.0,-110,1.01357,2612,200.0,0.0,0.2,0.0,0.0,1,1,100,87.0,0,1,1,,,,,,,,,,2637,OWENS G,34.285768,-118.484219,9q5epc
44,2638,H,200.0,7.74,100.0,-100,1.015,2608,407.0,0.0,0.2,0.0,0.0,1,1,100,407.0,0,1,1,,,,,,,,,,2638,CASTAI4G,34.589863,-118.663274,9q5sgb
45,3133,NG,31.0,-12.551,42.0,-29,0.99272,3103,80.0,0.0,0.2,0.0,0.0,1,1,100,62.0,0,1,1,,,,,,,,,,3133,SANMATEO,37.582985,-122.318546,9q9jb9
46,3133,SC,0.0,0.0,500.0,-500,0.99272,3103,300.0,0.0,0.2,0.0,0.0,1,0,100,0.1,0,1,1,,,,,,,,,,3133,SANMATEO,37.582985,-122.318546,9q9jb9
47,3135,MG,206.0,42.757,239.0,-201,1.0,3105,541.0,0.0,0.2,0.0,0.0,1,1,100,541.0,0,1,1,,,,,,,,,,3135,POTRERO,37.75843,-122.398,9q8yyc
48,3135,NG,14.0,42.757,100.0,-85,1.0,3105,38.0,0.0,0.2,0.0,0.0,1,1,100,38.0,0,1,1,,,,,,,,,,3135,POTRERO,37.75843,-122.398,9q8yyc
49,3234,DG,104.0,101.0,101.0,-75,1.01,3204,177.0,0.0,0.2,0.0,0.0,1,1,100,177.0,0,1,1,,,,,,,,,,3234,PITSBURG,38.037129,-121.897096,9qc26h
50,3234,MG,2261.0,118.878,1244.0,-1234,1.01,3204,3853.0,0.0,0.2,0.0,0.0,1,1,100,3853.0,0,1,1,,,,,,,,,,3234,PITSBURG,38.037129,-121.897096,9qc26h
51,3234,NG,608.0,118.878,382.0,-212,1.01,3204,1037.0,0.0,0.2,0.0,0.0,1,1,100,1037.0,0,1,1,,,,,,,,,,3234,PITSBURG,38.037129,-121.897096,9qc26h
52,3234,NW,1021.0,118.878,150.0,-110,1.01,3204,1740.0,0.0,0.2,0.0,0.0,1,1,100,1740.0,0,1,1,0.0,1.0,0.0,1.0,0.0,1.0,1.0,1.0,,3234,PITSBURG,38.037129,-121.897096,9qc26h
53,3333,CG,620.0,81.668,398.0,-226,1.0,3303,1012.0,0.0,0.2,0.0,0.0,1,1,100,1012.0,0,1,1,,,,,,,,,,3333,METCALF,37.222363,-121.746496,9q97v8
54,3333,NG,191.0,81.668,202.0,-143,1.0,3303,312.0,0.0,0.2,0.0,0.0,1,1,100,312.0,0,1,1,,,,,,,,,,3333,METCALF,37.222363,-121.746496,9q97v8
55,3432,NP,0.0,0.0,1568.0,-941,1.0,3402,3746.0,0.0,0.2,0.0,0.0,1,0,100,3746.0,-2841,1,1,,,,,,,,,,3432,HELMS PP,37.039937,-118.946978,9qe6tq
56,3433,NG,481.0,25.641,231.0,-175,1.0,3403,921.0,0.0,0.2,0.0,0.0,1,1,100,921.0,0,1,1,,,,,,,,,,3433,MC CALL,36.609214,-119.639632,9qdbm8
57,3433,S,745.0,25.641,939.0,-562,1.0,3403,1426.0,0.0,0.2,0.0,0.0,1,1,100,1426.0,0,1,1,0.0,1.0,0.0,1.0,0.0,1.0,1.0,1.0,,3433,MC CALL,36.609214,-119.639632,9qdbm8
58,3531,CE,783.0,30.853,1004.0,-599,1.0,3501,1424.0,0.0,0.2,0.0,0.0,1,1,100,1424.0,0,1,1,,,,,,,,,,3531,FULTON,38.497952,-122.761324,9qben2
59,3531,NE,293.0,30.853,253.0,-181,1.0,3501,533.0,0.0,0.2,0.0,0.0,1,1,100,533.0,0,1,1,,,,,,,,,,3531,FULTON,38.497952,-122.761324,9qben2
60,3531,NH,13.0,13.0,13.0,-10,1.0,3501,24.0,0.0,0.2,0.0,0.0,1,1,100,24.0,0,1,1,,,,,,,,,,3531,FULTON,38.497952,-122.761324,9qben2
61,3631,NB,30.0,-14.0,20.0,-14,1.015,3601,96.0,0.0,0.2,0.0,0.0,1,1,100,96.0,0,1,1,,,,,,,,,,3631,HUMBOLDT,40.801944,-124.163611,9pr8ne
62,3631,NG,67.0,-33.095,74.0,-34,1.015,3601,210.0,0.0,0.2,0.0,0.0,1,1,100,210.0,0,1,1,,,,,,,,,,3631,HUMBOLDT,40.801944,-124.163611,9pr8ne
63,3731,NH,222.0,-121.0,200.0,-121,1.0,3701,400.0,0.0,0.2,0.0,0.0,1,1,100,243.0,0,1,1,,,,,,,,,,3731,SUMMIT,39.527222,-119.821944,9r4bc7
64,3831,NN,2108.0,-40.709,1175.0,-980,1.049,3801,2323.0,0.0,0.2,0.0,0.0,1,1,100,2323.0,0,1,1,,,,,,,,,,3831,DIABLO1,35.230747,-120.855104,9q603v
65,3835,ND,0.0,0.0,0.5,0,1.035,3805,100.0,0.0,0.2,0.0,0.0,1,0,100,0.0,-510,1,1,,,,,,,,,,3835,MIDWAY,35.408481,-119.456003,9q713t
66,3835,NG,229.0,28.865,662.0,-479,1.035,3805,2025.0,0.0,0.2,0.0,0.0,1,1,100,2025.0,0,1,1,,,,,,,,,,3835,MIDWAY,35.408481,-119.456003,9q713t
67,3835,S,150.0,28.865,500.0,-500,1.035,3805,1333.0,0.0,0.2,0.0,0.0,1,1,100,1333.0,0,1,1,0.0,1.0,0.0,1.0,0.0,1.0,1.0,1.0,,3835,MIDWAY,35.408481,-119.456003,9q713t
68,3836,DG,679.0,-6.822,476.0,-352,1.019,3806,1497.0,0.0,0.2,0.0,0.0,1,1,100,1497.0,0,1,1,,,,,,,,,,3836,MORROBAY,35.38543,-120.858669,9q613c
69,3931,NB,235.0,72.471,151.0,-115,1.07,3921,567.0,0.0,0.2,0.0,0.0,1,1,100,567.0,0,1,1,,,,,,,,,,3931,ROUND MT,40.808138,-121.936762,9r321k
70,3931,NH,1212.0,72.471,1284.0,-946,1.07,3921,2875.0,0.0,0.2,0.0,0.0,1,1,100,2875.0,0,1,1,,,,,,,,,,3931,ROUND MT,40.808138,-121.936762,9r321k
71,3932,S,1355.0,-242.757,1150.0,-500,1.0,3902,1426.0,0.0,0.2,0.0,0.0,1,1,100,1426.0,0,1,1,0.0,1.0,0.0,1.0,0.0,1.0,1.0,1.0,,3932,MOSSLAND,36.737604,-121.732796,9q92vz
72,3933,CG,404.88,88.652,363.0,-82,1.02,3933,865.0,0.0,0.2,0.0,0.0,1,1,100,865.0,0,1,1,,,,,,,,,,3933,TESLA,37.71247,-121.565283,9q9w99
73,3933,NB,161.484,77.0,77.0,-55,1.02,3933,345.0,0.0,0.2,0.0,0.0,1,1,100,345.0,0,1,1,,,,,,,,,,3933,TESLA,37.71247,-121.565283,9q9w99
74,3933,ND,0.0,0.0,0.5,0,1.02,3933,100.0,0.0,0.2,0.0,0.0,1,0,100,0.0,-449,1,1,,,,,,,,,,3933,TESLA,37.71247,-121.565283,9q9w99
75,3933,NG,901.97,88.652,500.0,-307,1.02,3933,1927.0,0.0,0.2,0.0,0.0,1,1,100,1927.0,0,1,1,,,,,,,,,,3933,TESLA,37.71247,-121.565283,9q9w99
76,3933,NH,1275.022,88.652,1256.0,-1041,1.02,3933,2774.0,0.0,0.2,0.0,0.0,1,1,100,2724.0,0,1,1,,,,,,,,,,3933,TESLA,37.71247,-121.565283,9q9w99
77,3933,NW,346.372,88.652,200.0,-200,1.02,3933,740.0,0.0,0.2,0.0,0.0,1,1,100,740.0,0,1,1,0.0,1.0,0.0,1.0,0.0,1.0,1.0,1.0,,3933,TESLA,37.71247,-121.565283,9q9w99
78,3933,S,623.937,88.652,800.0,-500,1.02,3933,1333.0,0.0,0.2,0.0,0.0,1,1,100,1333.0,0,1,1,0.0,1.0,0.0,1.0,0.0,1.0,1.0,1.0,,3933,TESLA,37.71247,-121.565283,9q9w99
79,4031,G,892.801,-168.528,502.0,-502,1.08,4001,2710.0,0.0,0.2,0.0,0.0,1,1,100,2710.0,0,1,1,,,,,,,,,,4031,MALIN,42.004704,-121.318052,9r3wzq
80,4031,H,313.199,-168.528,489.0,-489,1.08,4001,952.0,0.0,0.2,0.0,0.0,1,1,100,952.0,0,1,1,,,,,,,,,,4031,MALIN,42.004704,-121.318052,9r3wzq
81,4031,S,140.4,-168.528,250.0,-250,1.08,4001,427.0,0.0,0.2,0.0,0.0,1,1,100,427.0,0,1,1,0.0,1.0,0.0,1.0,0.0,1.0,1.0,1.0,,4031,MALIN,42.004704,-121.318052,9r3wzq
82,4031,W,208.8,-168.528,240.0,-240,1.08,4001,635.0,0.0,0.2,0.0,0.0,1,1,100,635.0,0,1,1,0.0,1.0,0.0,1.0,0.0,1.0,1.0,1.0,,4031,MALIN,42.004704,-121.318052,9r3wzq
83,4035,C,173.7,-122.614,255.0,-255,1.08,4005,642.0,0.0,0.2,0.0,0.0,1,1,100,642.0,0,1,1,,,,,,,,,,4035,JOHN DAY,45.677819,-120.733553,c245ue
84,4035,G,448.2,-122.614,307.0,-307,1.08,4005,1656.0,0.0,0.2,0.0,0.0,1,1,100,1656.0,0,1,1,,,,,,,,,,4035,JOHN DAY,45.677819,-120.733553,c245ue
85,4035,H,966.6,-122.614,1836.0,-1836,1.08,4005,3572.0,0.0,0.2,0.0,0.0,1,1,100,3572.0,0,1,1,,,,,,,,,,4035,JOHN DAY,45.677819,-120.733553,c245ue
86,4035,W,697.5,-122.614,800.0,-800,1.08,4005,2578.0,0.0,0.2,0.0,0.0,1,1,100,2578.0,0,1,1,0.0,1.0,0.0,1.0,0.0,1.0,1.0,1.0,,4035,JOHN DAY,45.677819,-120.733553,c245ue
87,4039,G,77.4,102.0,102.0,-102,1.08,4009,150.0,0.0,0.2,0.0,0.0,1,1,100,150.0,0,1,1,,,,,,,,,,4039,DALLES21,45.60664,-121.115583,c21g7y
88,4039,H,1455.3,380.224,1459.0,-1459,1.08,4009,2839.0,0.0,0.2,0.0,0.0,1,1,100,2839.0,0,1,1,,,,,,,,,,4039,DALLES21,45.60664,-121.115583,c21g7y
89,4039,W,712.8,380.224,500.0,-500,1.08,4009,1290.0,0.0,0.2,0.0,0.0,1,1,100,1290.0,0,1,1,0.0,1.0,0.0,1.0,0.0,1.0,1.0,1.0,,4039,DALLES21,45.60664,-121.115583,c21g7y
90,4131,B,450.0,150.0,150.0,-150,1.128,4101,711.0,0.0,0.2,0.0,0.0,1,1,100,711.0,0,1,1,,,,,,,,,,4131,COULEE,47.947893,-118.996055,c2e2u0
91,4131,H,7418.7,543.401,6482.0,-6482,1.128,4101,12613.0,0.0,0.2,0.0,0.0,1,1,100,12613.0,0,1,1,,,,,,,,,,4131,COULEE,47.947893,-118.996055,c2e2u0
92,4131,W,555.3,120.0,120.0,-120,1.128,4101,790.0,0.0,0.2,0.0,0.0,1,1,100,790.0,0,1,1,0.0,1.0,0.0,1.0,0.0,1.0,1.0,1.0,,4131,COULEE,47.947893,-118.996055,c2e2u0
93,4132,G,1854.899,52.261,1473.0,-1473,1.096,4102,2170.0,0.0,0.2,0.0,0.0,1,1,100,2170.0,0,1,1,,,,,,,,,,4132,HANFORD,46.669392,-119.573343,c26crp
94,4132,H,3835.801,52.261,2847.0,-2847,1.096,4102,5539.0,0.0,0.2,0.0,0.0,1,1,100,5539.0,0,1,1,,,,,,,,,,4132,HANFORD,46.669392,-119.573343,c26crp
95,4132,N,900.0,52.261,231.0,-231,1.096,4102,1200.0,0.0,0.2,0.0,0.0,1,1,100,1200.0,0,1,1,,,,,,,,,,4132,HANFORD,46.669392,-119.573343,c26crp
96,4132,W,270.0,52.261,160.0,-160,1.096,4102,400.0,0.0,0.2,0.0,0.0,1,1,100,300.0,0,1,1,0.0,1.0,0.0,1.0,0.0,1.0,1.0,1.0,,4132,HANFORD,46.669392,-119.573343,c26crp
97,4231,C,999.0,485.229,728.0,-728,1.12,4201,1460.0,0.0,0.2,0.0,0.0,1,1,100,1460.0,0,1,1,,,,,,,,,,4231,NORTH G3,48.22276,-121.837459,c2967d
98,4231,G,664.2,485.229,659.0,-659,1.12,4201,970.0,0.0,0.2,0.0,0.0,1,1,100,970.0,0,1,1,,,,,,,,,,4231,NORTH G3,48.22276,-121.837459,c2967d
99,4231,H,2406.601,485.229,1808.0,-1808,1.12,4201,3517.0,0.0,0.2,0.0,0.0,1,1,100,3517.0,0,1,1,,,,,,,,,,4231,NORTH G3,48.22276,-121.837459,c2967d
100,4232,G,348.3,-3.607,592.0,-592,1.06,4202,872.0,0.0,0.2,0.0,0.0,1,1,100,872.0,0,1,1,,,,,,,,,,4232,WCASCADE,47.065363,-121.779859,c237sz
101,4232,H,222.3,-3.607,287.0,-287,1.06,4202,558.0,0.0,0.2,0.0,0.0,1,1,100,558.0,0,1,1,,,,,,,,,,4232,WCASCADE,47.065363,-121.779859,c237sz
102,4232,W,316.8,-3.607,108.0,-108,1.06,4202,695.0,0.0,0.2,0.0,0.0,1,1,100,695.0,0,1,1,0.0,1.0,0.0,1.0,0.0,1.0,1.0,1.0,,4232,WCASCADE,47.065363,-121.779859,c237sz
103,5031,G,821.7,534.329,605.0,-605,1.05,5001,2650.0,0.0,0.2,0.0,0.0,1,1,100,2650.0,0,1,1,,,,,,,,,,5031,CANAD G1,49.429986,-122.303722,c2c10y
104,5031,H,5976.0,534.329,4399.0,-4399,1.05,5001,10747.0,0.0,0.2,0.0,0.0,1,1,100,10747.0,0,1,1,,,,,,,,,,5031,CANAD G1,49.429986,-122.303722,c2c10y
105,5032,C,3646.8,410.28,2977.0,-2977,1.055,5002,13039.0,0.0,0.2,0.0,0.0,1,1,100,13039.0,0,1,1,,,,,,,,,,5032,CMAIN GM,49.429986,-122.303722,c2c10y
106,5032,G,2695.5,410.28,2200.0,-2200,1.055,5002,9636.0,0.0,0.2,0.0,0.0,1,1,100,9636.0,0,1,1,,,,,,,,,,5032,CMAIN GM,49.429986,-122.303722,c2c10y
107,5032,R,66.6,54.0,54.0,-54,1.055,5002,108.0,0.0,0.2,0.0,0.0,1,1,100,108.0,0,1,1,,,,,,,,,,5032,CMAIN GM,49.429986,-122.303722,c2c10y
108,5032,S,2701.8,410.28,2205.0,-2205,1.055,5002,4410.2,0.0,0.2,0.0,0.0,1,1,100,4410.2,0,1,1,0.0,1.0,0.0,1.0,0.0,1.0,1.0,1.0,,5032,CMAIN GM,49.429986,-122.303722,c2c10y
109,5032,W,331.2,271.0,271.0,-271,1.055,5002,541.0,0.0,0.2,0.0,0.0,1,1,100,541.0,0,1,1,0.0,1.0,0.0,1.0,0.0,1.0,1.0,1.0,,5032,CMAIN GM,49.429986,-122.303722,c2c10y
110,6132,B,45.0,-20.0,20.0,-20,1.03,6102,122.0,0.0,0.2,0.0,0.0,1,1,100,122.0,0,1,1,,,,,,,,,,6132,MIDPOINT,42.888986,-114.199277,9rwgcr
111,6132,G,1043.1,-147.0,147.0,-147,1.03,6102,1272.0,0.0,0.2,0.0,0.0,1,1,100,1272.0,0,1,1,,,,,,,,,,6132,MIDPOINT,42.888986,-114.199277,9rwgcr
112,6132,H,1992.599,-387.445,1072.0,-1072,1.03,6102,2541.0,0.0,0.2,0.0,0.0,1,1,100,2541.0,0,1,1,,,,,,,,,,6132,MIDPOINT,42.888986,-114.199277,9rwgcr
113,6132,S,180.0,-75.0,75.0,-75,1.03,6102,395.0,0.0,0.2,0.0,0.0,1,1,100,395.0,0,1,1,0.0,1.0,0.0,1.0,0.0,1.0,1.0,1.0,,6132,MIDPOINT,42.888986,-114.199277,9rwgcr
114,6132,W,503.1,-210.0,210.0,-210,1.03,6102,973.0,0.0,0.2,0.0,0.0,1,1,100,973.0,0,1,1,0.0,1.0,0.0,1.0,0.0,1.0,1.0,1.0,,6132,MIDPOINT,42.888986,-114.199277,9rwgcr
115,6231,C,705.15,-104.087,1256.0,-1256,1.06,6201,2488.0,0.0,0.2,0.0,0.0,1,1,100,2488.0,0,1,1,,,,,,,,,,6231,COLSTRP,45.689474,-106.552322,c8h5zm
116,6231,G,225.0,-70.0,70.0,-70,1.06,6201,250.0,0.0,0.2,0.0,0.0,1,1,100,250.0,0,1,1,,,,,,,,,,6231,COLSTRP,45.689474,-106.552322,c8h5zm
117,6235,G,90.0,49.769,64.0,-64,1.05,6205,226.0,0.0,0.2,0.0,0.0,1,1,100,226.0,0,1,1,,,,,,,,,,6235,MONTA G1,47.432975,-111.260716,c82vu4
118,6235,H,1040.4,49.769,347.0,-347,1.05,6205,2671.0,0.0,0.2,0.0,0.0,1,1,100,2671.0,0,1,1,,,,,,,,,,6235,MONTA G1,47.432975,-111.260716,c82vu4
119,6235,W,280.8,49.769,195.0,-195,1.05,6205,720.0,0.0,0.2,0.0,0.0,1,1,100,720.0,0,1,1,0.0,1.0,0.0,1.0,0.0,1.0,1.0,1.0,,6235,MONTA G1,47.432975,-111.260716,c82vu4
120,6333,C,2837.7,330.576,1671.0,-1671,1.03,6303,4594.0,0.0,0.2,0.0,0.0,1,1,100,4594.0,0,1,1,,,,,,,,,,6333,BRIDGER,42.083869,-108.529745,9x6z6m
121,6333,W,919.8,330.576,350.0,-350,1.03,6303,1489.0,0.0,0.2,0.0,0.0,1,1,100,1489.0,0,1,1,0.0,1.0,0.0,1.0,0.0,1.0,1.0,1.0,,6333,BRIDGER,42.083869,-108.529745,9x6z6m
122,6335,C,2274.3,260.575,968.0,-968,1.06,6305,3000.0,0.0,0.2,0.0,0.0,1,1,100,2660.0,0,1,1,,,,,,,,,,6335,NAUGHT,41.826887,-110.64461,9x3mfn
123,6335,G,295.2,260.575,330.0,-330,1.06,6305,418.0,0.0,0.2,0.0,0.0,1,1,100,418.0,0,1,1,,,,,,,,,,6335,NAUGHT,41.826887,-110.64461,9x3mfn
124,6335,H,259.2,260.575,406.0,-406,1.06,6305,400.0,0.0,0.2,0.0,0.0,1,1,100,303.0,0,1,1,,,,,,,,,,6335,NAUGHT,41.826887,-110.64461,9x3mfn
125,6433,C,194.0,74.552,283.0,-283,1.11,6403,391.0,0.0,0.2,0.0,0.0,1,1,100,391.0,0,1,1,,,,,,,,,,6433,VALMY,41.182805,-116.954457,9rkf69
126,6433,E,372.0,59.0,59.0,-59,1.11,6403,751.0,0.0,0.2,0.0,0.0,1,1,100,751.0,0,1,1,,,,,,,,,,6433,VALMY,41.182805,-116.954457,9rkf69
127,6433,G,679.0,74.552,536.0,-536,1.11,6403,1369.0,0.0,0.2,0.0,0.0,1,1,100,1369.0,0,1,1,,,,,,,,,,6433,VALMY,41.182805,-116.954457,9rkf69
128,6433,W,75.0,50.0,50.0,-50,1.11,6403,152.0,0.0,0.2,0.0,0.0,1,1,100,152.0,0,1,1,0.0,1.0,0.0,1.0,0.0,1.0,1.0,1.0,,6433,VALMY,41.182805,-116.954457,9rkf69
129,6533,C,1318.501,78.734,1924.0,-1924,1.065,6503,3276.0,0.0,0.2,0.0,0.0,1,1,100,3276.0,0,1,1,,,,,,,,,,6533,EMERY,40.030278,-109.188333,9x47er
130,6533,G,1213.201,78.734,880.0,-880,1.065,6503,3239.0,0.0,0.2,0.0,0.0,1,1,100,3239.0,0,1,1,,,,,,,,,,6533,EMERY,40.030278,-109.188333,9x47er
131,6533,H,90.0,75.0,75.0,-75,1.065,6503,275.0,0.0,0.2,0.0,0.0,1,1,100,275.0,0,1,1,,,,,,,,,,6533,EMERY,40.030278,-109.188333,9x47er
132,6533,S,566.1,78.734,500.0,-500,1.065,6503,1407.0,0.0,0.2,0.0,0.0,1,1,100,1407.0,0,1,1,0.0,1.0,0.0,1.0,0.0,1.0,1.0,1.0,,6533,EMERY,40.030278,-109.188333,9x47er
133,6533,W,157.5,20.0,20.0,-20,1.065,6503,391.0,0.0,0.2,0.0,0.0,1,1,100,391.0,0,1,1,0.0,1.0,0.0,1.0,0.0,1.0,1.0,1.0,,6533,EMERY,40.030278,-109.188333,9x47er
134,7031,C,1105.199,380.609,1419.0,-1419,1.02,7001,3127.0,0.0,0.2,0.0,0.0,1,1,100,3127.0,0,1,1,,,,,,,,,,7031,COLOEAST,38.542595,-104.660626,9wve62
135,7031,G,2242.802,380.609,2092.0,-2092,1.02,7001,6346.0,0.0,0.2,0.0,0.0,1,1,100,6346.0,0,1,1,,,,,,,,,,7031,COLOEAST,38.542595,-104.660626,9wve62
136,7031,P,123.3,175.0,175.0,-175,1.02,7001,509.0,0.0,0.2,0.0,0.0,1,1,100,509.0,-509,1,1,,,,,,,,,,7031,COLOEAST,38.542595,-104.660626,9wve62
137,7031,SC,0.0,0.0,1000.0,-1000,1.02,7001,100.0,0.0,0.2,0.0,0.0,1,0,100,0.1,0,1,1,,,,,,,,,,7031,COLOEAST,38.542595,-104.660626,9wve62
138,7031,W,1098.0,380.609,1000.0,-1000,1.02,7001,3106.0,0.0,0.2,0.0,0.0,1,1,100,3106.0,0,1,1,0.0,1.0,0.0,1.0,0.0,1.0,1.0,1.0,,7031,COLOEAST,38.542595,-104.660626,9wve62
139,7032,C,1057.5,22.012,826.0,-826,1.015,7002,1821.0,0.0,0.2,0.0,0.0,1,1,100,1821.0,0,1,1,,,,,,,,,,7032,CRAIG,40.521809,-107.506652,9x5w98
140,7032,G,861.3,22.012,489.0,-489,1.015,7002,1483.0,0.0,0.2,0.0,0.0,1,1,100,1483.0,0,1,1,,,,,,,,,,7032,CRAIG,40.521809,-107.506652,9x5w98
141,7032,H,390.6,22.012,346.0,-346,1.015,7002,672.0,0.0,0.2,0.0,0.0,1,1,100,672.0,0,1,1,,,,,,,,,,7032,CRAIG,40.521809,-107.506652,9x5w98
142,7032,S,428.4,22.012,230.0,-230,1.015,7002,738.0,0.0,0.2,0.0,0.0,1,1,100,738.0,0,1,1,0.0,1.0,0.0,1.0,0.0,1.0,1.0,1.0,,7032,CRAIG,40.521809,-107.506652,9x5w98
143,8033,H,1182.0,259.732,786.0,-786,1.075,8003,1394.0,0.0,0.2,0.0,0.0,1,1,100,1394.0,0,1,1,,,,,,,,,,8033,COTWDWAP,40.397712,-122.265115,9r1jcf
144,8034,G,2946.0,239.367,1280.0,-1280,1.0,8004,3754.0,0.0,0.2,0.0,0.0,1,1,100,3754.0,0,1,1,,,,,,,,,,8034,RNCHSECO,38.344823,-121.123005,9qcf5u
145,8034,H,427.0,239.367,344.0,-344,1.0,8004,544.0,0.0,0.2,0.0,0.0,1,1,100,544.0,0,1,1,,,,,,,,,,8034,RNCHSECO,38.344823,-121.123005,9qcf5u
