,G3500330
metadata_index,200926
upgrade,0
weight,7.614023970037612
in.sqft,17500.0
calc.weighted.sqft,133245.41947565821
in.upgrade_name,Baseline
applicability,True
in.building_america_climate_zone,Cold
in.cambium_grid_region,AZNMc
in.census_division_name,Mountain
in.census_region_name,West
in.cluster_id,31.0
in.cluster_name,Rural Mountain West
in.county_name,"NM, Mora County"
in.iso_rto_region,None
in.nhgis_puma_gisjoin,G35000300
in.nhgis_tract_gisjoin,G3500330955200
in.reeds_balancing_area,31.0
in.state,NM
in.state_name,New Mexico
in.airtightness..m3_per_m2_s,10.0
in.ashrae_iecc_climate_zone_2006,5B
in.aspect_ratio,4
in.building_subtype,NA
in.cejst_is_disadvantaged,True
in.comstock_building_type,SecondarySchool
in.comstock_building_type_group,Education
in.economizer_changeover_temperature_fault_applicable,True
in.economizer_damper_stuck_fault_applicable,True
in.economizer_damper_stuck_fault_timing,Fault feb
in.ejscreen_census_tract_percentile_for_demographic_index,93.0845260263
in.ejscreen_census_tract_percentile_for_less_than_hs_educ,43.457433645
in.ejscreen_census_tract_percentile_for_low_income,92.3223297099
in.ejscreen_census_tract_percentile_for_people_in_ling_isol,75.1813353997
in.ejscreen_census_tract_percentile_for_people_of_color,88.0799551494
in.ejscreen_census_tract_percentile_for_people_over_64,93.483710574
in.ejscreen_census_tract_percentile_percent_people_under_5,43.7269563559
in.energy_code_followed_during_last_ext_lighting_replacement,ComStock DOE Ref 1980-2004
in.energy_code_followed_during_last_hvac_replacement,ComStock DOE Ref 1980-2004
in.energy_code_followed_during_last_int_equipment_replacement,ComStock 90.1-2004
in.energy_code_followed_during_last_roof_replacement,ComStock DOE Ref Pre-1980
in.energy_code_followed_during_last_svc_water_htg_replacement,ComStock DOE Ref 1980-2004
in.energy_code_followed_during_last_walls_replacement,ComStock DOE Ref Pre-1980
in.energy_code_followed_during_original_building_construction,ComStock DOE Ref Pre-1980
in.floor_area_category,10001_25000
in.heating_fuel,NaturalGas
in.hvac_category,Multizone CAV/VAV
in.hvac_combined_type,Central Multi-zone VAV RTU_Boiler _ACC
in.hvac_cool_type,ACC
in.hvac_heat_type,Boiler 
in.hvac_night_variability,default_nochange
in.hvac_system_type,VAV air-cooled chiller with gas boiler reheat
in.hvac_vent_type,Central Multi-zone VAV RTU
in.interior_lighting_generation,gen1_t12_incandescent
in.number_of_stories,1
in.number_stories,1
in.ownership_type,owner_occupied
in.party_responsible_for_operation,building_owner
in.purchase_input_responsibility,building_owner
in.rotation..degrees,45
in.service_water_heating_fuel,NaturalGas
in.tstat_clg_delta_f..delta_f,5
in.tstat_clg_sp_f..f,71
in.tstat_htg_delta_f..delta_f,10
in.tstat_htg_sp_f..f,68
in.vintage,1960 to 1969
in.wall_construction_type,SteelFramed
in.weather_file_2018,USA_NM_Las.Vegas.Municipal.723677_2018.epw
in.weather_file_tmy3,Las_Vegas_Municipal_Arpt
in.weekday_opening_time..hr,10.5
in.weekday_operating_hours..hr,10.5
in.weekend_opening_time..hr,5
in.weekend_operating_hours..hr,17.5
in.window_to_wall_ratio_category,2_10pct
in.window_type,Double - LowE - Tinted/Reflective - Aluminum
in.year_built,1967
out.district_cooling.cooling.energy_consumption,0.0
out.district_cooling.cooling.energy_savings,0.0
out.district_cooling.total.energy_consumption,0.0
out.district_cooling.total.energy_savings,0.0
out.district_heating.cooling.energy_consumption,0.0
out.district_heating.cooling.energy_savings,0.0
out.district_heating.heating.energy_consumption,0.0
out.district_heating.heating.energy_savings,0.0
out.district_heating.total.energy_consumption,0.0
out.district_heating.total.energy_savings,0.0
out.district_heating.water_systems.energy_consumption,0.0
out.district_heating.water_systems.energy_savings,0.0
out.electricity.cooling.energy_consumption,56244.44444444445
out.electricity.cooling.energy_savings,0.0
out.electricity.exterior_lighting.energy_consumption,28791.666666666668
out.electricity.exterior_lighting.energy_savings,0.0
out.electricity.fans.energy_consumption,66575.0
out.electricity.fans.energy_savings,0.0
out.electricity.heat_recovery.energy_consumption,0.0
out.electricity.heat_recovery.energy_savings,0.0
out.electricity.heat_rejection.energy_consumption,0.0
out.electricity.heat_rejection.energy_savings,0.0
out.electricity.heating.energy_consumption,0.0
out.electricity.heating.energy_savings,0.0
out.electricity.interior_equipment.energy_consumption,9780.555555555557
out.electricity.interior_equipment.energy_savings,0.0
out.electricity.interior_lighting.energy_consumption,24194.444444444445
out.electricity.interior_lighting.energy_savings,0.0
out.electricity.pumps.energy_consumption,8197.222222222223
out.electricity.pumps.energy_savings,0.0
out.electricity.refrigeration.energy_consumption,24208.333333333332
out.electricity.refrigeration.energy_savings,0.0
out.electricity.total.apr.energy_consumption..kwh,18098.66193179171
out.electricity.total.aug.energy_consumption..kwh,19671.67423466743
out.electricity.total.dec.energy_consumption..kwh,15516.993845663626
out.electricity.total.energy_consumption,226591.66666666666
out.electricity.total.energy_savings,0.0
out.electricity.total.feb.energy_consumption..kwh,20801.859930406885
out.electricity.total.jan.energy_consumption..kwh,16386.199037162987
out.electricity.total.jul.energy_consumption..kwh,20323.699812397026
out.electricity.total.jun.energy_consumption..kwh,23718.784397456202
out.electricity.total.mar.energy_consumption..kwh,16768.458638878674
out.electricity.total.may.energy_consumption..kwh,22083.6619184725
out.electricity.total.nov.energy_consumption..kwh,15301.059904884934
out.electricity.total.oct.energy_consumption..kwh,17595.60404845255
out.electricity.total.sep.energy_consumption..kwh,20325.48084648323
out.electricity.water_systems.energy_consumption,8600.0
out.electricity.water_systems.energy_savings,0.0
out.natural_gas.cooling.energy_savings,0.0
out.natural_gas.heating.energy_consumption,238705.55555555553
out.natural_gas.heating.energy_savings,0.0
out.natural_gas.interior_equipment.energy_consumption,0.0
out.natural_gas.interior_equipment.energy_savings,0.0
out.natural_gas.total.energy_consumption,247069.44444444444
out.natural_gas.total.energy_savings,0.0
out.natural_gas.water_systems.energy_consumption,8363.888888888889
out.natural_gas.water_systems.energy_savings,0.0
out.other_fuel.cooling.energy_consumption,0.0
out.other_fuel.cooling.energy_savings,0.0
out.other_fuel.heating.energy_consumption,0.0
out.other_fuel.heating.energy_savings,0.0
out.other_fuel.interior_equipment.energy_savings,0.0
out.other_fuel.total.energy_consumption,0.0
out.other_fuel.total.energy_savings,0.0
out.other_fuel.water_systems.energy_consumption,0.0
out.other_fuel.water_systems.energy_savings,0.0
out.site_energy.total.energy_consumption,473661.1111111111
out.site_energy.total.energy_savings,0.0
out.electricity.total.peak_demand,108.57221000000001
out.district_cooling.cooling.energy_consumption_intensity,0.0
out.district_cooling.cooling.energy_savings_intensity,0.0
out.district_cooling.total.energy_consumption_intensity,0.0
out.district_cooling.total.energy_savings_intensity,0.0
out.district_heating.cooling.energy_consumption_intensity,0.0
out.district_heating.cooling.energy_savings_intensity,0.0
out.district_heating.heating.energy_consumption_intensity,0.0
out.district_heating.heating.energy_savings_intensity,0.0
out.district_heating.total.energy_consumption_intensity,0.0
out.district_heating.total.energy_savings_intensity,0.0
out.district_heating.water_systems.energy_consumption_intensity,0.0
out.district_heating.water_systems.energy_savings_intensity,0.0
out.electricity.cooling.energy_consumption_intensity,3.2139682539682544
out.electricity.cooling.energy_savings_intensity,0.0
out.electricity.exterior_lighting.energy_consumption_intensity,1.6452380952380954
out.electricity.exterior_lighting.energy_savings_intensity,0.0
out.electricity.fans.energy_consumption_intensity,3.8042857142857143
out.electricity.fans.energy_savings_intensity,0.0
out.electricity.heat_recovery.energy_consumption_intensity,0.0
out.electricity.heat_recovery.energy_savings_intensity,0.0
out.electricity.heat_rejection.energy_consumption_intensity,0.0
out.electricity.heat_rejection.energy_savings_intensity,0.0
out.electricity.heating.energy_consumption_intensity,0.0
out.electricity.heating.energy_savings_intensity,0.0
out.electricity.interior_equipment.energy_consumption_intensity,0.558888888888889
out.electricity.interior_equipment.energy_savings_intensity,0.0
out.electricity.interior_lighting.energy_consumption_intensity,1.3825396825396825
out.electricity.interior_lighting.energy_savings_intensity,0.0
out.electricity.pumps.energy_consumption_intensity,0.46841269841269845
out.electricity.pumps.energy_savings_intensity,0.0
out.electricity.refrigeration.energy_consumption_intensity,1.3833333333333333
out.electricity.refrigeration.energy_savings_intensity,0.0
out.electricity.total.energy_consumption_intensity,12.948095238095238
out.electricity.total.energy_savings_intensity,0.0
out.electricity.water_systems.energy_consumption_intensity,0.49142857142857144
out.electricity.water_systems.energy_savings_intensity,0.0
out.natural_gas.cooling.energy_consumption_intensity,0.0
out.natural_gas.cooling.energy_savings_intensity,0.0
out.natural_gas.heating.energy_consumption_intensity,13.640317460317458
out.natural_gas.heating.energy_savings_intensity,0.0
out.natural_gas.interior_equipment.energy_consumption_intensity,0.0
out.natural_gas.interior_equipment.energy_savings_intensity,0.0
out.natural_gas.total.energy_consumption_intensity,14.118253968253969
out.natural_gas.total.energy_savings_intensity,0.0
out.natural_gas.water_systems.energy_consumption_intensity,0.47793650793650794
out.natural_gas.water_systems.energy_savings_intensity,0.0
out.other_fuel.cooling.energy_consumption_intensity,0.0
out.other_fuel.cooling.energy_savings_intensity,0.0
out.other_fuel.heating.energy_consumption_intensity,0.0
out.other_fuel.heating.energy_savings_intensity,0.0
out.other_fuel.interior_equipment.energy_consumption_intensity,0.0
out.other_fuel.interior_equipment.energy_savings_intensity,0.0
out.other_fuel.total.energy_consumption_intensity,0.0
out.other_fuel.total.energy_savings_intensity,0.0
out.other_fuel.water_systems.energy_consumption_intensity,0.0
out.other_fuel.water_systems.energy_savings_intensity,0.0
out.site_energy.total.energy_consumption_intensity,27.06634920634921
out.site_energy.total.energy_savings_intensity,0.0
out.qoi.maximum_daily_peak_apr..kw,50.78194454737839
out.qoi.maximum_daily_peak_aug..kw,70.2570333642135
out.qoi.maximum_daily_peak_dec..kw,46.64339681491035
out.qoi.maximum_daily_peak_feb..kw,50.208444152477455
out.qoi.maximum_daily_peak_jan..kw,49.747689231117576
out.qoi.maximum_daily_peak_jul..kw,77.00008825451549
out.qoi.maximum_daily_peak_jun..kw,102.13500861317073
out.qoi.maximum_daily_peak_mar..kw,50.251649301875126
out.qoi.maximum_daily_peak_may..kw,79.14704273952904
out.qoi.maximum_daily_peak_nov..kw,49.10344002558215
out.qoi.maximum_daily_peak_oct..kw,71.49466575067706
out.qoi.maximum_daily_peak_sep..kw,79.86887694947931
out.qoi.maximum_daily_timing_shoulder_hour..hr,15.240601503759398
out.qoi.maximum_daily_timing_summer_hour..hr,14.030303030303031
out.qoi.maximum_daily_timing_winter_hour..hr,14.271356783919598
out.qoi.maximum_daily_use_shoulder..kw,50.21462608096725
out.qoi.maximum_daily_use_shoulder_intensity..w_per_ft2,2.8694072046267003
out.qoi.maximum_daily_use_summer..kw,67.18201202356586
out.qoi.maximum_daily_use_summer_intensity..w_per_ft2,3.838972115632335
out.qoi.maximum_daily_use_winter..kw,36.90080150893909
out.qoi.maximum_daily_use_winter_intensity..w_per_ft2,2.108617229082234
out.qoi.median_daily_peak_apr..kw,45.36121736122817
out.qoi.median_daily_peak_aug..kw,48.072281817482086
out.qoi.median_daily_peak_dec..kw,33.37576858812095
out.qoi.median_daily_peak_feb..kw,49.66369635991313
out.qoi.median_daily_peak_jan..kw,33.3126505097705
out.qoi.median_daily_peak_jul..kw,51.35555025217368
out.qoi.median_daily_peak_jun..kw,69.32244326061094
out.qoi.median_daily_peak_mar..kw,37.87449388497733
out.qoi.median_daily_peak_may..kw,55.36494844831965
out.qoi.median_daily_peak_nov..kw,33.52614367553308
out.qoi.median_daily_peak_oct..kw,33.88878030375417
out.qoi.median_daily_peak_sep..kw,49.374356252038595
out.qoi.median_daily_peak_timing_apr..hr,13.0
out.qoi.median_daily_peak_timing_aug..hr,14.0
out.qoi.median_daily_peak_timing_dec..hr,14.0
out.qoi.median_daily_peak_timing_feb..hr,14.0
out.qoi.median_daily_peak_timing_jan..hr,14.0
out.qoi.median_daily_peak_timing_jul..hr,14.0
out.qoi.median_daily_peak_timing_jun..hr,15.0
out.qoi.median_daily_peak_timing_mar..hr,14.0
out.qoi.median_daily_peak_timing_may..hr,14.0
out.qoi.median_daily_peak_timing_nov..hr,14.0
out.qoi.median_daily_peak_timing_oct..hr,13.0
out.qoi.median_daily_peak_timing_sep..hr,15.0
out.qoi.minimum_daily_peak_apr..kw,27.222530677356456
out.qoi.minimum_daily_peak_aug..kw,32.31208532916086
out.qoi.minimum_daily_peak_dec..kw,19.672239297487156
out.qoi.minimum_daily_peak_feb..kw,30.8803098361971
out.qoi.minimum_daily_peak_jan..kw,19.614815440092443
out.qoi.minimum_daily_peak_jul..kw,33.139265148793754
out.qoi.minimum_daily_peak_jun..kw,29.518280557273187
out.qoi.minimum_daily_peak_mar..kw,19.57953293958625
out.qoi.minimum_daily_peak_may..kw,32.1283607912161
out.qoi.minimum_daily_peak_nov..kw,19.66963511638673
out.qoi.minimum_daily_peak_oct..kw,23.748201671035083
out.qoi.minimum_daily_peak_sep..kw,32.20689449147827
out.qoi.minimum_daily_use_shoulder..kw,9.340809972319693
out.qoi.minimum_daily_use_shoulder_intensity..w_per_ft2,0.5337605698468396
out.qoi.minimum_daily_use_summer..kw,8.20777445617905
out.qoi.minimum_daily_use_summer_intensity..w_per_ft2,0.46901568321023146
out.qoi.minimum_daily_use_winter..kw,11.737186486471726
out.qoi.minimum_daily_use_winter_intensity..w_per_ft2,0.6706963706555272
out.qoi.q1_daily_peak_apr..kw,32.254341867720434
out.qoi.q1_daily_peak_aug..kw,35.57454439436913
out.qoi.q1_daily_peak_dec..kw,27.655528714593345
out.qoi.q1_daily_peak_feb..kw,33.89728779026825
out.qoi.q1_daily_peak_jan..kw,30.132123889167005
out.qoi.q1_daily_peak_jul..kw,44.21126418156824
out.qoi.q1_daily_peak_jun..kw,39.091439157845436
out.qoi.q1_daily_peak_mar..kw,32.38731376602344
out.qoi.q1_daily_peak_may..kw,36.747251639274566
out.qoi.q1_daily_peak_nov..kw,27.744218601346734
out.qoi.q1_daily_peak_oct..kw,32.064285088518005
out.qoi.q1_daily_peak_sep..kw,34.21444503959387
out.qoi.q3_daily_peak_apr..kw,49.34093382640645
out.qoi.q3_daily_peak_aug..kw,55.211023208256904
out.qoi.q3_daily_peak_dec..kw,36.70276724181862
out.qoi.q3_daily_peak_feb..kw,49.85060398157084
out.qoi.q3_daily_peak_jan..kw,42.25494767339836
out.qoi.q3_daily_peak_jul..kw,59.8184361511838
out.qoi.q3_daily_peak_jun..kw,84.38220080158737
out.qoi.q3_daily_peak_mar..kw,44.47575307565475
out.qoi.q3_daily_peak_may..kw,67.08004617841688
out.qoi.q3_daily_peak_nov..kw,42.608501590786084
out.qoi.q3_daily_peak_oct..kw,46.91202259254199
out.qoi.q3_daily_peak_sep..kw,66.6985913452526
out.emissions.electricity.aer_95_decarb_by_2035_from_2023..co2e_kg,91797.97644949681
out.emissions.electricity.aer_95_decarb_by_2050_from_2023..co2e_kg,91797.97644949681
out.emissions.electricity.aer_high_re_cost_from_2023..co2e_kg,92414.74007746523
out.emissions.electricity.aer_low_re_cost_from_2023..co2e_kg,91452.1347289948
out.emissions.electricity.aer_mid_case_from_2023..co2e_kg,91925.37296886551
out.emissions.electricity.cooling.aer_95_decarb_by_2035_from_2023..co2e_kg,21075.428576745897
out.emissions.electricity.cooling.aer_95_decarb_by_2050_from_2023..co2e_kg,21075.428576745897
out.emissions.electricity.cooling.aer_high_re_cost_from_2023..co2e_kg,21230.37053230859
out.emissions.electricity.cooling.aer_low_re_cost_from_2023..co2e_kg,20967.590076625223
out.emissions.electricity.cooling.aer_mid_case_from_2023..co2e_kg,21094.200979553705
out.emissions.electricity.cooling.egrid_2018_state..co2e_kg,34196.23442798448
out.emissions.electricity.cooling.egrid_2018_subregion..co2e_kg,26214.37481834544
out.emissions.electricity.cooling.egrid_2019_state..co2e_kg,33850.57800666522
out.emissions.electricity.cooling.egrid_2019_subregion..co2e_kg,24411.598892998518
out.emissions.electricity.cooling.egrid_2020_state..co2e_kg,32141.353051646565
out.emissions.electricity.cooling.egrid_2020_subregion..co2e_kg,21688.875329244886
out.emissions.electricity.cooling.egrid_2021_state..co2e_kg,29104.47987005211
out.emissions.electricity.cooling.egrid_2021_subregion..co2e_kg,20998.200276150463
out.emissions.electricity.cooling.lrmer_95_decarb_by_2035_15_2023_start..co2e_kg,2189.658071521806
out.emissions.electricity.cooling.lrmer_95_decarb_by_2035_15_2025_start..co2e_kg,8763.51916130461
out.emissions.electricity.cooling.lrmer_95_decarb_by_2035_25_2025_start..co2e_kg,6307.487650844883
out.emissions.electricity.cooling.lrmer_95_decarb_by_2035_30_2023_start..co2e_kg,1333.944462776603
out.emissions.electricity.cooling.lrmer_95_decarb_by_2050_15_2023_start..co2e_kg,8103.256201434379
out.emissions.electricity.cooling.lrmer_95_decarb_by_2050_30_2023_start..co2e_kg,6508.537987660878
out.emissions.electricity.cooling.lrmer_high_re_cost_15_2023_start..co2e_kg,17418.334886861263
out.emissions.electricity.cooling.lrmer_high_re_cost_30_2023_start..co2e_kg,14515.690106488311
out.emissions.electricity.cooling.lrmer_low_re_cost_15_2023_start..co2e_kg,6171.822111269703
out.emissions.electricity.cooling.lrmer_low_re_cost_15_2025_start..co2e_kg,8850.29128357591
out.emissions.electricity.cooling.lrmer_low_re_cost_25_2025_start..co2e_kg,8864.86524780257
out.emissions.electricity.cooling.lrmer_low_re_cost_30_2023_start..co2e_kg,5622.052237964382
out.emissions.electricity.cooling.lrmer_mid_case_15_2023_start..co2e_kg,7614.208599880223
out.emissions.electricity.cooling.lrmer_mid_case_15_2025_start..co2e_kg,15860.20377692719
out.emissions.electricity.cooling.lrmer_mid_case_25_2025_start..co2e_kg,13858.036282639297
out.emissions.electricity.cooling.lrmer_mid_case_30_2023_start..co2e_kg,8147.420798477971
out.emissions.electricity.egrid_2018_state..co2e_kg,137768.99109203846
out.emissions.electricity.egrid_2018_subregion..co2e_kg,105611.86140063706
out.emissions.electricity.egrid_2019_state..co2e_kg,136376.41856976482
out.emissions.electricity.egrid_2019_subregion..co2e_kg,98348.87983104029
out.emissions.electricity.egrid_2020_state..co2e_kg,129490.33296586126
out.emissions.electricity.egrid_2020_subregion..co2e_kg,87379.63468825087
out.emissions.electricity.egrid_2021_state..co2e_kg,117255.44917525449
out.emissions.electricity.egrid_2021_subregion..co2e_kg,84597.05915533226
out.emissions.electricity.enduse_group.hvac.aer_95_decarb_by_2035_from_2023..co2e_kg,51479.668720401954
out.emissions.electricity.enduse_group.hvac.aer_95_decarb_by_2050_from_2023..co2e_kg,51479.668720401954
out.emissions.electricity.enduse_group.hvac.aer_high_re_cost_from_2023..co2e_kg,51845.17953128908
out.emissions.electricity.enduse_group.hvac.aer_low_re_cost_from_2023..co2e_kg,51260.37863583568
out.emissions.electricity.enduse_group.hvac.aer_mid_case_from_2023..co2e_kg,51546.002147492574
out.emissions.electricity.enduse_group.hvac.egrid_2018_state..co2e_kg,79658.80012385391
out.emissions.electricity.enduse_group.hvac.egrid_2018_subregion..co2e_kg,61065.36813063506
out.emissions.electricity.enduse_group.hvac.egrid_2019_state..co2e_kg,78853.60691360781
out.emissions.electricity.enduse_group.hvac.egrid_2019_subregion..co2e_kg,56865.87162151692
out.emissions.electricity.enduse_group.hvac.egrid_2020_state..co2e_kg,74872.03375691216
out.emissions.electricity.enduse_group.hvac.egrid_2020_subregion..co2e_kg,50523.39281396532
out.emissions.electricity.enduse_group.hvac.egrid_2021_state..co2e_kg,67797.75561428267
out.emissions.electricity.enduse_group.hvac.egrid_2021_subregion..co2e_kg,48914.492099448165
out.emissions.electricity.enduse_group.hvac.lrmer_95_decarb_by_2035_15_2023_start..co2e_kg,7400.8893097278915
out.emissions.electricity.enduse_group.hvac.lrmer_95_decarb_by_2035_15_2025_start..co2e_kg,21227.135302518636
out.emissions.electricity.enduse_group.hvac.lrmer_95_decarb_by_2035_25_2025_start..co2e_kg,15202.93285223973
out.emissions.electricity.enduse_group.hvac.lrmer_95_decarb_by_2035_30_2023_start..co2e_kg,4508.119527847383
out.emissions.electricity.enduse_group.hvac.lrmer_95_decarb_by_2050_15_2023_start..co2e_kg,21338.114174544466
out.emissions.electricity.enduse_group.hvac.lrmer_95_decarb_by_2050_30_2023_start..co2e_kg,16988.526624012597
out.emissions.electricity.enduse_group.hvac.lrmer_high_re_cost_15_2023_start..co2e_kg,42162.109985334246
out.emissions.electricity.enduse_group.hvac.lrmer_high_re_cost_30_2023_start..co2e_kg,35390.627273084276
out.emissions.electricity.enduse_group.hvac.lrmer_low_re_cost_15_2023_start..co2e_kg,17661.733488698825
out.emissions.electricity.enduse_group.hvac.lrmer_low_re_cost_15_2025_start..co2e_kg,21494.512866630073
out.emissions.electricity.enduse_group.hvac.lrmer_low_re_cost_25_2025_start..co2e_kg,20934.31031418556
out.emissions.electricity.enduse_group.hvac.lrmer_low_re_cost_30_2023_start..co2e_kg,15578.970852596727
out.emissions.electricity.enduse_group.hvac.lrmer_mid_case_15_2023_start..co2e_kg,20339.26074010716
out.emissions.electricity.enduse_group.hvac.lrmer_mid_case_15_2025_start..co2e_kg,38367.586341784314
out.emissions.electricity.enduse_group.hvac.lrmer_mid_case_25_2025_start..co2e_kg,33200.816275823956
out.emissions.electricity.enduse_group.hvac.lrmer_mid_case_30_2023_start..co2e_kg,21263.471953811222
out.emissions.electricity.exterior_lighting.aer_95_decarb_by_2035_from_2023..co2e_kg,14422.293439622086
out.emissions.electricity.exterior_lighting.aer_95_decarb_by_2050_from_2023..co2e_kg,14422.293439622086
out.emissions.electricity.exterior_lighting.aer_high_re_cost_from_2023..co2e_kg,14470.96340584247
out.emissions.electricity.exterior_lighting.aer_low_re_cost_from_2023..co2e_kg,14408.22769743757
out.emissions.electricity.exterior_lighting.aer_mid_case_from_2023..co2e_kg,14442.98517896848
out.emissions.electricity.exterior_lighting.egrid_2018_state..co2e_kg,17506.044780102853
out.emissions.electricity.exterior_lighting.egrid_2018_subregion..co2e_kg,13419.899211967238
out.emissions.electricity.exterior_lighting.egrid_2019_state..co2e_kg,17329.09322706305
out.emissions.electricity.exterior_lighting.egrid_2019_subregion..co2e_kg,12497.005899135464
out.emissions.electricity.exterior_lighting.egrid_2020_state..co2e_kg,16454.091370796108
out.emissions.electricity.exterior_lighting.egrid_2020_subregion..co2e_kg,11103.164693277242
out.emissions.electricity.exterior_lighting.egrid_2021_state..co2e_kg,14899.427858927695
out.emissions.electricity.exterior_lighting.egrid_2021_subregion..co2e_kg,10749.588090173942
out.emissions.electricity.exterior_lighting.lrmer_95_decarb_by_2035_15_2023_start..co2e_kg,3713.629163514902
out.emissions.electricity.exterior_lighting.lrmer_95_decarb_by_2035_15_2025_start..co2e_kg,5752.681738244768
out.emissions.electricity.exterior_lighting.lrmer_95_decarb_by_2035_25_2025_start..co2e_kg,4114.11522262483
out.emissions.electricity.exterior_lighting.lrmer_95_decarb_by_2035_30_2023_start..co2e_kg,2261.742636328442
out.emissions.electricity.exterior_lighting.lrmer_95_decarb_by_2050_15_2023_start..co2e_kg,7160.482346242579
out.emissions.electricity.exterior_lighting.lrmer_95_decarb_by_2050_30_2023_start..co2e_kg,5576.587558100376
out.emissions.electricity.exterior_lighting.lrmer_high_re_cost_15_2023_start..co2e_kg,11038.926927025
out.emissions.electricity.exterior_lighting.lrmer_high_re_cost_30_2023_start..co2e_kg,9566.253080549006
out.emissions.electricity.exterior_lighting.lrmer_low_re_cost_15_2023_start..co2e_kg,6969.534054175748
out.emissions.electricity.exterior_lighting.lrmer_low_re_cost_15_2025_start..co2e_kg,6088.6622120716
out.emissions.electricity.exterior_lighting.lrmer_low_re_cost_25_2025_start..co2e_kg,5618.223170091453
out.emissions.electricity.exterior_lighting.lrmer_low_re_cost_30_2023_start..co2e_kg,5941.2728311620895
out.emissions.electricity.exterior_lighting.lrmer_mid_case_15_2023_start..co2e_kg,6800.087129490933
out.emissions.electricity.exterior_lighting.lrmer_mid_case_15_2025_start..co2e_kg,10181.834715602783
out.emissions.electricity.exterior_lighting.lrmer_mid_case_25_2025_start..co2e_kg,8764.518629886083
out.emissions.electricity.exterior_lighting.lrmer_mid_case_30_2023_start..co2e_kg,6820.277238928831
out.emissions.electricity.heating.aer_95_decarb_by_2035_from_2023..co2e_kg,0.0
out.emissions.electricity.heating.aer_95_decarb_by_2050_from_2023..co2e_kg,0.0
out.emissions.electricity.heating.aer_high_re_cost_from_2023..co2e_kg,0.0
out.emissions.electricity.heating.aer_low_re_cost_from_2023..co2e_kg,0.0
out.emissions.electricity.heating.aer_mid_case_from_2023..co2e_kg,0.0
out.emissions.electricity.heating.egrid_2018_state..co2e_kg,0.0
out.emissions.electricity.heating.egrid_2018_subregion..co2e_kg,0.0
out.emissions.electricity.heating.egrid_2019_state..co2e_kg,0.0
out.emissions.electricity.heating.egrid_2019_subregion..co2e_kg,0.0
out.emissions.electricity.heating.egrid_2020_state..co2e_kg,0.0
out.emissions.electricity.heating.egrid_2020_subregion..co2e_kg,0.0
out.emissions.electricity.heating.egrid_2021_state..co2e_kg,0.0
out.emissions.electricity.heating.egrid_2021_subregion..co2e_kg,0.0
out.emissions.electricity.heating.lrmer_95_decarb_by_2035_15_2023_start..co2e_kg,0.0
out.emissions.electricity.heating.lrmer_95_decarb_by_2035_15_2025_start..co2e_kg,0.0
out.emissions.electricity.heating.lrmer_95_decarb_by_2035_25_2025_start..co2e_kg,0.0
out.emissions.electricity.heating.lrmer_95_decarb_by_2035_30_2023_start..co2e_kg,0.0
out.emissions.electricity.heating.lrmer_95_decarb_by_2050_15_2023_start..co2e_kg,0.0
out.emissions.electricity.heating.lrmer_95_decarb_by_2050_30_2023_start..co2e_kg,0.0
out.emissions.electricity.heating.lrmer_high_re_cost_15_2023_start..co2e_kg,0.0
out.emissions.electricity.heating.lrmer_high_re_cost_30_2023_start..co2e_kg,0.0
out.emissions.electricity.heating.lrmer_low_re_cost_15_2023_start..co2e_kg,0.0
out.emissions.electricity.heating.lrmer_low_re_cost_15_2025_start..co2e_kg,0.0
out.emissions.electricity.heating.lrmer_low_re_cost_25_2025_start..co2e_kg,0.0
out.emissions.electricity.heating.lrmer_low_re_cost_30_2023_start..co2e_kg,0.0
out.emissions.electricity.heating.lrmer_mid_case_15_2023_start..co2e_kg,0.0
out.emissions.electricity.heating.lrmer_mid_case_15_2025_start..co2e_kg,0.0
out.emissions.electricity.heating.lrmer_mid_case_25_2025_start..co2e_kg,0.0
out.emissions.electricity.heating.lrmer_mid_case_30_2023_start..co2e_kg,0.0
out.emissions.electricity.interior_equipment.aer_95_decarb_by_2035_from_2023..co2e_kg,3742.3283182933883
out.emissions.electricity.interior_equipment.aer_95_decarb_by_2050_from_2023..co2e_kg,3742.3283182933883
out.emissions.electricity.interior_equipment.aer_high_re_cost_from_2023..co2e_kg,3772.902286233749
out.emissions.electricity.interior_equipment.aer_low_re_cost_from_2023..co2e_kg,3725.3071512183824
out.emissions.electricity.interior_equipment.aer_mid_case_from_2023..co2e_kg,3748.4014786715966
out.emissions.electricity.interior_equipment.egrid_2018_state..co2e_kg,5947.3409457457365
out.emissions.electricity.interior_equipment.egrid_2018_subregion..co2e_kg,4559.151828620238
out.emissions.electricity.interior_equipment.egrid_2019_state..co2e_kg,5887.225069771111
out.emissions.electricity.interior_equipment.egrid_2019_subregion..co2e_kg,4245.616632240653
out.emissions.electricity.interior_equipment.egrid_2020_state..co2e_kg,5589.960071723429
out.emissions.electricity.interior_equipment.egrid_2020_subregion..co2e_kg,3772.085975853317
out.emissions.electricity.interior_equipment.egrid_2021_state..co2e_kg,5061.7931398359415
out.emissions.electricity.interior_equipment.egrid_2021_subregion..co2e_kg,3651.965146990592
out.emissions.electricity.interior_equipment.lrmer_95_decarb_by_2035_15_2023_start..co2e_kg,557.5681706155099
out.emissions.electricity.interior_equipment.lrmer_95_decarb_by_2035_15_2025_start..co2e_kg,1567.6878590439135
out.emissions.electricity.interior_equipment.lrmer_95_decarb_by_2035_25_2025_start..co2e_kg,1117.8212464871367
out.emissions.electricity.interior_equipment.lrmer_95_decarb_by_2035_30_2023_start..co2e_kg,339.6387893138086
out.emissions.electricity.interior_equipment.lrmer_95_decarb_by_2050_15_2023_start..co2e_kg,1584.3418425637979
out.emissions.electricity.interior_equipment.lrmer_95_decarb_by_2050_30_2023_start..co2e_kg,1263.3380474253263
out.emissions.electricity.interior_equipment.lrmer_high_re_cost_15_2023_start..co2e_kg,3116.4757289682375
out.emissions.electricity.interior_equipment.lrmer_high_re_cost_30_2023_start..co2e_kg,2606.532692272826
out.emissions.electricity.interior_equipment.lrmer_low_re_cost_15_2023_start..co2e_kg,1333.8323183036077
out.emissions.electricity.interior_equipment.lrmer_low_re_cost_15_2025_start..co2e_kg,1580.3318051568249
out.emissions.electricity.interior_equipment.lrmer_low_re_cost_25_2025_start..co2e_kg,1517.717507224659
out.emissions.electricity.interior_equipment.lrmer_low_re_cost_30_2023_start..co2e_kg,1167.6131947033673
out.emissions.electricity.interior_equipment.lrmer_mid_case_15_2023_start..co2e_kg,1528.2780147773053
out.emissions.electricity.interior_equipment.lrmer_mid_case_15_2025_start..co2e_kg,2830.8330638371317
out.emissions.electricity.interior_equipment.lrmer_mid_case_25_2025_start..co2e_kg,2427.3641806102596
out.emissions.electricity.interior_equipment.lrmer_mid_case_30_2023_start..co2e_kg,1591.438469025865
out.emissions.electricity.interior_equipment_fuel_oil_ghg_emissions..co2e_kg,0.0
out.emissions.electricity.interior_equipment_natural_gas_ghg_emissions..co2e_kg,0.0
out.emissions.electricity.interior_equipment_propane_ghg_emissions..co2e_kg,0.0
out.emissions.electricity.interior_lighting.aer_95_decarb_by_2035_from_2023..co2e_kg,8862.981157110813
out.emissions.electricity.interior_lighting.aer_95_decarb_by_2050_from_2023..co2e_kg,8862.981157110813
out.emissions.electricity.interior_lighting.aer_high_re_cost_from_2023..co2e_kg,8943.212992442432
out.emissions.electricity.interior_lighting.aer_low_re_cost_from_2023..co2e_kg,8817.567297389875
out.emissions.electricity.interior_lighting.aer_mid_case_from_2023..co2e_kg,8877.184505007339
out.emissions.electricity.interior_lighting.egrid_2018_state..co2e_kg,14710.125195659346
out.emissions.electricity.interior_lighting.egrid_2018_subregion..co2e_kg,11276.584745489748
out.emissions.electricity.interior_lighting.egrid_2019_state..co2e_kg,14561.43487003306
out.emissions.electricity.interior_lighting.egrid_2019_subregion..co2e_kg,10501.088261588235
out.emissions.electricity.interior_lighting.egrid_2020_state..co2e_kg,13826.181018360609
out.emissions.electricity.interior_lighting.egrid_2020_subregion..co2e_kg,9329.85975745763
out.emissions.electricity.interior_lighting.egrid_2021_state..co2e_kg,12519.815406711954
out.emissions.electricity.interior_lighting.egrid_2021_subregion..co2e_kg,9032.753462846924
out.emissions.electricity.interior_lighting.lrmer_95_decarb_by_2035_15_2023_start..co2e_kg,1129.6405378231434
out.emissions.electricity.interior_lighting.lrmer_95_decarb_by_2035_15_2025_start..co2e_kg,3746.3305602668333
out.emissions.electricity.interior_lighting.lrmer_95_decarb_by_2035_25_2025_start..co2e_kg,2671.4172978607935
out.emissions.electricity.interior_lighting.lrmer_95_decarb_by_2035_30_2023_start..co2e_kg,688.1737942139537
out.emissions.electricity.interior_lighting.lrmer_95_decarb_by_2050_15_2023_start..co2e_kg,3624.442728495152
out.emissions.electricity.interior_lighting.lrmer_95_decarb_by_2050_30_2023_start..co2e_kg,2909.4884514921355
out.emissions.electricity.interior_lighting.lrmer_high_re_cost_15_2023_start..co2e_kg,7505.015292010471
out.emissions.electricity.interior_lighting.lrmer_high_re_cost_30_2023_start..co2e_kg,6239.296721752002
out.emissions.electricity.interior_lighting.lrmer_low_re_cost_15_2023_start..co2e_kg,2950.941815314668
out.emissions.electricity.interior_lighting.lrmer_low_re_cost_15_2025_start..co2e_kg,3751.230652634814
out.emissions.electricity.interior_lighting.lrmer_low_re_cost_25_2025_start..co2e_kg,3640.5807353836503
out.emissions.electricity.interior_lighting.lrmer_low_re_cost_30_2023_start..co2e_kg,2606.812814742116
out.emissions.electricity.interior_lighting.lrmer_mid_case_15_2023_start..co2e_kg,3509.4322296218315
out.emissions.electricity.interior_lighting.lrmer_mid_case_15_2025_start..co2e_kg,6784.292706297996
out.emissions.electricity.interior_lighting.lrmer_mid_case_25_2025_start..co2e_kg,5822.433566035344
out.emissions.electricity.interior_lighting.lrmer_mid_case_30_2023_start..co2e_kg,3686.932357849198
out.emissions.electricity.lrmer_95_decarb_by_2035_15_2023_start..co2e_kg,15090.685036683948
out.emissions.electricity.lrmer_95_decarb_by_2035_15_2025_start..co2e_kg,37780.878905201454
out.emissions.electricity.lrmer_95_decarb_by_2035_25_2025_start..co2e_kg,27023.90786509391
out.emissions.electricity.lrmer_95_decarb_by_2035_30_2023_start..co2e_kg,9191.88492235816
out.emissions.electricity.lrmer_95_decarb_by_2050_15_2023_start..co2e_kg,39523.80435556286
out.emissions.electricity.lrmer_95_decarb_by_2050_30_2023_start..co2e_kg,31342.20162180432
out.emissions.electricity.lrmer_high_re_cost_15_2023_start..co2e_kg,74677.00903133333
out.emissions.electricity.lrmer_high_re_cost_30_2023_start..co2e_kg,62946.15122415466
out.emissions.electricity.lrmer_low_re_cost_15_2023_start..co2e_kg,33988.313996872865
out.emissions.electricity.lrmer_low_re_cost_15_2025_start..co2e_kg,38541.04355044749
out.emissions.electricity.lrmer_low_re_cost_25_2025_start..co2e_kg,37082.96074973598
out.emissions.electricity.lrmer_low_re_cost_30_2023_start..co2e_kg,29701.99982455576
out.emissions.electricity.lrmer_mid_case_15_2023_start..co2e_kg,37768.80644107067
out.emissions.electricity.lrmer_mid_case_15_2025_start..co2e_kg,68060.31415426923
out.emissions.electricity.lrmer_mid_case_25_2025_start..co2e_kg,58725.213580932206
out.emissions.electricity.lrmer_mid_case_30_2023_start..co2e_kg,39108.93933736627
out.emissions.electricity.refrigeration.aer_95_decarb_by_2035_from_2023..co2e_kg,10191.89327543155
out.emissions.electricity.refrigeration.aer_95_decarb_by_2050_from_2023..co2e_kg,10191.89327543155
out.emissions.electricity.refrigeration.aer_high_re_cost_from_2023..co2e_kg,10254.882854438301
out.emissions.electricity.refrigeration.aer_low_re_cost_from_2023..co2e_kg,10158.578055679136
out.emissions.electricity.refrigeration.aer_mid_case_from_2023..co2e_kg,10206.494933769616
out.emissions.electricity.refrigeration.egrid_2018_state..co2e_kg,14718.122086489599
out.emissions.electricity.refrigeration.egrid_2018_subregion..co2e_kg,11282.715054780005
out.emissions.electricity.refrigeration.egrid_2019_state..co2e_kg,14569.35092808414
out.emissions.electricity.refrigeration.egrid_2019_subregion..co2e_kg,10506.796986382198
out.emissions.electricity.refrigeration.egrid_2020_state..co2e_kg,13833.697369087235
out.emissions.electricity.refrigeration.egrid_2020_subregion..co2e_kg,9334.931765271947
out.emissions.electricity.refrigeration.egrid_2021_state..co2e_kg,12526.621575639187
out.emissions.electricity.refrigeration.egrid_2021_subregion..co2e_kg,9037.663954251871
out.emissions.electricity.refrigeration.lrmer_95_decarb_by_2035_15_2023_start..co2e_kg,1847.3086721854377
out.emissions.electricity.refrigeration.lrmer_95_decarb_by_2035_15_2025_start..co2e_kg,4160.666247707499
out.emissions.electricity.refrigeration.lrmer_95_decarb_by_2035_25_2025_start..co2e_kg,2977.7986404654207
out.emissions.electricity.refrigeration.lrmer_95_decarb_by_2035_30_2023_start..co2e_kg,1125.1661083953798
out.emissions.electricity.refrigeration.lrmer_95_decarb_by_2050_15_2023_start..co2e_kg,4498.785341573052
out.emissions.electricity.refrigeration.lrmer_95_decarb_by_2050_30_2023_start..co2e_kg,3549.416355134557
out.emissions.electricity.refrigeration.lrmer_high_re_cost_15_2023_start..co2e_kg,8193.85985625806
out.emissions.electricity.refrigeration.lrmer_high_re_cost_30_2023_start..co2e_kg,6927.391861707297
out.emissions.electricity.refrigeration.lrmer_low_re_cost_15_2023_start..co2e_kg,4002.3053730899883
out.emissions.electricity.refrigeration.lrmer_low_re_cost_15_2025_start..co2e_kg,4293.955040193796
out.emissions.electricity.refrigeration.lrmer_low_re_cost_25_2025_start..co2e_kg,4115.599838309524
out.emissions.electricity.refrigeration.lrmer_low_re_cost_30_2023_start..co2e_kg,3465.097962387698
out.emissions.electricity.refrigeration.lrmer_mid_case_15_2023_start..co2e_kg,4304.618672673992
out.emissions.electricity.refrigeration.lrmer_mid_case_15_2025_start..co2e_kg,7486.254458851134
out.emissions.electricity.refrigeration.lrmer_mid_case_25_2025_start..co2e_kg,6459.836663798807
out.emissions.electricity.refrigeration.lrmer_mid_case_30_2023_start..co2e_kg,4407.091926720878
out.emissions.electricity.water_systems.aer_95_decarb_by_2035_from_2023..co2e_kg,3098.8115386368245
out.emissions.electricity.water_systems.aer_95_decarb_by_2050_from_2023..co2e_kg,3098.8115386368245
out.emissions.electricity.water_systems.aer_high_re_cost_from_2023..co2e_kg,3127.5990072192812
out.emissions.electricity.water_systems.aer_low_re_cost_from_2023..co2e_kg,3082.075891434222
out.emissions.electricity.water_systems.aer_mid_case_from_2023..co2e_kg,3104.304724955734
out.emissions.electricity.water_systems.egrid_2018_state..co2e_kg,5228.557960187423
out.emissions.electricity.water_systems.egrid_2018_subregion..co2e_kg,4008.1424291450935
out.emissions.electricity.water_systems.egrid_2019_state..co2e_kg,5175.707561206075
out.emissions.electricity.water_systems.egrid_2019_subregion..co2e_kg,3732.500430177125
out.emissions.electricity.water_systems.egrid_2020_state..co2e_kg,4914.369378982117
out.emissions.electricity.water_systems.egrid_2020_subregion..co2e_kg,3316.199682425672
out.emissions.electricity.water_systems.egrid_2021_state..co2e_kg,4450.035579857403
out.emissions.electricity.water_systems.egrid_2021_subregion..co2e_kg,3210.5964016210332
out.emissions.electricity.water_systems.lrmer_95_decarb_by_2035_15_2023_start..co2e_kg,441.649182817095
out.emissions.electricity.water_systems.lrmer_95_decarb_by_2035_15_2025_start..co2e_kg,1326.377197419773
out.emissions.electricity.water_systems.lrmer_95_decarb_by_2035_25_2025_start..co2e_kg,939.8226054160311
out.emissions.electricity.water_systems.lrmer_95_decarb_by_2035_30_2023_start..co2e_kg,269.04406625918807
out.emissions.electricity.water_systems.lrmer_95_decarb_by_2050_15_2023_start..co2e_kg,1317.637922143823
out.emissions.electricity.water_systems.lrmer_95_decarb_by_2050_30_2023_start..co2e_kg,1054.8445856394071
out.emissions.electricity.water_systems.lrmer_high_re_cost_15_2023_start..co2e_kg,2660.6212417373945
out.emissions.electricity.water_systems.lrmer_high_re_cost_30_2023_start..co2e_kg,2216.04959478936
out.emissions.electricity.water_systems.lrmer_low_re_cost_15_2023_start..co2e_kg,1069.966947290076
out.emissions.electricity.water_systems.lrmer_low_re_cost_15_2025_start..co2e_kg,1332.3509737603326
out.emissions.electricity.water_systems.lrmer_low_re_cost_25_2025_start..co2e_kg,1256.5291845410736
out.emissions.electricity.water_systems.lrmer_low_re_cost_30_2023_start..co2e_kg,942.2321689637585
out.emissions.electricity.water_systems.lrmer_mid_case_15_2023_start..co2e_kg,1287.1296543994217
out.emissions.electricity.water_systems.lrmer_mid_case_15_2025_start..co2e_kg,2409.5128678958913
out.emissions.electricity.water_systems.lrmer_mid_case_25_2025_start..co2e_kg,2050.2442647779108
out.emissions.electricity.water_systems.lrmer_mid_case_30_2023_start..co2e_kg,1339.7273910301972
out.emissions.fuel_oil..co2e_kg,0.0
out.emissions.fuel_oil.enduse_group.hvac..co2e_kg,0.0
out.emissions.fuel_oil.heating..co2e_kg,0.0
out.emissions.fuel_oil.water_systems..co2e_kg,0.0
out.emissions.natural_gas..co2e_kg,56326.56118540994
out.emissions.natural_gas.enduse_group.hvac..co2e_kg,54419.68985364517
out.emissions.natural_gas.heating..co2e_kg,54419.68985364517
out.emissions.natural_gas.water_systems..co2e_kg,1906.871331764682
out.emissions.propane..co2e_kg,0.0
out.emissions.propane.enduse_group.hvac..co2e_kg,0.0
out.emissions.propane.heating..co2e_kg,0.0
out.emissions.propane.water_systems..co2e_kg,0.0
out.utility_bills.electricity_bill_intensity..usd_per_ft2,1.9398285714285715
out.utility_bills.electricity_bill_max..usd,41029.0
out.utility_bills.electricity_bill_mean..usd,33947.0
out.utility_bills.electricity_bill_median..usd,30977.0
out.utility_bills.electricity_bill_min..usd,29835.0
out.utility_bills.electricity_bill_number_of_rates..usd,3.0
out.utility_bills.electricity_energy_rate..usd_per_kwh,0.14981574785774707
out.utility_bills.electricity_utility_eia_id,17826
out.utility_bills.fuel_oil_bill..usd,
out.utility_bills.fuel_oil_bill_intensity..usd_per_ft2,
out.utility_bills.fuel_oil_rate_name,
out.utility_bills.natural_gas_bill..usd,8430.0
out.utility_bills.natural_gas_bill_intensity..usd_per_ft2,0.4817142857142857
out.utility_bills.natural_gas_energy_rate..usd_per_kwh,0.034119961774130084
out.utility_bills.natural_gas_rate_name,EIA 2022 Average Commercial Natural Gas Price for NM
out.utility_bills.propane_bill..usd,
out.utility_bills.propane_bill_intensity..usd_per_ft2,
out.utility_bills.propane_rate_name,
out.params.air_system_fan_power_minimum_flow_fraction,0.25
out.params.air_system_fan_static_pressure..inwc,6.320581273468001
out.params.air_system_fan_total_efficiency,0.6045
out.params.area_fraction_with_dcv,0.0
out.params.area_fraction_with_economizer,1.0
out.params.area_fraction_with_heat_recovery,0.0
out.params.area_fraction_with_motorized_oa_damper,1.0
out.params.area_fraction_with_mz_vav_optimization,0.0
out.params.area_fraction_with_supply_air_temperature_reset,0.0
out.params.area_fraction_with_unoccupied_shutdown,1.0
out.params.average_cooling_setpoint_max..c,24.444444444444503
out.params.average_cooling_setpoint_min..c,21.6666666666667
out.params.average_heating_setpoint_max..c,20.000000000000103
out.params.average_heating_setpoint_min..c,14.4444444444445
out.params.average_outdoor_air_fraction,0.569924944576436
out.params.average_roof_absorptance,0.6999999999999998
out.params.average_roof_u_value..btu_per_ft2_f_hr,0.07604535914548441
out.params.average_wall_u_value..btu_per_ft2_f_hr,0.16101592256526573
out.params.average_window_shgc,0.275
out.params.average_window_u_value..btu_per_ft2_f_hr,0.55774037
out.params.average_window_vlt,0.36
out.params.boiler_average_efficiency,0.7930000000000045
out.params.boiler_cap_weight_efficiency,0.793
out.params.boiler_capacity..kbtu_per_hr,899.7456874234254
out.params.boiler_electric..j,0.0
out.params.boiler_gas..j,859336039372.5619
out.params.boiler_load..j,681453479222.4454
out.params.boiler_load_weight_efficiency,0.793
out.params.boiler_other_fuel..j,0.0
out.params.booster_water_heater_electric..j,6431052472.228232
out.params.booster_water_heater_gas..j,0.0
out.params.broiler_fuel_type,Electric
out.params.building_fraction_cooled,1.0
out.params.building_fraction_heated,1.0
out.params.cdd50f,2863.3099598214158
out.params.cdd65f,812.893620535709
out.params.chiller_average_cop..cop,1.2978100751771375
out.params.chiller_capacity..tons,47.700925220464754
out.params.cooling_equipment_capacity..tons,47.700925220464754
out.params.daylight_control_fraction,0.0
out.params.design_chiller_cop..cop,2.6991557943208
out.params.design_outdoor_air_flow_rate..m3_per_m2_s,0.0027760429056120062
out.params.dining_type,None
out.params.dx_cooling_average_cop..cop,0.0
out.params.dx_cooling_capacity_tons..tons,0.0
out.params.dx_cooling_design_cop..cop,0.0
out.params.dx_cooling_design_eer_135_to_240_kbtuh..eer,0.0
out.params.dx_cooling_design_eer_240_to_760_kbtuh..eer,0.0
out.params.dx_cooling_design_eer_65_to_135_kbtuh..eer,0.0
out.params.dx_cooling_design_eer_760_plus_kbtuh..eer,0.0
out.params.dx_cooling_design_ieer_135_to_240_kbtuh..ieer,0.0
out.params.dx_cooling_design_ieer_240_to_760_kbtuh..ieer,0.0
out.params.dx_cooling_design_ieer_65_to_135_kbtuh..ieer,0.0
out.params.dx_cooling_design_ieer_760_plus_kbtuh..ieer,0.0
out.params.dx_cooling_design_seer_0_to_30_kbtuh..seer,0.0
out.params.dx_cooling_design_seer_30_to_65_kbtuh..seer,0.0
out.params.dx_cooling_electric..j,0.0
out.params.dx_cooling_load..j,0.0
out.params.dx_heating_average_cop..cop,0.0
out.params.dx_heating_average_minimum_operating_temperature..c,0.0
out.params.dx_heating_average_total_cop..cop,0.0
out.params.dx_heating_capacity_at_0f..kbtu_per_hr,0.0
out.params.dx_heating_capacity_at_17f..kbtu_per_hr,0.0
out.params.dx_heating_capacity_at_5f..kbtu_per_hr,0.0
out.params.dx_heating_capacity_at_rated..kbtu_per_hr,0.0
out.params.dx_heating_defrost_energy..kbtu,0.0
out.params.dx_heating_design_cop..cop,0.0
out.params.dx_heating_design_cop_0f..cop,0.0
out.params.dx_heating_design_cop_135_to_240_kbtuh..cop,0.0
out.params.dx_heating_design_cop_17f..cop,0.0
out.params.dx_heating_design_cop_240_plus_kbtuh..cop,0.0
out.params.dx_heating_design_cop_5f..cop,0.0
out.params.dx_heating_design_cop_65_to_135_kbtuh..cop,0.0
out.params.dx_heating_design_hspf_0_to_30_kbtuh..hspf,0.0
out.params.dx_heating_design_hspf_30_to_65_kbtuh..hspf,0.0
out.params.dx_heating_fraction_electric_defrost,0.0
out.params.dx_heating_fraction_electric_supplemental,0.0
out.params.dx_heating_fraction_supplemental,0.0
out.params.dx_heating_hours_below_minus_20f..hr,0.0
out.params.dx_heating_ratio_defrost,0.0
out.params.dx_heating_supplemental_capacity..kbtu_per_hr,0.0
out.params.dx_heating_supplemental_capacity_electric..kbtu_per_hr,0.0
out.params.dx_heating_supplemental_capacity_gas..kbtu_per_hr,0.0
out.params.dx_heating_total_dx_electric..j,0.0
out.params.dx_heating_total_dx_load..j,0.0
out.params.dx_heating_total_load..j,0.0
out.params.dx_heating_total_supplemental_electric..j,0.0
out.params.dx_heating_total_supplemental_gas..j,0.0
out.params.dx_heating_total_supplemental_load..j,0.0
out.params.dx_heating_total_supplemental_load_electric..j,0.0
out.params.dx_heating_total_supplemental_load_gas..j,0.0
out.params.economizer_control_type,FixedDryBulb
out.params.economizer_high_limit_enthalpy..j_per_kg,-999.0
out.params.economizer_high_limit_temperature..c,10.88
out.params.elevator_energy_consumption..kwh,0.0
out.params.ext_roof_area..m2,1625.8031999999944
out.params.ext_wall_area..m2,1739.5772604134672
out.params.ext_window_area..m2,111.04
out.params.exterior_lighting_power..w,6591.72
out.params.fluid_hx_demand_inlet_temp..c,-999.0
out.params.fluid_hx_demand_outlet_temp..c,-999.0
out.params.fluid_hx_supply_inlet_temp..c,-999.0
out.params.fluid_hx_supply_outlet_temp..c,-999.0
out.params.fluid_hx_transfer_energy..j,0.0
out.params.fryer_fuel_type,Gas
out.params.furnace_capacity..kbtu_per_hr,0.0
out.params.gas_coil_average_efficiency,0.0
out.params.ghx_borehole_depth..ft,0.0
out.params.ghx_flow_rate..ft3_per_min,0.0
out.params.ghx_num_boreholes,0.0
out.params.griddle_fuel_type,Electric
out.params.hdd50f,2530.2515877976302
out.params.hdd65f,5954.835248511924
out.params.heat_pump_cooling_average_cop..cop,0.0
out.params.heat_pump_cooling_cap_weight_cop..cop,0.0
out.params.heat_pump_cooling_capacity..kbtu_per_hr,0.0
out.params.heat_pump_cooling_load_weight_cop..cop,0.0
out.params.heat_pump_cooling_source_inlet_temp..c,-999.0
out.params.heat_pump_cooling_total_electric..j,0.0
out.params.heat_pump_cooling_total_load..j,0.0
out.params.heat_pump_heating_average_cop..cop,0.0
out.params.heat_pump_heating_cap_weight_cop..cop,0.0
out.params.heat_pump_heating_capacity..kbtu_per_hr,0.0
out.params.heat_pump_heating_load_weight_cop..cop,0.0
out.params.heat_pump_heating_source_inlet_temp..c,-999.0
out.params.heat_pump_heating_total_electric..j,0.0
out.params.heat_pump_heating_total_load..j,0.0
out.params.heating_equipment..kbtu_per_hr,899.7456874234254
out.params.hot_water_loop_boiler_fraction,1.0
out.params.hot_water_loop_heat_pump_fraction,0.0
out.params.hot_water_loop_load..j,681453479222.4454
out.params.hot_water_volume..m3,157.01287499866302
out.params.hours_above_65f..hr,1940.0
out.params.hours_below_0f..hr,0.0
out.params.hours_below_17f..hr,177.0
out.params.hours_below_50f..hr,4065.0
out.params.hours_below_5f..hr,5.0
out.params.hours_cooling_setpoint_not_met..hr,148.5
out.params.hours_heating_setpoint_not_met..hr,6134.5
out.params.hp_water_heater_0_to_40_gal_capacity..w,0.0
out.params.hp_water_heater_0_to_40_gal_cop..cop,0.0
out.params.hp_water_heater_0_to_40_gal_count,0.0
out.params.hp_water_heater_0_to_40_gal_total_volume..gal,0.0
out.params.hp_water_heater_40_to_65_gal_capacity..w,0.0
out.params.hp_water_heater_40_to_65_gal_cop..cop,0.0
out.params.hp_water_heater_40_to_65_gal_count,0.0
out.params.hp_water_heater_40_to_65_gal_total_volume..gal,0.0
out.params.hp_water_heater_65_to_90_gal_capacity..w,0.0
out.params.hp_water_heater_65_to_90_gal_cop..cop,0.0
out.params.hp_water_heater_65_to_90_gal_count,0.0
out.params.hp_water_heater_65_to_90_gal_total_volume..gal,0.0
out.params.hp_water_heater_90_plus_capacity..w,0.0
out.params.hp_water_heater_90_plus_gal_cop..cop,0.0
out.params.hp_water_heater_90_plus_gal_count,0.0
out.params.hp_water_heater_90_plus_gal_total_volume..gal,0.0
out.params.hp_water_heater_backup_electric..j,0.0
out.params.hp_water_heater_capacity..w,0.0
out.params.hp_water_heater_cop..cop,0.0
out.params.hp_water_heater_count,0.0
out.params.hp_water_heater_heat_pump_electric..j,0.0
out.params.hp_water_heater_heat_pump_output..j,0.0
out.params.hp_water_heater_tank_output..j,0.0
out.params.hp_water_heater_total_electric..j,0.0
out.params.hp_water_heater_total_output..j,0.0
out.params.hp_water_heater_total_volume..gal,0.0
out.params.hp_water_heater_unmet_heat_transfer_demand..j,0.0
out.params.hvac_count_boilers,1.0
out.params.hvac_count_boilers_0_to_300_kbtuh,0.0
out.params.hvac_count_boilers_2500_plus_kbtuh,0.0
out.params.hvac_count_boilers_300_to_2500_kbtuh,1.0
out.params.hvac_count_chillers_0_to_75_tons,1.0
out.params.hvac_count_chillers_150_to_300_tons,0.0
out.params.hvac_count_chillers_300_to_600_tons,0.0
out.params.hvac_count_chillers_600_plus_tons,0.0
out.params.hvac_count_chillers_75_to_150_tons,0.0
out.params.hvac_count_dx_cooling_0_to_30_kbtuh,0.0
out.params.hvac_count_dx_cooling_135_to_240_kbtuh,0.0
out.params.hvac_count_dx_cooling_240_to_760_kbtuh,0.0
out.params.hvac_count_dx_cooling_30_to_65_kbtuh,0.0
out.params.hvac_count_dx_cooling_65_to_135_kbtuh,0.0
out.params.hvac_count_dx_cooling_760_plus_kbtuh,0.0
out.params.hvac_count_dx_heating_0_to_30_kbtuh,0.0
out.params.hvac_count_dx_heating_135_to_240_kbtuh,0.0
out.params.hvac_count_dx_heating_240_plus_kbtuh,0.0
out.params.hvac_count_dx_heating_30_to_65_kbtuh,0.0
out.params.hvac_count_dx_heating_65_to_135_kbtuh,0.0
out.params.hvac_count_furnace_0_to_30_kbtuh,0.0
out.params.hvac_count_furnace_135_to_240_kbtuh,0.0
out.params.hvac_count_furnace_240_plus_kbtuh,0.0
out.params.hvac_count_furnace_30_to_65_kbtuh,0.0
out.params.hvac_count_furnace_65_to_135_kbtuh,0.0
out.params.hvac_count_heat_pumps_cooling,0.0
out.params.hvac_count_heat_pumps_heating,0.0
out.params.hvac_count_heat_pumps_heating_0_to_300_kbtuh,0.0
out.params.hvac_count_heat_pumps_heating_2500_plus_kbtuh,0.0
out.params.hvac_count_heat_pumps_heating_300_to_2500_kbtuh,0.0
out.params.interior_electric_equipment_eflh..hr,2732.9452750786577
out.params.interior_electric_equipment_power_density..w_per_ft2,0.20450057818036818
out.params.interior_lighting_eflh..hr,1574.5246182979936
out.params.interior_lighting_power_density..w_per_ft2,0.8780697282676838
out.params.internal_mass_area_ratio,2.0
out.params.non_hp_water_heater_0_to_40_gal_count,1.0
out.params.non_hp_water_heater_0_to_40_gal_total_volume..gal,6.0
out.params.non_hp_water_heater_40_to_65_gal_count,2.0
out.params.non_hp_water_heater_40_to_65_gal_total_volume..gal,80.0
out.params.non_hp_water_heater_65_to_90_gal_count,0.0
out.params.non_hp_water_heater_65_to_90_gal_total_volume..gal,0.0
out.params.non_hp_water_heater_90_plus_gal_count,0.0
out.params.non_hp_water_heater_90_plus_gal_total_volume..gal,0.0
out.params.non_hp_water_heater_count,3.0
out.params.non_hp_water_heater_electric..j,30958348705.05979
out.params.non_hp_water_heater_gas..j,30111220079.324444
out.params.non_hp_water_heater_other_fuel..j,0.0
out.params.non_hp_water_heater_total_volume_gal..gal,86.0
out.params.non_hp_water_heater_unmet_heat_transfer_demand..j,526986097.1885855
out.params.num_air_loops,1.0
out.params.num_air_loops_dcv,0.0
out.params.num_air_loops_economizer,1.0
out.params.num_air_loops_heat_recovery,0.0
out.params.num_broilers,0
out.params.num_errors,0.0
out.params.num_fryers,0
out.params.num_griddles,0
out.params.num_ovens,0
out.params.num_ranges,0
out.params.num_steamers,0
out.params.num_warnings,917917.0
out.params.number_of_spaces,14.0
out.params.number_of_surfaces,86.0
out.params.number_of_zones,14.0
out.params.occupant_density_ppl_per_m_2..people_per_m2,0.31999869971962325
out.params.occupant_eflh..hr,1222.2916944539331
out.params.oven_fuel_type,Gas
out.params.range_fuel_type,Gas
out.params.smallest_space_floor_area..m2,10.416617673417289
out.params.steamer_fuel_type,Electric
out.params.vrf_area_average_indoor_unit_cooling_capacity..w,0.0
out.params.vrf_area_average_indoor_unit_heating_capacity..w,0.0
out.params.vrf_average_line_height..m,0.0
out.params.vrf_average_line_length..m,0.0
out.params.vrf_average_num_compressors,0.0
out.params.vrf_average_outdoor_unit_cooling_capacity..w,0.0
out.params.vrf_average_outdoor_unit_heating_capacity..w,0.0
out.params.vrf_cooling_average_cop,0.0
out.params.vrf_cooling_design_cop,0.0
out.params.vrf_cooling_design_cop_110f,0.0
out.params.vrf_cooling_design_cop_35f,0.0
out.params.vrf_cooling_design_cop_60f,0.0
out.params.vrf_cooling_design_cop_85f,0.0
out.params.vrf_heating_average_cop,0.0
out.params.vrf_heating_average_total_cop,0.0
out.params.vrf_heating_design_cop,0.0
out.params.vrf_heating_design_cop_0f,0.0
out.params.vrf_heating_design_cop_20f,0.0
out.params.vrf_heating_design_cop_40f,0.0
out.params.vrf_heating_design_cop_minus22f,0.0
out.params.vrf_heating_fraction_supplemental,0.0
out.params.vrf_heating_total_supplemental_electric..j,0.0
out.params.vrf_heating_total_supplemental_gas..j,0.0
out.params.vrf_heating_total_supplemental_load..j,0.0
out.params.vrf_heating_total_supplemental_load_electric..j,0.0
out.params.vrf_heating_total_supplemental_load_gas..j,0.0
out.params.vrf_indoor_unit_count,0.0
out.params.vrf_outdoor_unit_count,0.0
out.params.vrf_temperature_type,
out.params.vrf_total_cooling_load..j,0.0
out.params.vrf_total_heat_recovery..j,0.0
out.params.vrf_total_heating_load..j,0.0
out.params.vrf_total_indoor_unit_cooling_capacity..w,0.0
out.params.vrf_total_indoor_unit_heating_capacity..w,0.0
out.params.vrf_total_outdoor_unit_cooling_capacity..w,0.0
out.params.vrf_total_outdoor_unit_heating_capacity..w,0.0
out.params.wa_hp_cooling_average_cop..cop,0.0
out.params.wa_hp_cooling_capacity..w,0.0
out.params.wa_hp_cooling_design_cop..cop,0.0
out.params.wa_hp_cooling_electric..j,0.0
out.params.wa_hp_cooling_load..j,0.0
out.params.wa_hp_heating_average_cop..cop,0.0
out.params.wa_hp_heating_capacity..w,0.0
out.params.wa_hp_heating_design_cop..cop,0.0
out.params.wa_hp_heating_electric..j,0.0
out.params.wa_hp_heating_load..j,0.0
out.params.window_to_wall_ratio,0.06
out.params.zone_hvac_fan_power_minimum_flow_fraction,0.0
out.params.zone_hvac_fan_static_pressure..inwc,0.0
out.params.zone_hvac_fan_total_efficiency,0.0
calc.emissions.total_with_cambium_mid_case_15y..co2e_kg,71417.24622209389
calc.emissions.total_with_egrid..co2e_kg,140923.6203407422
calc.enduse_group.district_cooling.hvac.energy_consumption..kwh,0.0
calc.enduse_group.district_heating.hvac.energy_consumption..kwh,0.0
calc.enduse_group.district_heating.water_systems.energy_consumption..kwh,0.0
calc.enduse_group.electricity.hvac.energy_consumption..kwh,131016.66666666667
calc.enduse_group.electricity.interior_equipment.energy_consumption..kwh,9780.555555555557
calc.enduse_group.electricity.lighting.energy_consumption..kwh,52986.11111111111
calc.enduse_group.electricity.refrigeration.energy_consumption..kwh,24208.333333333332
calc.enduse_group.electricity.water_systems.energy_consumption..kwh,8600.0
calc.enduse_group.natural_gas.hvac.energy_consumption..kwh,238705.55555555553
calc.enduse_group.natural_gas.interior_equipment.energy_consumption..kwh,0.0
calc.enduse_group.natural_gas.water_systems.energy_consumption..kwh,8363.888888888889
calc.enduse_group.other_fuel.hvac.energy_consumption..kwh,0.0
calc.enduse_group.other_fuel.interior_equipment.energy_consumption..kwh,0.0
calc.enduse_group.other_fuel.water_systems.energy_consumption..kwh,0.0
calc.enduse_group.site_energy.cooling.energy_consumption..kwh,56244.44444444445
calc.enduse_group.site_energy.heating.energy_consumption..kwh,238705.55555555553
calc.enduse_group.site_energy.hvac.energy_consumption..kwh,369722.2222222222
calc.enduse_group.site_energy.interior_equipment.energy_consumption..kwh,9780.555555555557
calc.enduse_group.site_energy.lighting.energy_consumption..kwh,52986.11111111111
calc.enduse_group.site_energy.refrigeration.energy_consumption..kwh,24208.333333333332
calc.enduse_group.site_energy.water_systems.energy_consumption..kwh,16963.88888888889
calc.percent_savings.district_cooling.cooling.energy_consumption..percent,0.0
calc.percent_savings.district_cooling.cooling.energy_consumption_intensity..percent,0.0
calc.percent_savings.district_cooling.total.energy_consumption..percent,0.0
calc.percent_savings.district_cooling.total.energy_consumption_intensity..percent,0.0
calc.percent_savings.district_heating.cooling.energy_consumption..percent,0.0
calc.percent_savings.district_heating.cooling.energy_consumption_intensity..percent,0.0
calc.percent_savings.district_heating.heating.energy_consumption..percent,0.0
calc.percent_savings.district_heating.heating.energy_consumption_intensity..percent,0.0
calc.percent_savings.district_heating.total.energy_consumption..percent,0.0
calc.percent_savings.district_heating.total.energy_consumption_intensity..percent,0.0
calc.percent_savings.district_heating.water_systems.energy_consumption..percent,0.0
calc.percent_savings.district_heating.water_systems.energy_consumption_intensity..percent,0.0
calc.percent_savings.electricity.cooling.energy_consumption..percent,0.0
calc.percent_savings.electricity.cooling.energy_consumption_intensity..percent,0.0
calc.percent_savings.electricity.exterior_lighting.energy_consumption..percent,0.0
calc.percent_savings.electricity.exterior_lighting.energy_consumption_intensity..percent,0.0
calc.percent_savings.electricity.fans.energy_consumption..percent,0.0
calc.percent_savings.electricity.fans.energy_consumption_intensity..percent,0.0
calc.percent_savings.electricity.heat_recovery.energy_consumption..percent,0.0
calc.percent_savings.electricity.heat_recovery.energy_consumption_intensity..percent,0.0
calc.percent_savings.electricity.heat_rejection.energy_consumption..percent,0.0
calc.percent_savings.electricity.heat_rejection.energy_consumption_intensity..percent,0.0
calc.percent_savings.electricity.heating.energy_consumption..percent,0.0
calc.percent_savings.electricity.heating.energy_consumption_intensity..percent,0.0
calc.percent_savings.electricity.interior_equipment.energy_consumption..percent,0.0
calc.percent_savings.electricity.interior_equipment.energy_consumption_intensity..percent,0.0
calc.percent_savings.electricity.interior_lighting.energy_consumption..percent,0.0
calc.percent_savings.electricity.interior_lighting.energy_consumption_intensity..percent,0.0
calc.percent_savings.electricity.pumps.energy_consumption..percent,0.0
calc.percent_savings.electricity.pumps.energy_consumption_intensity..percent,0.0
calc.percent_savings.electricity.refrigeration.energy_consumption..percent,0.0
calc.percent_savings.electricity.refrigeration.energy_consumption_intensity..percent,0.0
calc.percent_savings.electricity.total.energy_consumption..percent,0.0
calc.percent_savings.electricity.total.energy_consumption_intensity..percent,0.0
calc.percent_savings.electricity.water_systems.energy_consumption..percent,0.0
calc.percent_savings.electricity.water_systems.energy_consumption_intensity..percent,0.0
calc.percent_savings.natural_gas.cooling.energy_consumption..percent,0.0
calc.percent_savings.natural_gas.cooling.energy_consumption_intensity..percent,0.0
calc.percent_savings.natural_gas.heating.energy_consumption..percent,0.0
calc.percent_savings.natural_gas.heating.energy_consumption_intensity..percent,0.0
calc.percent_savings.natural_gas.interior_equipment.energy_consumption..percent,0.0
calc.percent_savings.natural_gas.interior_equipment.energy_consumption_intensity..percent,0.0
calc.percent_savings.natural_gas.total.energy_consumption..percent,0.0
calc.percent_savings.natural_gas.total.energy_consumption_intensity..percent,0.0
calc.percent_savings.natural_gas.water_systems.energy_consumption..percent,0.0
calc.percent_savings.natural_gas.water_systems.energy_consumption_intensity..percent,0.0
calc.percent_savings.other_fuel.cooling.energy_consumption..percent,0.0
calc.percent_savings.other_fuel.cooling.energy_consumption_intensity..percent,0.0
calc.percent_savings.other_fuel.heating.energy_consumption..percent,0.0
calc.percent_savings.other_fuel.heating.energy_consumption_intensity..percent,0.0
calc.percent_savings.other_fuel.interior_equipment.energy_consumption..percent,0.0
calc.percent_savings.other_fuel.interior_equipment.energy_consumption_intensity..percent,0.0
calc.percent_savings.other_fuel.total.energy_consumption..percent,0.0
calc.percent_savings.other_fuel.total.energy_consumption_intensity..percent,0.0
calc.percent_savings.other_fuel.water_systems.energy_consumption..percent,0.0
calc.percent_savings.other_fuel.water_systems.energy_consumption_intensity..percent,0.0
calc.percent_savings.site_energy.total.energy_consumption..percent,0.0
calc.percent_savings.site_energy.total.energy_consumption_intensity..percent,0.0
calc.segment,D: Buildings with Hydronically Heated Multizone Systems
calc.weighted.district_cooling.cooling.energy_consumption..tbtu,0.0
calc.weighted.district_cooling.total.energy_consumption..tbtu,0.0
calc.weighted.district_heating.cooling.energy_consumption..tbtu,0.0
calc.weighted.district_heating.heating.energy_consumption..tbtu,0.0
calc.weighted.district_heating.total.energy_consumption..tbtu,0.0
calc.weighted.district_heating.water_systems.energy_consumption..tbtu,0.0
calc.weighted.electricity.cooling.energy_consumption..tbtu,0.001461237876293253
calc.weighted.electricity.exterior_lighting.energy_consumption..tbtu,0.0007480111906252256
calc.weighted.electricity.fans.energy_consumption..tbtu,0.0017296270338364476
calc.weighted.electricity.heat_recovery.energy_consumption..tbtu,0.0
calc.weighted.electricity.heat_rejection.energy_consumption..tbtu,0.0
calc.weighted.electricity.heating.energy_consumption..tbtu,0.0
calc.weighted.electricity.interior_equipment.energy_consumption..tbtu,0.0002541000870421051
calc.weighted.electricity.interior_lighting.energy_consumption..tbtu,0.0006285747680024809
calc.weighted.electricity.pumps.energy_consumption..tbtu,0.00021296488408442262
calc.weighted.electricity.refrigeration.energy_consumption..tbtu,0.0006289356031161447
calc.weighted.electricity.total.energy_consumption..tbtu,0.005886880545380754
calc.weighted.electricity.water_systems.energy_consumption..tbtu,0.00022342910238067515
calc.weighted.emissions.electricity.egrid_2021_subregion..co2e_mmt,0.0006441240362033897
calc.weighted.emissions.electricity.lrmer_high_re_cost_15_2023_start..co2e_mmt,0.0005685925367752872
calc.weighted.emissions.electricity.lrmer_low_re_cost_15_2023_start..co2e_mmt,0.0002587878374733549
calc.weighted.emissions.fuel_oil..co2e_mmt,0.0
calc.weighted.emissions.natural_gas..co2e_mmt,0.0004288717870155015
calc.weighted.emissions.propane..co2e_mmt,0.0
calc.weighted.emissions.total_with_cambium_mid_case_15y..co2e_mmt,0.000543772624609101
calc.weighted.emissions.total_with_egrid..co2e_mmt,0.0010729958232188913
calc.weighted.enduse_group.district_cooling.hvac.energy_consumption..tbtu,0.0
calc.weighted.enduse_group.district_heating.hvac.energy_consumption..tbtu,0.0
calc.weighted.enduse_group.district_heating.interior_equipment.energy_consumption..tbtu,0.0
calc.weighted.enduse_group.district_heating.water_systems.energy_consumption..tbtu,0.0
calc.weighted.enduse_group.electricity.hvac.emissions.egrid_2021_subregion..co2e_mmt,0.00037243639796953745
calc.weighted.enduse_group.electricity.hvac.energy_consumption..tbtu,0.003403829794214123
calc.weighted.enduse_group.electricity.interior_equipment.emissions.egrid_2021_subregion..co2e_mmt,2.7802835882855055e-05
calc.weighted.enduse_group.electricity.interior_equipment.energy_consumption..tbtu,0.0002541000870421051
calc.weighted.enduse_group.electricity.lighting.emissions.egrid_2021_subregion..co2e_mmt,0.00015062172521029823
calc.weighted.enduse_group.electricity.lighting.energy_consumption..tbtu,0.0013765859586277061
calc.weighted.enduse_group.electricity.refrigeration.emissions.egrid_2021_subregion..co2e_mmt,6.881616436213626e-05
calc.weighted.enduse_group.electricity.refrigeration.energy_consumption..tbtu,0.0006289356031161447
calc.weighted.enduse_group.electricity.water_systems.emissions.egrid_2021_subregion..co2e_mmt,2.444691277856269e-05
calc.weighted.enduse_group.electricity.water_systems.energy_consumption..tbtu,0.00022342910238067515
calc.weighted.enduse_group.natural_gas.hvac.emissions..co2e_mmt,0.00041435345601652826
calc.weighted.enduse_group.natural_gas.hvac.energy_consumption..tbtu,0.006201600931518391
calc.weighted.enduse_group.natural_gas.interior_equipment.emissions..co2e_mmt,0.0
calc.weighted.enduse_group.natural_gas.interior_equipment.energy_consumption..tbtu,0.0
calc.weighted.enduse_group.natural_gas.water_systems.emissions..co2e_mmt,1.4518330998973241e-05
calc.weighted.enduse_group.natural_gas.water_systems.energy_consumption..tbtu,0.00021729490544838918
calc.weighted.enduse_group.other_fuel.hvac.emissions..co2e_mmt,0.0
calc.weighted.enduse_group.other_fuel.hvac.energy_consumption..tbtu,0.0
calc.weighted.enduse_group.other_fuel.interior_equipment.emissions..co2e_mmt,0.0
calc.weighted.enduse_group.other_fuel.interior_equipment.energy_consumption..tbtu,0.0
calc.weighted.enduse_group.other_fuel.water_systems.emissions..co2e_mmt,0.0
calc.weighted.enduse_group.other_fuel.water_systems.energy_consumption..tbtu,0.0
calc.weighted.enduse_group.site_energy.hvac.emissions..co2e_mmt,0.0008375405767745013
calc.weighted.enduse_group.site_energy.hvac.energy_consumption..tbtu,0.009605430725732514
calc.weighted.enduse_group.site_energy.interior_equipment.emissions..co2e_mmt,2.215612600167558e-05
calc.weighted.enduse_group.site_energy.interior_equipment.energy_consumption..tbtu,0.0002541000870421051
calc.weighted.enduse_group.site_energy.lighting.emissions..co2e_mmt,0.00012003070249416687
calc.weighted.enduse_group.site_energy.lighting.energy_consumption..tbtu,0.0013765859586277061
calc.weighted.enduse_group.site_energy.refrigeration.emissions..co2e_mmt,5.48397154514634e-05
calc.weighted.enduse_group.site_energy.refrigeration.energy_consumption..tbtu,0.0006289356031161447
calc.weighted.enduse_group.site_energy.water_systems.emissions..co2e_mmt,3.8428702497084e-05
calc.weighted.enduse_group.site_energy.water_systems.energy_consumption..tbtu,0.0004407240078290644
calc.weighted.natural_gas.cooling.energy_consumption..tbtu,0.0
calc.weighted.natural_gas.heating.energy_consumption..tbtu,0.006201600931518391
calc.weighted.natural_gas.interior_equipment.energy_consumption..tbtu,0.0
calc.weighted.natural_gas.total.energy_consumption..tbtu,0.00641889583696678
calc.weighted.natural_gas.water_systems.energy_consumption..tbtu,0.00021729490544838918
calc.weighted.other_fuel.cooling.energy_consumption..tbtu,0.0
calc.weighted.other_fuel.heating.energy_consumption..tbtu,0.0
calc.weighted.other_fuel.interior_equipment.energy_consumption..tbtu,0.0
calc.weighted.other_fuel.total.energy_consumption..tbtu,0.0
calc.weighted.other_fuel.water_systems.energy_consumption..tbtu,0.0
calc.weighted.savings.district_cooling.cooling.energy_consumption..tbtu,0.0
calc.weighted.savings.district_cooling.total.energy_consumption..tbtu,0.0
calc.weighted.savings.district_heating.cooling.energy_consumption..tbtu,0.0
calc.weighted.savings.district_heating.heating.energy_consumption..tbtu,0.0
calc.weighted.savings.district_heating.total.energy_consumption..tbtu,0.0
calc.weighted.savings.district_heating.water_systems.energy_consumption..tbtu,0.0
calc.weighted.savings.electricity.cooling.energy_consumption..tbtu,0.0
calc.weighted.savings.electricity.exterior_lighting.energy_consumption..tbtu,0.0
calc.weighted.savings.electricity.fans.energy_consumption..tbtu,0.0
calc.weighted.savings.electricity.heat_recovery.energy_consumption..tbtu,0.0
calc.weighted.savings.electricity.heat_rejection.energy_consumption..tbtu,0.0
calc.weighted.savings.electricity.heating.energy_consumption..tbtu,0.0
calc.weighted.savings.electricity.interior_equipment.energy_consumption..tbtu,0.0
calc.weighted.savings.electricity.interior_lighting.energy_consumption..tbtu,0.0
calc.weighted.savings.electricity.pumps.energy_consumption..tbtu,0.0
calc.weighted.savings.electricity.refrigeration.energy_consumption..tbtu,0.0
calc.weighted.savings.electricity.total.energy_consumption..tbtu,0.0
calc.weighted.savings.electricity.water_systems.energy_consumption..tbtu,0.0
calc.weighted.savings.natural_gas.cooling.energy_consumption..tbtu,0.0
calc.weighted.savings.natural_gas.heating.energy_consumption..tbtu,0.0
calc.weighted.savings.natural_gas.interior_equipment.energy_consumption..tbtu,0.0
calc.weighted.savings.natural_gas.total.energy_consumption..tbtu,0.0
calc.weighted.savings.natural_gas.water_systems.energy_consumption..tbtu,0.0
calc.weighted.savings.other_fuel.cooling.energy_consumption..tbtu,0.0
calc.weighted.savings.other_fuel.heating.energy_consumption..tbtu,0.0
calc.weighted.savings.other_fuel.interior_equipment.energy_consumption..tbtu,0.0
calc.weighted.savings.other_fuel.total.energy_consumption..tbtu,0.0
calc.weighted.savings.other_fuel.water_systems.energy_consumption..tbtu,0.0
calc.weighted.savings.site_energy.total.energy_consumption..tbtu,0.0
calc.weighted.site_energy.total.energy_consumption..tbtu,0.012305776382347535
