system_id,geocode,Bus  Number,Bus  Name,bus_latitude,bus_longitude,county,state,tzoffset,facility,plant_latitude,plant_longitude,plant_fractional_capacity_MW,generator,plant_capacity_MW,aggregated_bus_fractional_capacity_MW,min_measured_date,max_measured_date,turbine_rating_MW,rotor_diameter_m,hub_height_m,max_rotor_tip_speed,tip_speed_ratio,max_cp,drivetrain_design,cut_in_wind_speed_m/s,cut_out_wind_speed_m/s,shear_exponent,altitude_m,num_turbines,calculated_capacity_MW,capacity_diff_MW
1,9mtzm4,2000,MEXICO,32.227887,-115.436076,9mvgzn,CA,-8,,,,,,,0.0,1/1/2018,12/30/2022,2.8,125,90,80,8,0.47,Geared,3,25,0.143,450,0,0.0,0.0
2,9muccv,2201,MIGUEL,32.680823,-116.982615,9mugye,CA,-8,KUMEYAAY_WIND,32.7056,-116.3425,50.0,WT,50.0,50.0,1/1/2018,12/30/2022,2.8,125,90,80,8,0.47,Geared,3,25,0.143,450,18,50.4,-0.3999999999999986
3,9mudw2,2203,MISSION,32.784153,-117.137829,9mugye,CA,-8,,,,,,,0.0,1/1/2018,12/30/2022,2.8,125,90,80,8,0.47,Geared,3,25,0.143,450,0,0.0,0.0
4,9mumuf,2503,S.ONOFRE,33.370212,-117.557619,9mupxf,CA,-8,,,,,,,0.0,1/1/2018,12/30/2022,2.8,125,90,80,8,0.47,Geared,3,25,0.143,450,0,0.0,0.0
5,9mupsy,2610,HAYNES,33.697565,-117.911364,9mupxf,CA,-8,,,,,,,0.0,1/1/2018,12/30/2022,2.8,125,90,80,8,0.47,Geared,3,25,0.143,450,0,0.0,0.0
6,9mvffm,2301,IMPRLVLY,32.856407,-115.56459,9mvgzn,CA,-8,OCOTILLO_EXPRESS_LLC,32.7528,-116.0447,265.4,WT,265.4,265.4,1/1/2018,12/30/2022,2.8,125,90,80,8,0.47,Geared,3,25,0.143,450,95,266.0,-0.6000000000000227
7,9mvgw4,2100,IMPERIAL,32.971469,-115.394435,9mvgzn,CA,-8,,,,,,,0.0,1/1/2018,12/30/2022,2.8,125,90,80,8,0.47,Geared,3,25,0.143,450,0,0.0,0.0
8,9mzqxj,1401,PALOVRDE,33.513802,-113.239936,9tbj8n,AZ,-7,,,,,,,0.0,1/1/2018,12/30/2022,2.8,125,90,80,8,0.47,Geared,3,25,0.143,450,0,0.0,0.0
9,9pr8ne,3601,HUMBOLDT,40.801944,-124.163611,9ppzef,CA,-8,,,,,,,0.0,1/1/2018,12/30/2022,2.8,125,90,80,8,0.47,Geared,3,25,0.143,450,0,0.0,0.0
10,9q5bwz,2407,LITEHIPE,33.879856,-118.175222,9q5fsc,CA,-8,,,,,,,0.0,1/1/2018,12/30/2022,2.8,125,90,80,8,0.47,Geared,3,25,0.143,450,0,0.0,0.0
11,9q5cts,2613,RIVER,34.037697,-118.230212,9q5fsc,CA,-8,,,,,,,0.0,1/1/2018,12/30/2022,2.8,125,90,80,8,0.47,Geared,3,25,0.143,450,0,0.0,0.0
12,9q5cw0,2605,STA B1,34.015353,-118.204015,9q5fsc,CA,-8,,,,,,,0.0,1/1/2018,12/30/2022,2.8,125,90,80,8,0.47,Geared,3,25,0.143,450,0,0.0,0.0
13,9q5dy2,2618,STA J,34.234263,-118.550256,9q5fsc,CA,-8,,,,,,,0.0,1/1/2018,12/30/2022,2.8,125,90,80,8,0.47,Geared,3,25,0.143,450,0,0.0,0.0
14,9q5epc,2601,RINALDI,34.285768,-118.484219,9q5fsc,CA,-8,,,,,,,0.0,1/1/2018,12/30/2022,2.8,125,90,80,8,0.47,Geared,3,25,0.143,450,0,0.0,0.0
15,9q5epx,2405,SYLMAR S,34.317296,-118.495046,9q5fsc,CA,-8,,,,,,,0.0,1/1/2018,12/30/2022,2.8,125,90,80,8,0.47,Geared,3,25,0.143,450,0,0.0,0.0
16,9q5evq,2410,PARDEE,34.442694,-118.58844,9q5fsc,CA,-8,,,,,,,0.0,1/1/2018,12/30/2022,2.8,125,90,80,8,0.47,Geared,3,25,0.143,450,0,0.0,0.0
17,9q5f6t,2602,STA E,34.176429,-118.360306,9q5fsc,CA,-8,,,,,,,0.0,1/1/2018,12/30/2022,2.8,125,90,80,8,0.47,Geared,3,25,0.143,450,0,0.0,0.0
18,9q5fj1,2617,STA G,34.10948,-118.254629,9q5fsc,CA,-8,,,,,,,0.0,1/1/2018,12/30/2022,2.8,125,90,80,8,0.47,Geared,3,25,0.143,450,0,0.0,0.0
19,9q5fm0,2609,GLENDAL,34.146111,-118.255,9q5fsc,CA,-8,,,,,,,0.0,1/1/2018,12/30/2022,2.8,125,90,80,8,0.47,Geared,3,25,0.143,450,0,0.0,0.0
20,9q5fq8,2406,EAGLROCK,34.150436,-118.184526,9q5fsc,CA,-8,,,,,,,0.0,1/1/2018,12/30/2022,2.8,125,90,80,8,0.47,Geared,3,25,0.143,450,0,0.0,0.0
21,9q5g0q,2611,OLIVE,34.31131,-118.455696,9q5fsc,CA,-8,,,,,,,0.0,1/1/2018,12/30/2022,2.8,125,90,80,8,0.47,Geared,3,25,0.143,450,0,0.0,0.0
22,9q5sgb,2608,CASTAIC,34.589863,-118.663274,9q573n,CA,-8,,,,,,,0.0,1/1/2018,12/30/2022,2.8,125,90,80,8,0.47,Geared,3,25,0.143,450,0,0.0,0.0
23,9q5zqv,2902,MOHAVE,35.0525,-118.173889,9q7944,CA,-8,MANZANA_WIND_LLC,34.9349,-118.4612,189.0,WT,189.0,3931.9,1/1/2018,12/30/2022,2.8,125,90,80,8,0.47,Geared,3,25,0.143,450,1404,3931.2,0.7000000000002728
23,9q5zqv,2902,MOHAVE,35.0525,-118.173889,9q7944,CA,-8,PINYON_PINE_I,35.0434,-118.2118,168.0,WT,168.0,3931.9,1/1/2018,12/30/2022,2.8,125,90,80,8,0.47,Geared,3,25,0.143,450,1404,3931.2,0.7000000000002728
23,9q5zqv,2902,MOHAVE,35.0525,-118.173889,9q7944,CA,-8,ALTA_WIND_ENERGY_CENTER_V,35.0086,-118.2422,168.0,WT,168.0,3931.9,1/1/2018,12/30/2022,2.8,125,90,80,8,0.47,Geared,3,25,0.143,450,1404,3931.2,0.7000000000002728
23,9q5zqv,2902,MOHAVE,35.0525,-118.173889,9q7944,CA,-8,ALTA_WIND_ENERGY_CENTER_IV,35.0086,-118.2422,168.0,WT,168.0,3931.9,1/1/2018,12/30/2022,2.8,125,90,80,8,0.47,Geared,3,25,0.143,450,1404,3931.2,0.7000000000002728
23,9q5zqv,2902,MOHAVE,35.0525,-118.173889,9q7944,CA,-8,ALTA_WIND_ENERGY_CENTER_V,35.0086,-118.2422,102.0,WT,102.0,3931.9,1/1/2018,12/30/2022,2.8,125,90,80,8,0.47,Geared,3,25,0.143,450,1404,3931.2,0.7000000000002728
23,9q5zqv,2902,MOHAVE,35.0525,-118.173889,9q7944,CA,-8,ALTA_WIND_ENERGY_CENTER_IV,35.0086,-118.2422,102.0,WT,102.0,3931.9,1/1/2018,12/30/2022,2.8,125,90,80,8,0.47,Geared,3,25,0.143,450,1404,3931.2,0.7000000000002728
23,9q5zqv,2902,MOHAVE,35.0525,-118.173889,9q7944,CA,-8,NORTH_SKY_RIVER_ENERGY_LLC,35.3478,-118.1864,162.0,WT,162.0,3931.9,1/1/2018,12/30/2022,2.8,125,90,80,8,0.47,Geared,3,25,0.143,450,1404,3931.2,0.7000000000002728
23,9q5zqv,2902,MOHAVE,35.0525,-118.173889,9q7944,CA,-8,PACIFIC_WIND_LLC,34.8914,-118.4325,151.7,WT,151.7,3931.9,1/1/2018,12/30/2022,2.8,125,90,80,8,0.47,Geared,3,25,0.143,450,1404,3931.2,0.7000000000002728
23,9q5zqv,2902,MOHAVE,35.0525,-118.173889,9q7944,CA,-8,ALTA_WIND_ENERGY_CENTER_II,35.0239,-118.2953,150.0,WT,150.0,3931.9,1/1/2018,12/30/2022,2.8,125,90,80,8,0.47,Geared,3,25,0.143,450,1404,3931.2,0.7000000000002728
23,9q5zqv,2902,MOHAVE,35.0525,-118.173889,9q7944,CA,-8,ALTA_WIND_ENERGY_CENTER_I,35.0337,-118.3534,150.0,WT,150.0,3931.9,1/1/2018,12/30/2022,2.8,125,90,80,8,0.47,Geared,3,25,0.143,450,1404,3931.2,0.7000000000002728
23,9q5zqv,2902,MOHAVE,35.0525,-118.173889,9q7944,CA,-8,ALTA_WIND_VIII,35.0267,-118.2348,150.0,WT,150.0,3931.9,1/1/2018,12/30/2022,2.8,125,90,80,8,0.47,Geared,3,25,0.143,450,1404,3931.2,0.7000000000002728
23,9q5zqv,2902,MOHAVE,35.0525,-118.173889,9q7944,CA,-8,MUSTANG_HILLS_LLC,35.0309,-118.2932,150.0,WT,150.0,3931.9,1/1/2018,12/30/2022,2.8,125,90,80,8,0.47,Geared,3,25,0.143,450,1404,3931.2,0.7000000000002728
23,9q5zqv,2902,MOHAVE,35.0525,-118.173889,9q7944,CA,-8,ALTA_WIND_ENERGY_CENTER_III,35.0241,-118.2963,150.0,WT,150.0,3931.9,1/1/2018,12/30/2022,2.8,125,90,80,8,0.47,Geared,3,25,0.143,450,1404,3931.2,0.7000000000002728
23,9q5zqv,2902,MOHAVE,35.0525,-118.173889,9q7944,CA,-8,ALTA_WIND_X,35.06,-118.2,138.0,WT,138.0,3931.9,1/1/2018,12/30/2022,2.8,125,90,80,8,0.47,Geared,3,25,0.143,450,1404,3931.2,0.7000000000002728
23,9q5zqv,2902,MOHAVE,35.0525,-118.173889,9q7944,CA,-8,PINE_TREE_WIND_POWER_PROJECT,35.2473,-118.1759,135.0,WT,135.0,3931.9,1/1/2018,12/30/2022,2.8,125,90,80,8,0.47,Geared,3,25,0.143,450,1404,3931.2,0.7000000000002728
23,9q5zqv,2902,MOHAVE,35.0525,-118.173889,9q7944,CA,-8,PINYON_PINE_II,35.0268,-118.2233,132.0,WT,132.0,3931.9,1/1/2018,12/30/2022,2.8,125,90,80,8,0.47,Geared,3,25,0.143,450,1404,3931.2,0.7000000000002728
23,9q5zqv,2902,MOHAVE,35.0525,-118.173889,9q7944,CA,-8,WINDSTAR_1,35.0542,-118.3547,120.0,WT,120.0,3931.9,1/1/2018,12/30/2022,2.8,125,90,80,8,0.47,Geared,3,25,0.143,450,1404,3931.2,0.7000000000002728
23,9q5zqv,2902,MOHAVE,35.0525,-118.173889,9q7944,CA,-8,BROOKFIELD_TEHACHAPI_1,35.0083,-118.2414,102.0,WT,102.0,3931.9,1/1/2018,12/30/2022,2.8,125,90,80,8,0.47,Geared,3,25,0.143,450,1404,3931.2,0.7000000000002728
23,9q5zqv,2902,MOHAVE,35.0525,-118.173889,9q7944,CA,-8,RISING_TREE_WIND_FARM_III,35.0606,-118.2433,99.0,WT,99.0,3931.9,1/1/2018,12/30/2022,2.8,125,90,80,8,0.47,Geared,3,25,0.143,450,1404,3931.2,0.7000000000002728
23,9q5zqv,2902,MOHAVE,35.0525,-118.173889,9q7944,CA,-8,ALTA_WIND_XI,35.065,-118.39,90.0,WT,90.0,3931.9,1/1/2018,12/30/2022,2.8,125,90,80,8,0.47,Geared,3,25,0.143,450,1404,3931.2,0.7000000000002728
23,9q5zqv,2902,MOHAVE,35.0525,-118.173889,9q7944,CA,-8,RISING_TREE_WIND_FARM,35.0775,-118.2183,79.2,WT,79.2,3931.9,1/1/2018,12/30/2022,2.8,125,90,80,8,0.47,Geared,3,25,0.143,450,1404,3931.2,0.7000000000002728
23,9q5zqv,2902,MOHAVE,35.0525,-118.173889,9q7944,CA,-8,OASIS_WIND,35.0609,-118.2924,60.0,WT,60.0,3931.9,1/1/2018,12/30/2022,2.8,125,90,80,8,0.47,Geared,3,25,0.143,450,1404,3931.2,0.7000000000002728
23,9q5zqv,2902,MOHAVE,35.0525,-118.173889,9q7944,CA,-8,CAMERON_RIDGE_LLC,35.0756,-118.3156,59.6,WT,59.6,3931.9,1/1/2018,12/30/2022,2.8,125,90,80,8,0.47,Geared,3,25,0.143,450,1404,3931.2,0.7000000000002728
23,9q5zqv,2902,MOHAVE,35.0525,-118.173889,9q7944,CA,-8,RIDGETOP,35.0697,-118.3167,46.8,WT,46.8,3931.9,1/1/2018,12/30/2022,2.8,125,90,80,8,0.47,Geared,3,25,0.143,450,1404,3931.2,0.7000000000002728
23,9q5zqv,2902,MOHAVE,35.0525,-118.173889,9q7944,CA,-8,RIDGETOP_ENERGY_LLC,35.0697,-118.3167,46.8,WT,46.8,3931.9,1/1/2018,12/30/2022,2.8,125,90,80,8,0.47,Geared,3,25,0.143,450,1404,3931.2,0.7000000000002728
23,9q5zqv,2902,MOHAVE,35.0525,-118.173889,9q7944,CA,-8,RIDGETOP,35.0697,-118.3167,29.0,WT,29.0,3931.9,1/1/2018,12/30/2022,2.8,125,90,80,8,0.47,Geared,3,25,0.143,450,1404,3931.2,0.7000000000002728
23,9q5zqv,2902,MOHAVE,35.0525,-118.173889,9q7944,CA,-8,RIDGETOP_ENERGY_LLC,35.0697,-118.3167,29.0,WT,29.0,3931.9,1/1/2018,12/30/2022,2.8,125,90,80,8,0.47,Geared,3,25,0.143,450,1404,3931.2,0.7000000000002728
23,9q5zqv,2902,MOHAVE,35.0525,-118.173889,9q7944,CA,-8,OAK_CREEK_ENERGY_SYSTEMS_I,35.0439,-118.2764,34.5,WT,34.5,3931.9,1/1/2018,12/30/2022,2.8,125,90,80,8,0.47,Geared,3,25,0.143,450,1404,3931.2,0.7000000000002728
23,9q5zqv,2902,MOHAVE,35.0525,-118.173889,9q7944,CA,-8,MOJAVE_18,35.05,-118.2564,30.0,WT,30.0,3931.9,1/1/2018,12/30/2022,2.8,125,90,80,8,0.47,Geared,3,25,0.143,450,1404,3931.2,0.7000000000002728
23,9q5zqv,2902,MOHAVE,35.0525,-118.173889,9q7944,CA,-8,MOJAVE_16,35.05,-118.2572,30.0,WT,30.0,3931.9,1/1/2018,12/30/2022,2.8,125,90,80,8,0.47,Geared,3,25,0.143,450,1404,3931.2,0.7000000000002728
23,9q5zqv,2902,MOHAVE,35.0525,-118.173889,9q7944,CA,-8,TPC_WINDFARMS_LLC,35.05,-118.2572,30.0,WT,30.0,3931.9,1/1/2018,12/30/2022,2.8,125,90,80,8,0.47,Geared,3,25,0.143,450,1404,3931.2,0.7000000000002728
23,9q5zqv,2902,MOHAVE,35.0525,-118.173889,9q7944,CA,-8,MOJAVE_17,35.05,-118.2572,30.0,WT,30.0,3931.9,1/1/2018,12/30/2022,2.8,125,90,80,8,0.47,Geared,3,25,0.143,450,1404,3931.2,0.7000000000002728
23,9q5zqv,2902,MOHAVE,35.0525,-118.173889,9q7944,CA,-8,MOJAVE_3,35.05,-118.2572,30.0,WT,30.0,3931.9,1/1/2018,12/30/2022,2.8,125,90,80,8,0.47,Geared,3,25,0.143,450,1404,3931.2,0.7000000000002728
23,9q5zqv,2902,MOHAVE,35.0525,-118.173889,9q7944,CA,-8,MOJAVE_5,35.05,-118.2572,30.0,WT,30.0,3931.9,1/1/2018,12/30/2022,2.8,125,90,80,8,0.47,Geared,3,25,0.143,450,1404,3931.2,0.7000000000002728
23,9q5zqv,2902,MOHAVE,35.0525,-118.173889,9q7944,CA,-8,MOJAVE_16,35.05,-118.2572,28.7,WT,28.7,3931.9,1/1/2018,12/30/2022,2.8,125,90,80,8,0.47,Geared,3,25,0.143,450,1404,3931.2,0.7000000000002728
23,9q5zqv,2902,MOHAVE,35.0525,-118.173889,9q7944,CA,-8,TPC_WINDFARMS_LLC,35.05,-118.2572,28.7,WT,28.7,3931.9,1/1/2018,12/30/2022,2.8,125,90,80,8,0.47,Geared,3,25,0.143,450,1404,3931.2,0.7000000000002728
23,9q5zqv,2902,MOHAVE,35.0525,-118.173889,9q7944,CA,-8,MOJAVE_17,35.05,-118.2572,28.7,WT,28.7,3931.9,1/1/2018,12/30/2022,2.8,125,90,80,8,0.47,Geared,3,25,0.143,450,1404,3931.2,0.7000000000002728
23,9q5zqv,2902,MOHAVE,35.0525,-118.173889,9q7944,CA,-8,MOJAVE_3,35.05,-118.2572,28.7,WT,28.7,3931.9,1/1/2018,12/30/2022,2.8,125,90,80,8,0.47,Geared,3,25,0.143,450,1404,3931.2,0.7000000000002728
23,9q5zqv,2902,MOHAVE,35.0525,-118.173889,9q7944,CA,-8,MOJAVE_5,35.05,-118.2572,28.7,WT,28.7,3931.9,1/1/2018,12/30/2022,2.8,125,90,80,8,0.47,Geared,3,25,0.143,450,1404,3931.2,0.7000000000002728
23,9q5zqv,2902,MOHAVE,35.0525,-118.173889,9q7944,CA,-8,MOJAVE_16,35.05,-118.2572,25.0,WT,25.0,3931.9,1/1/2018,12/30/2022,2.8,125,90,80,8,0.47,Geared,3,25,0.143,450,1404,3931.2,0.7000000000002728
23,9q5zqv,2902,MOHAVE,35.0525,-118.173889,9q7944,CA,-8,TPC_WINDFARMS_LLC,35.05,-118.2572,25.0,WT,25.0,3931.9,1/1/2018,12/30/2022,2.8,125,90,80,8,0.47,Geared,3,25,0.143,450,1404,3931.2,0.7000000000002728
23,9q5zqv,2902,MOHAVE,35.0525,-118.173889,9q7944,CA,-8,MOJAVE_17,35.05,-118.2572,25.0,WT,25.0,3931.9,1/1/2018,12/30/2022,2.8,125,90,80,8,0.47,Geared,3,25,0.143,450,1404,3931.2,0.7000000000002728
23,9q5zqv,2902,MOHAVE,35.0525,-118.173889,9q7944,CA,-8,MOJAVE_3,35.05,-118.2572,25.0,WT,25.0,3931.9,1/1/2018,12/30/2022,2.8,125,90,80,8,0.47,Geared,3,25,0.143,450,1404,3931.2,0.7000000000002728
23,9q5zqv,2902,MOHAVE,35.0525,-118.173889,9q7944,CA,-8,MOJAVE_5,35.05,-118.2572,25.0,WT,25.0,3931.9,1/1/2018,12/30/2022,2.8,125,90,80,8,0.47,Geared,3,25,0.143,450,1404,3931.2,0.7000000000002728
23,9q5zqv,2902,MOHAVE,35.0525,-118.173889,9q7944,CA,-8,MOJAVE_16,35.05,-118.2572,23.5,WT,23.5,3931.9,1/1/2018,12/30/2022,2.8,125,90,80,8,0.47,Geared,3,25,0.143,450,1404,3931.2,0.7000000000002728
23,9q5zqv,2902,MOHAVE,35.0525,-118.173889,9q7944,CA,-8,TPC_WINDFARMS_LLC,35.05,-118.2572,23.5,WT,23.5,3931.9,1/1/2018,12/30/2022,2.8,125,90,80,8,0.47,Geared,3,25,0.143,450,1404,3931.2,0.7000000000002728
23,9q5zqv,2902,MOHAVE,35.0525,-118.173889,9q7944,CA,-8,MOJAVE_17,35.05,-118.2572,23.5,WT,23.5,3931.9,1/1/2018,12/30/2022,2.8,125,90,80,8,0.47,Geared,3,25,0.143,450,1404,3931.2,0.7000000000002728
23,9q5zqv,2902,MOHAVE,35.0525,-118.173889,9q7944,CA,-8,MOJAVE_3,35.05,-118.2572,23.5,WT,23.5,3931.9,1/1/2018,12/30/2022,2.8,125,90,80,8,0.47,Geared,3,25,0.143,450,1404,3931.2,0.7000000000002728
23,9q5zqv,2902,MOHAVE,35.0525,-118.173889,9q7944,CA,-8,MOJAVE_5,35.05,-118.2572,23.5,WT,23.5,3931.9,1/1/2018,12/30/2022,2.8,125,90,80,8,0.47,Geared,3,25,0.143,450,1404,3931.2,0.7000000000002728
23,9q5zqv,2902,MOHAVE,35.0525,-118.173889,9q7944,CA,-8,MOJAVE_16,35.05,-118.2572,22.5,WT,22.5,3931.9,1/1/2018,12/30/2022,2.8,125,90,80,8,0.47,Geared,3,25,0.143,450,1404,3931.2,0.7000000000002728
23,9q5zqv,2902,MOHAVE,35.0525,-118.173889,9q7944,CA,-8,TPC_WINDFARMS_LLC,35.05,-118.2572,22.5,WT,22.5,3931.9,1/1/2018,12/30/2022,2.8,125,90,80,8,0.47,Geared,3,25,0.143,450,1404,3931.2,0.7000000000002728
23,9q5zqv,2902,MOHAVE,35.0525,-118.173889,9q7944,CA,-8,MOJAVE_17,35.05,-118.2572,22.5,WT,22.5,3931.9,1/1/2018,12/30/2022,2.8,125,90,80,8,0.47,Geared,3,25,0.143,450,1404,3931.2,0.7000000000002728
23,9q5zqv,2902,MOHAVE,35.0525,-118.173889,9q7944,CA,-8,MOJAVE_3,35.05,-118.2572,22.5,WT,22.5,3931.9,1/1/2018,12/30/2022,2.8,125,90,80,8,0.47,Geared,3,25,0.143,450,1404,3931.2,0.7000000000002728
23,9q5zqv,2902,MOHAVE,35.0525,-118.173889,9q7944,CA,-8,MOJAVE_5,35.05,-118.2572,22.5,WT,22.5,3931.9,1/1/2018,12/30/2022,2.8,125,90,80,8,0.47,Geared,3,25,0.143,450,1404,3931.2,0.7000000000002728
23,9q5zqv,2902,MOHAVE,35.0525,-118.173889,9q7944,CA,-8,MOJAVE_4,35.0506,-118.2572,29.0,WT,29.0,3931.9,1/1/2018,12/30/2022,2.8,125,90,80,8,0.47,Geared,3,25,0.143,450,1404,3931.2,0.7000000000002728
23,9q5zqv,2902,MOHAVE,35.0525,-118.173889,9q7944,CA,-8,TEHACHAPI_WIND_RESOURCE_II,35.1061,-118.3114,21.9,WT,21.9,3931.9,1/1/2018,12/30/2022,2.8,125,90,80,8,0.47,Geared,3,25,0.143,450,1404,3931.2,0.7000000000002728
23,9q5zqv,2902,MOHAVE,35.0525,-118.173889,9q7944,CA,-8,VICTORY_GARDEN_TEHACHAPI,35.0686,-118.3833,21.1,WT,21.1,3931.9,1/1/2018,12/30/2022,2.8,125,90,80,8,0.47,Geared,3,25,0.143,450,1404,3931.2,0.7000000000002728
23,9q5zqv,2902,MOHAVE,35.0525,-118.173889,9q7944,CA,-8,RISING_TREE_WIND_FARM_II,35.0889,-118.2064,19.8,WT,19.8,3931.9,1/1/2018,12/30/2022,2.8,125,90,80,8,0.47,Geared,3,25,0.143,450,1404,3931.2,0.7000000000002728
24,9q603v,3801,DIABLO,35.230747,-120.855104,9q6371,CA,-8,,,,,,,0.0,1/1/2018,12/30/2022,2.8,125,90,80,8,0.47,Geared,3,25,0.143,450,0,0.0,0.0
25,9q613c,3806,MORROBAY,35.38543,-120.858669,9q6371,CA,-8,,,,,,,0.0,1/1/2018,12/30/2022,2.8,125,90,80,8,0.47,Geared,3,25,0.143,450,0,0.0,0.0
26,9q6tde,3802,GATES,36.144321,-120.124187,9q6v1w,CA,-8,,,,,,,0.0,1/1/2018,12/30/2022,2.8,125,90,80,8,0.47,Geared,3,25,0.143,450,0,0.0,0.0
27,9q713t,3803,MIDWAY,35.408481,-119.456003,9q6v1w,CA,-8,,,,,,,0.0,1/1/2018,12/30/2022,2.8,125,90,80,8,0.47,Geared,3,25,0.143,450,0,0.0,0.0
28,9q8yqr,3102,MARTIN,37.704337,-122.410274,9q8uz7,CA,-8,,,,,,,0.0,1/1/2018,12/30/2022,2.8,125,90,80,8,0.47,Geared,3,25,0.143,450,0,0.0,0.0
29,9q8yyc,3105,POTRERO,37.75843,-122.398,9q8uz7,CA,-8,,,,,,,0.0,1/1/2018,12/30/2022,2.8,125,90,80,8,0.47,Geared,3,25,0.143,450,0,0.0,0.0
30,9q8yyz,3101,EMBRCDRD,37.788555,-122.395045,9q8uz7,CA,-8,,,,,,,0.0,1/1/2018,12/30/2022,2.8,125,90,80,8,0.47,Geared,3,25,0.143,450,0,0.0,0.0
31,9q92vz,3902,MOSSLAND,36.737604,-121.732796,9q94x9,CA,-8,,,,,,,0.0,1/1/2018,12/30/2022,2.8,125,90,80,8,0.47,Geared,3,25,0.143,450,0,0.0,0.0
32,9q97v8,3301,METCALF,37.222363,-121.746496,9q97wz,CA,-8,,,,,,,0.0,1/1/2018,12/30/2022,2.8,125,90,80,8,0.47,Geared,3,25,0.143,450,0,0.0,0.0
33,9q9fy1,3901,LOSBANOS,37.054001,-121.022616,9qd5sg,CA,-8,DINOSAUR_POINT,37.0478,-121.1708,17.4,WT,17.4,17.4,1/1/2018,12/30/2022,2.8,125,90,80,8,0.47,Geared,3,25,0.143,450,6,16.799999999999997,0.6000000000000014
34,9q9hgh,3302,JEFFERSN,37.4198065,-122.2042168,9q8uz7,CA,-8,,,,,,,0.0,1/1/2018,12/30/2022,2.8,125,90,80,8,0.47,Geared,3,25,0.143,450,0,0.0,0.0
35,9q9hq4,3304,MONTAVIS,37.322286,-122.0737899,9q8uz7,CA,-8,,,,,,,0.0,1/1/2018,12/30/2022,2.8,125,90,80,8,0.47,Geared,3,25,0.143,450,0,0.0,0.0
36,9q9jb9,3103,SANMATEO,37.582985,-122.318546,9q8uz7,CA,-8,,,,,,,0.0,1/1/2018,12/30/2022,2.8,125,90,80,8,0.47,Geared,3,25,0.143,450,0,0.0,0.0
37,9q9jk9,3305,RAVENSWD,37.494231,-122.138182,9q9q1v,CA,-8,,,,,,,0.0,1/1/2018,12/30/2022,2.8,125,90,80,8,0.47,Geared,3,25,0.143,450,0,0.0,0.0
38,9q9m24,3203,NEWARK,37.501131,-121.987444,9q9q1v,CA,-8,,,,,,,0.0,1/1/2018,12/30/2022,2.8,125,90,80,8,0.47,Geared,3,25,0.143,450,0,0.0,0.0
39,9q9peh,3205,SOBRANTE,37.905327,-122.208867,9q9r8z,CA,-8,,,,,,,0.0,1/1/2018,12/30/2022,2.8,125,90,80,8,0.47,Geared,3,25,0.143,450,0,0.0,0.0
40,9q9pk4,3202,MORAGA,37.848161,-122.16088,9q9r8z,CA,-8,,,,,,,0.0,1/1/2018,12/30/2022,2.8,125,90,80,8,0.47,Geared,3,25,0.143,450,0,0.0,0.0
41,9q9w99,3903,TESLA,37.71247,-121.565283,9q9q1v,CA,-8,GOLDEN_HILLS_WIND,37.7133,-121.6404,85.9,WT,85.9,266.1,1/1/2018,12/30/2022,2.8,125,90,80,8,0.47,Geared,3,25,0.143,450,95,266.0,0.10000000000002274
41,9q9w99,3903,TESLA,37.71247,-121.565283,9q9q1v,CA,-8,VASCO_WINDS,37.7908,-121.7181,78.2,WT,78.2,266.1,1/1/2018,12/30/2022,2.8,125,90,80,8,0.47,Geared,3,25,0.143,450,95,266.0,0.10000000000002274
41,9q9w99,3903,TESLA,37.71247,-121.565283,9q9q1v,CA,-8,GOLDEN_HILLS_NORTH_WIND_ENERGY_CENTER,37.7692,-121.6302,46.0,WT,46.0,266.1,1/1/2018,12/30/2022,2.8,125,90,80,8,0.47,Geared,3,25,0.143,450,95,266.0,0.10000000000002274
41,9q9w99,3903,TESLA,37.71247,-121.565283,9q9q1v,CA,-8,BUENA_VISTA_ENERGY_LLC,37.805,-121.6672,38.0,WT,38.0,266.1,1/1/2018,12/30/2022,2.8,125,90,80,8,0.47,Geared,3,25,0.143,450,95,266.0,0.10000000000002274
41,9q9w99,3903,TESLA,37.71247,-121.565283,9q9q1v,CA,-8,DIABLO_WIND_LLC,37.7637,-121.6144,18.0,WT,18.0,266.1,1/1/2018,12/30/2022,2.8,125,90,80,8,0.47,Geared,3,25,0.143,450,95,266.0,0.10000000000002274
42,9q9wtp,8002,TRACY,37.74752,-121.416448,9q9zb3,CA,-8,,,,,,,0.0,1/1/2018,12/30/2022,2.8,125,90,80,8,0.47,Geared,3,25,0.143,450,0,0.0,0.0
43,9qbbed,3914,IGNACIO,38.070278,-122.538611,9qb8qz,CA,-8,,,,,,,0.0,1/1/2018,12/30/2022,2.8,125,90,80,8,0.47,Geared,3,25,0.143,450,0,0.0,0.0
44,9qbcde,3915,LAKEVILE,38.249937,-122.583996,9qb8qz,CA,-8,,,,,,,0.0,1/1/2018,12/30/2022,2.8,125,90,80,8,0.47,Geared,3,25,0.143,450,0,0.0,0.0
45,9qben2,3501,FULTON,38.497952,-122.761324,9qbe4t,CA,-8,,,,,,,0.0,1/1/2018,12/30/2022,2.8,125,90,80,8,0.47,Geared,3,25,0.143,450,0,0.0,0.0
46,9qc0p1,3201,C.COSTA,37.978056,-122.031111,9q9r8z,CA,-8,,,,,,,0.0,1/1/2018,12/30/2022,2.8,125,90,80,8,0.47,Geared,3,25,0.143,450,0,0.0,0.0
47,9qc26h,3204,PITSBURG,38.037129,-121.897096,9q9r8z,CA,-8,SOLANO_WIND,38.1164,-121.769,228.2,WT,228.2,1025.7,1/1/2018,12/30/2022,2.8,125,90,80,8,0.47,Geared,3,25,0.143,450,366,1024.8,0.900000000000091
47,9qc26h,3204,PITSBURG,38.037129,-121.897096,9q9r8z,CA,-8,HIGH_WINDS_LLC,38.1381,-121.8053,162.0,WT,162.0,1025.7,1/1/2018,12/30/2022,2.8,125,90,80,8,0.47,Geared,3,25,0.143,450,366,1024.8,0.900000000000091
47,9qc26h,3204,PITSBURG,38.037129,-121.897096,9q9r8z,CA,-8,SHILOH_I_WIND_PROJECT,38.12,-121.85,150.0,WT,150.0,1025.7,1/1/2018,12/30/2022,2.8,125,90,80,8,0.47,Geared,3,25,0.143,450,366,1024.8,0.900000000000091
47,9qc26h,3204,PITSBURG,38.037129,-121.897096,9q9r8z,CA,-8,SHILOH_WIND_PROJECT_2_LLC,38.1711,-121.8461,150.0,WT,150.0,1025.7,1/1/2018,12/30/2022,2.8,125,90,80,8,0.47,Geared,3,25,0.143,450,366,1024.8,0.900000000000091
47,9qc26h,3204,PITSBURG,38.037129,-121.897096,9q9r8z,CA,-8,SHILOH_III_WIND_PROJECT_LLC,38.1694,-121.8469,102.5,WT,102.5,1025.7,1/1/2018,12/30/2022,2.8,125,90,80,8,0.47,Geared,3,25,0.143,450,366,1024.8,0.900000000000091
47,9qc26h,3204,PITSBURG,38.037129,-121.897096,9q9r8z,CA,-8,SHILOH_IV_WIND_PROJECT_LLC,38.1375,-121.8553,102.5,WT,102.5,1025.7,1/1/2018,12/30/2022,2.8,125,90,80,8,0.47,Geared,3,25,0.143,450,366,1024.8,0.900000000000091
47,9qc26h,3204,PITSBURG,38.037129,-121.897096,9q9r8z,CA,-8,MONTEZUMA_WIND_II,38.1167,-121.8219,78.2,WT,78.2,1025.7,1/1/2018,12/30/2022,2.8,125,90,80,8,0.47,Geared,3,25,0.143,450,366,1024.8,0.900000000000091
47,9qc26h,3204,PITSBURG,38.037129,-121.897096,9q9r8z,CA,-8,FPL_ENERGY_MONTEZUMA_WINDS_LLC,38.1636,-121.7966,36.8,WT,36.8,1025.7,1/1/2018,12/30/2022,2.8,125,90,80,8,0.47,Geared,3,25,0.143,450,366,1024.8,0.900000000000091
47,9qc26h,3204,PITSBURG,38.037129,-121.897096,9q9r8z,CA,-8,EDF_RENEWABLE_WINDFARM_V_INC,38.1167,-121.8333,15.5,WT,15.5,1025.7,1/1/2018,12/30/2022,2.8,125,90,80,8,0.47,Geared,3,25,0.143,450,366,1024.8,0.900000000000091
48,9qc63x,3904,VACA-DIX,38.40437,-121.918134,9qc39n,CA,-8,,,,,,,0.0,1/1/2018,12/30/2022,2.8,125,90,80,8,0.47,Geared,3,25,0.143,450,0,0.0,0.0
49,9qcbq0,3907,BELLOTA,38.01622,-121.015147,9q9zb3,CA,-8,,,,,,,0.0,1/1/2018,12/30/2022,2.8,125,90,80,8,0.47,Geared,3,25,0.143,450,0,0.0,0.0
50,9qcem3,3908,BRIGHTON,38.547942,-121.407942,9qcdwz,CA,-8,,,,,,,0.0,1/1/2018,12/30/2022,2.8,125,90,80,8,0.47,Geared,3,25,0.143,450,0,0.0,0.0
51,9qcf5u,8004,RNCHSECO,38.344823,-121.123005,9qcdwz,CA,-8,,,,,,,0.0,1/1/2018,12/30/2022,2.8,125,90,80,8,0.47,Geared,3,25,0.143,450,0,0.0,0.0
52,9qcggm,3913,GOLDHILL,38.657961,-121.137023,9qcdwz,CA,-8,,,,,,,0.0,1/1/2018,12/30/2022,2.8,125,90,80,8,0.47,Geared,3,25,0.143,450,0,0.0,0.0
53,9qcjcp,3910,CORTINA,39.018333,-122.290278,9qcnfk,CA,-8,,,,,,,0.0,1/1/2018,12/30/2022,2.8,125,90,80,8,0.47,Geared,3,25,0.143,450,0,0.0,0.0
54,9qct8r,3405,WILSON,38.978333,-121.625833,9qcqnd,CA,-8,,,,,,,0.0,1/1/2018,12/30/2022,2.8,125,90,80,8,0.47,Geared,3,25,0.143,450,0,0.0,0.0
55,9qcts0,3920,RIO OSO,38.93608,-121.463992,9qcqnd,CA,-8,,,,,,,0.0,1/1/2018,12/30/2022,2.8,125,90,80,8,0.47,Geared,3,25,0.143,450,0,0.0,0.0
56,9qcxqg,3909,COLGATE,39.2617,-121.337,9qcxqs,CA,-8,,,,,,,0.0,1/1/2018,12/30/2022,2.8,125,90,80,8,0.47,Geared,3,25,0.143,450,0,0.0,0.0
57,9qd2ds,3404,PANOCHE,36.675814,-120.46628,9qd5sg,CA,-8,,,,,,,0.0,1/1/2018,12/30/2022,2.8,125,90,80,8,0.47,Geared,3,25,0.143,450,0,0.0,0.0
58,9qd9xh,3401,GREGG,36.850535,-119.92442,9qdcjh,CA,-8,,,,,,,0.0,1/1/2018,12/30/2022,2.8,125,90,80,8,0.47,Geared,3,25,0.143,450,0,0.0,0.0
59,9qdbm8,3403,MC CALL,36.609214,-119.639632,9qdcjh,CA,-8,,,,,,,0.0,1/1/2018,12/30/2022,2.8,125,90,80,8,0.47,Geared,3,25,0.143,450,0,0.0,0.0
60,9qe6tq,3402,HELMS PP,37.039937,-118.946978,9q7w15,CA,-8,,,,,,,0.0,1/1/2018,12/30/2022,2.8,125,90,80,8,0.47,Geared,3,25,0.143,450,0,0.0,0.0
61,9qh0rw,2501,SERRANO,33.828436,-117.79013,9mupxf,CA,-8,,,,,,,0.0,1/1/2018,12/30/2022,2.8,125,90,80,8,0.47,Geared,3,25,0.143,450,0,0.0,0.0
62,9qh18k,2408,MESA CAL,34.037233,-118.11012,9q5fsc,CA,-8,,,,,,,0.0,1/1/2018,12/30/2022,2.8,125,90,80,8,0.47,Geared,3,25,0.143,450,0,0.0,0.0
63,9qh3ky,2402,MIRALOMA,34.008174,-117.564527,9mupxf,CA,-8,,,,,,,0.0,1/1/2018,12/30/2022,2.8,125,90,80,8,0.47,Geared,3,25,0.143,450,0,0.0,0.0
64,9qh8k2,2403,VALLEY,33.796667,-117.224444,9mupxf,CA,-8,,,,,,,0.0,1/1/2018,12/30/2022,2.8,125,90,80,8,0.47,Geared,3,25,0.143,450,0,0.0,0.0
65,9qhe90,2401,LUGO,34.369347,-117.368876,9mupxf,CA,-8,,,,,,,0.0,1/1/2018,12/30/2022,2.8,125,90,80,8,0.47,Geared,3,25,0.143,450,0,0.0,0.0
66,9qhh0n,2404,VINCENT,34.488498,-118.12147,9q5fsc,CA,-8,,,,,,,0.0,1/1/2018,12/30/2022,2.8,125,90,80,8,0.47,Geared,3,25,0.143,450,0,0.0,0.0
67,9qhkxd,2600,ADELANTO,34.552197,-117.437004,9mupxf,CA,-8,,,,,,,0.0,1/1/2018,12/30/2022,2.8,125,90,80,8,0.47,Geared,3,25,0.143,450,0,0.0,0.0
68,9qhsdk,2603,VICTORVL,34.565195,-117.32157,9mupxf,CA,-8,,,,,,,0.0,1/1/2018,12/30/2022,2.8,125,90,80,8,0.47,Geared,3,25,0.143,450,0,0.0,0.0
69,9qj152,2400,DEVERS,33.927377,-116.57522,9mvxbk,CA,-8,MOUNTAIN_VIEW_I2,33.9211,-116.5642,66.6,WT,66.6,543.3,1/1/2018,12/30/2022,2.8,125,90,80,8,0.47,Geared,3,25,0.143,450,194,543.1999999999999,0.10000000000002274
69,9qj152,2400,DEVERS,33.927377,-116.57522,9mvxbk,CA,-8,WHITEWATER_HILL_WIND_PARTNERS,33.925,-116.6178,61.5,WT,61.5,543.3,1/1/2018,12/30/2022,2.8,125,90,80,8,0.47,Geared,3,25,0.143,450,194,543.1999999999999,0.10000000000002274
69,9qj152,2400,DEVERS,33.927377,-116.57522,9mvxbk,CA,-8,SAN_GORGONIO_WINDPLANT_WPP1993,33.9228,-116.5422,49.5,WT,49.5,543.3,1/1/2018,12/30/2022,2.8,125,90,80,8,0.47,Geared,3,25,0.143,450,194,543.1999999999999,0.10000000000002274
69,9qj152,2400,DEVERS,33.927377,-116.57522,9mvxbk,CA,-8,MOUNTAIN_VIEW_IV,33.8816,-116.5527,49.0,WT,49.0,543.3,1/1/2018,12/30/2022,2.8,125,90,80,8,0.47,Geared,3,25,0.143,450,194,543.1999999999999,0.10000000000002274
69,9qj152,2400,DEVERS,33.927377,-116.57522,9mvxbk,CA,-8,DILLON_WIND_LLC,33.9393,-116.5527,45.0,WT,45.0,543.3,1/1/2018,12/30/2022,2.8,125,90,80,8,0.47,Geared,3,25,0.143,450,194,543.1999999999999,0.10000000000002274
69,9qj152,2400,DEVERS,33.927377,-116.57522,9mvxbk,CA,-8,SAN_GORGONIO_WESTWINDS_II_LLC,33.934,-116.5781,43.4,WT,43.4,543.3,1/1/2018,12/30/2022,2.8,125,90,80,8,0.47,Geared,3,25,0.143,450,194,543.1999999999999,0.10000000000002274
69,9qj152,2400,DEVERS,33.927377,-116.57522,9mvxbk,CA,-8,CABAZON_WIND_PARTNERS,33.9172,-116.735,41.0,WT,41.0,543.3,1/1/2018,12/30/2022,2.8,125,90,80,8,0.47,Geared,3,25,0.143,450,194,543.1999999999999,0.10000000000002274
69,9qj152,2400,DEVERS,33.927377,-116.57522,9mvxbk,CA,-8,CABAZON_WIND_FARM,33.915,-116.7103,39.7,WT,39.7,543.3,1/1/2018,12/30/2022,2.8,125,90,80,8,0.47,Geared,3,25,0.143,450,194,543.1999999999999,0.10000000000002274
69,9qj152,2400,DEVERS,33.927377,-116.57522,9mvxbk,CA,-8,SAN_GORGONIO_FARMS_WIND_FARM,33.9261,-116.615,31.0,WT,31.0,543.3,1/1/2018,12/30/2022,2.8,125,90,80,8,0.47,Geared,3,25,0.143,450,194,543.1999999999999,0.10000000000002274
69,9qj152,2400,DEVERS,33.927377,-116.57522,9mvxbk,CA,-8,MESA_WIND_POWER_CORP,33.9461,-116.6769,29.9,WT,29.9,543.3,1/1/2018,12/30/2022,2.8,125,90,80,8,0.47,Geared,3,25,0.143,450,194,543.1999999999999,0.10000000000002274
69,9qj152,2400,DEVERS,33.927377,-116.57522,9mvxbk,CA,-8,MOUNTAIN_VIEW_III,33.9141,-116.5914,22.4,WT,22.4,543.3,1/1/2018,12/30/2022,2.8,125,90,80,8,0.47,Geared,3,25,0.143,450,194,543.1999999999999,0.10000000000002274
69,9qj152,2400,DEVERS,33.927377,-116.57522,9mvxbk,CA,-8,EDOM_HILLS_PROJECT_1_LLC,33.8817,-116.4603,20.0,WT,20.0,543.3,1/1/2018,12/30/2022,2.8,125,90,80,8,0.47,Geared,3,25,0.143,450,194,543.1999999999999,0.10000000000002274
69,9qj152,2400,DEVERS,33.927377,-116.57522,9mvxbk,CA,-8,GREEN_POWER_I,33.9014,-116.7167,16.5,WT,16.5,543.3,1/1/2018,12/30/2022,2.8,125,90,80,8,0.47,Geared,3,25,0.143,450,194,543.1999999999999,0.10000000000002274
69,9qj152,2400,DEVERS,33.927377,-116.57522,9mvxbk,CA,-8,WINDPARK_UNLIMITED_2,33.931,-116.6302,16.1,WT,16.1,543.3,1/1/2018,12/30/2022,2.8,125,90,80,8,0.47,Geared,3,25,0.143,450,194,543.1999999999999,0.10000000000002274
69,9qj152,2400,DEVERS,33.927377,-116.57522,9mvxbk,CA,-8,KAREN_AVENUE_WINDFARM,33.922,-116.5556,11.7,WT,11.7,543.3,1/1/2018,12/30/2022,2.8,125,90,80,8,0.47,Geared,3,25,0.143,450,194,543.1999999999999,0.10000000000002274
70,9qndpr,1403,PARKER,34.144722,-114.289722,9myzug,AZ,-7,KINGMAN_1,35.1458,-114.0675,5.25,PV|WT,10.5,5.25,1/1/2018,12/30/2022,2.8,125,90,80,8,0.47,Geared,3,25,0.143,450,2,5.6,-0.34999999999999964
71,9qq5wv,2901,ELDORADO,35.799967,-115.012448,9qqnnb,NV,-7,,,,,,,0.0,1/1/2018,12/30/2022,2.8,125,90,80,8,0.47,Geared,3,25,0.143,450,0,0.0,0.0
72,9qqk6u,1301,MEAD,35.929472,-114.835922,9qqnnb,NV,-7,,,,,,,0.0,1/1/2018,12/30/2022,2.8,125,90,80,8,0.47,Geared,3,25,0.143,450,0,0.0,0.0
73,9qw0kp,1302,H ALLEN,36.649771,-115.134207,9qqnnb,NV,-7,,,,,,,0.0,1/1/2018,12/30/2022,2.8,125,90,80,8,0.47,Geared,3,25,0.143,450,0,0.0,0.0
74,9r0vxp,8001,OLINDA,40.382027,-122.384572,9r1h68,CA,-8,,,,,,,0.0,1/1/2018,12/30/2022,2.8,125,90,80,8,0.47,Geared,3,25,0.143,450,0,0.0,0.0
75,9r106e,3916,LOGAN CR,39.435504,-122.23327,9r0cq9,CA,-8,,,,,,,0.0,1/1/2018,12/30/2022,2.8,125,90,80,8,0.47,Geared,3,25,0.143,450,0,0.0,0.0
76,9r10zd,3912,GLENN,39.521944,-122.013889,9qcnfk,CA,-8,,,,,,,0.0,1/1/2018,12/30/2022,2.8,125,90,80,8,0.47,Geared,3,25,0.143,450,0,0.0,0.0
77,9r13pb,3905,TABLE MT,39.55548,-121.645379,9r198u,CA,-8,,,,,,,0.0,1/1/2018,12/30/2022,2.8,125,90,80,8,0.47,Geared,3,25,0.143,450,0,0.0,0.0
78,9r1867,3919,PALERMO,39.435556,-121.538056,9r198u,CA,-8,,,,,,,0.0,1/1/2018,12/30/2022,2.8,125,90,80,8,0.47,Geared,3,25,0.143,450,0,0.0,0.0
79,9r1jcf,3911,COTWDPGE,40.397712,-122.265115,9r1h68,CA,-8,,,,,,,0.0,1/1/2018,12/30/2022,2.8,125,90,80,8,0.47,Geared,3,25,0.143,450,0,0.0,0.0
80,9r321k,3906,ROUND MT,40.808138,-121.936762,9r1pyu,CA,-8,HATCHET_RIDGE_WIND_PROJECT,40.8981,-121.8036,101.2,WT,101.2,101.2,1/1/2018,12/30/2022,2.8,125,90,80,8,0.47,Geared,3,25,0.143,450,36,100.8,0.4000000000000057
81,9r3wzq,4001,MALIN,42.004704,-121.318052,9r6hsg,CA,-8,,,,,,,0.0,1/1/2018,12/30/2022,2.8,125,90,80,8,0.47,Geared,3,25,0.143,450,0,0.0,0.0
82,9r4bc7,3701,SUMMIT,39.527222,-119.821944,9r5025,NV,-7,,,,,,,0.0,1/1/2018,12/30/2022,2.8,125,90,80,8,0.47,Geared,3,25,0.143,450,0,0.0,0.0
83,9r50xy,6401,TRACYSPP,39.499336,-119.188176,9r5025,NV,-7,,,,,,,0.0,1/1/2018,12/30/2022,2.8,125,90,80,8,0.47,Geared,3,25,0.143,450,0,0.0,0.0
84,9r88yx,4204,MERIDIAN,42.358895,-122.760172,9r8c22,OR,-8,,,,,,,0.0,1/1/2018,12/30/2022,2.8,125,90,80,8,0.47,Geared,3,25,0.143,450,0,0.0,0.0
85,9r9uxw,4002,SUMMER L,43.016085,-120.953695,9rd7km,OR,-8,,,,,,,0.0,1/1/2018,12/30/2022,2.8,125,90,80,8,0.47,Geared,3,25,0.143,450,0,0.0,0.0
86,9rb6wg,4203,WILLAMET,44.051652,-123.091142,9rb9gk,OR,-8,,,,,,,0.0,1/1/2018,12/30/2022,2.8,125,90,80,8,0.47,Geared,3,25,0.143,450,0,0.0,0.0
87,9rcvn1,4004,GRIZZLY,44.481129,-121.01542,9rcvfx,OR,-8,,,,,,,0.0,1/1/2018,12/30/2022,2.8,125,90,80,8,0.47,Geared,3,25,0.143,450,0,0.0,0.0
88,9rg8bx,4003,BURNS,43.767338,-118.797842,9rekur,OR,-8,ELKHORN_VALLEY_WIND_FARM,45.0719,-117.808,100.7,WT,100.7,140.7,1/1/2018,12/30/2022,2.8,125,90,80,8,0.47,Geared,3,25,0.143,450,50,140.0,0.6999999999999886
88,9rg8bx,4003,BURNS,43.767338,-118.797842,9rekur,OR,-8,PROSPECTOR_WINDFARM_BURNT_RIVER,44.4181,-117.255,10.0,WT,10.0,140.7,1/1/2018,12/30/2022,2.8,125,90,80,8,0.47,Geared,3,25,0.143,450,50,140.0,0.6999999999999886
88,9rg8bx,4003,BURNS,43.767338,-118.797842,9rekur,OR,-8,DURBIN_CREEK_WINDFARM_BURNT_CREEK,44.3531,-117.3231,10.0,WT,10.0,140.7,1/1/2018,12/30/2022,2.8,125,90,80,8,0.47,Geared,3,25,0.143,450,50,140.0,0.6999999999999886
88,9rg8bx,4003,BURNS,43.767338,-118.797842,9rekur,OR,-8,BENSON_CREEK_WINDFARM_BURNT_RIVER,44.3669,-117.3439,10.0,WT,10.0,140.7,1/1/2018,12/30/2022,2.8,125,90,80,8,0.47,Geared,3,25,0.143,450,50,140.0,0.6999999999999886
88,9rg8bx,4003,BURNS,43.767338,-118.797842,9rekur,OR,-8,JEFF_CREEK_WINDFARM_BURN_RIVER,44.425,-117.2739,10.0,WT,10.0,140.7,1/1/2018,12/30/2022,2.8,125,90,80,8,0.47,Geared,3,25,0.143,450,50,140.0,0.6999999999999886
89,9rkf69,6403,VALMY,41.182805,-116.954457,9r7gxf,NV,-7,,,,,,,0.0,1/1/2018,12/30/2022,2.8,125,90,80,8,0.47,Geared,3,25,0.143,450,0,0.0,0.0
90,9rn2tf,6404,GONDER,39.476861,-114.70735,9rn21r,NV,-7,,,,,,,0.0,1/1/2018,12/30/2022,2.8,125,90,80,8,0.47,Geared,3,25,0.143,450,0,0.0,0.0
91,9rpbwn,2604,INTERMT,39.500381,-112.580826,9rpccm,UT,-7,MILFORD_WIND_CORRIDOR_I_LLC,38.5807,-112.9239,203.5,WT,203.5,305.5,1/1/2018,12/30/2022,2.8,125,90,80,8,0.47,Geared,3,25,0.143,450,109,305.2,0.30000000000001137
91,9rpbwn,2604,INTERMT,39.500381,-112.580826,9rpccm,UT,-7,MILFORD_WIND_CORRIDOR_STAGE_II_LLC,38.5488,-112.9422,102.0,WT,102.0,305.5,1/1/2018,12/30/2022,2.8,125,90,80,8,0.47,Geared,3,25,0.143,450,109,305.2,0.30000000000001137
92,9rwgcr,6101,MIDPOINT,42.888986,-114.199277,9rwud3,ID,-7,HIGH_MESA_ENERGY_LLC,42.8839,-115.0394,40.0,WT,40.0,483.9,1/1/2018,12/30/2022,2.8,125,90,80,8,0.47,Geared,3,25,0.143,450,173,484.4,-0.5
92,9rwgcr,6101,MIDPOINT,42.888986,-114.199277,9rwud3,ID,-7,MAINLINE_WINDFARM,43.0481,-115.412,23.0,WT,23.0,483.9,1/1/2018,12/30/2022,2.8,125,90,80,8,0.47,Geared,3,25,0.143,450,173,484.4,-0.5
92,9rwgcr,6101,MIDPOINT,42.888986,-114.199277,9rwud3,ID,-7,TWO_PONDS_WINDFARM,43.0309,-115.4857,23.0,WT,23.0,483.9,1/1/2018,12/30/2022,2.8,125,90,80,8,0.47,Geared,3,25,0.143,450,173,484.4,-0.5
92,9rwgcr,6101,MIDPOINT,42.888986,-114.199277,9rwud3,ID,-7,COLD_SPRINGS_WINDFARM,43.0246,-115.4072,23.0,WT,23.0,483.9,1/1/2018,12/30/2022,2.8,125,90,80,8,0.47,Geared,3,25,0.143,450,173,484.4,-0.5
92,9rwgcr,6101,MIDPOINT,42.888986,-114.199277,9rwud3,ID,-7,HAMMETT_HILL_WINDFARM,43.0155,-115.4549,23.0,WT,23.0,483.9,1/1/2018,12/30/2022,2.8,125,90,80,8,0.47,Geared,3,25,0.143,450,173,484.4,-0.5
92,9rwgcr,6101,MIDPOINT,42.888986,-114.199277,9rwud3,ID,-7,RYEGRASS_WINDFARM,43.0338,-115.4414,23.0,WT,23.0,483.9,1/1/2018,12/30/2022,2.8,125,90,80,8,0.47,Geared,3,25,0.143,450,173,484.4,-0.5
92,9rwgcr,6101,MIDPOINT,42.888986,-114.199277,9rwud3,ID,-7,DESERT_MEADOW_WINDFARM,43.0559,-115.4567,23.0,WT,23.0,483.9,1/1/2018,12/30/2022,2.8,125,90,80,8,0.47,Geared,3,25,0.143,450,173,484.4,-0.5
92,9rwgcr,6101,MIDPOINT,42.888986,-114.199277,9rwud3,ID,-7,CAMP_REED,42.8159,-115.0571,22.5,WT,22.5,483.9,1/1/2018,12/30/2022,2.8,125,90,80,8,0.47,Geared,3,25,0.143,450,173,484.4,-0.5
92,9rwgcr,6101,MIDPOINT,42.888986,-114.199277,9rwud3,ID,-7,SAWTOOTH_WIND_PROJECT,42.9888,-115.3977,22.4,WT,22.4,483.9,1/1/2018,12/30/2022,2.8,125,90,80,8,0.47,Geared,3,25,0.143,450,173,484.4,-0.5
92,9rwgcr,6101,MIDPOINT,42.888986,-114.199277,9rwud3,ID,-7,BURLEY_BUTTE_WINDPARK,42.49,-113.9265,21.3,WT,21.3,483.9,1/1/2018,12/30/2022,2.8,125,90,80,8,0.47,Geared,3,25,0.143,450,173,484.4,-0.5
92,9rwgcr,6101,MIDPOINT,42.888986,-114.199277,9rwud3,ID,-7,PAYNES_FERRY,42.8237,-115.0108,21.0,WT,21.0,483.9,1/1/2018,12/30/2022,2.8,125,90,80,8,0.47,Geared,3,25,0.143,450,173,484.4,-0.5
92,9rwgcr,6101,MIDPOINT,42.888986,-114.199277,9rwud3,ID,-7,HOT_SPRINGS_WINDFARM_LLC,43.0272,-115.4656,21.0,WT,21.0,483.9,1/1/2018,12/30/2022,2.8,125,90,80,8,0.47,Geared,3,25,0.143,450,173,484.4,-0.5
92,9rwgcr,6101,MIDPOINT,42.888986,-114.199277,9rwud3,ID,-7,SALMON_FALLS_WIND_PARK,42.6863,-115.0047,21.0,WT,21.0,483.9,1/1/2018,12/30/2022,2.8,125,90,80,8,0.47,Geared,3,25,0.143,450,173,484.4,-0.5
92,9rwgcr,6101,MIDPOINT,42.888986,-114.199277,9rwud3,ID,-7,YAHOO_CREEK,42.7624,-115.0063,21.0,WT,21.0,483.9,1/1/2018,12/30/2022,2.8,125,90,80,8,0.47,Geared,3,25,0.143,450,173,484.4,-0.5
92,9rwgcr,6101,MIDPOINT,42.888986,-114.199277,9rwud3,ID,-7,BENNETT_CREEK_WINDFARM_LLC,43.0536,-115.4803,21.0,WT,21.0,483.9,1/1/2018,12/30/2022,2.8,125,90,80,8,0.47,Geared,3,25,0.143,450,173,484.4,-0.5
92,9rwgcr,6101,MIDPOINT,42.888986,-114.199277,9rwud3,ID,-7,MILNER_DAM_WIND_PARK_LLC,42.4604,-114.0171,19.5,WT,19.5,483.9,1/1/2018,12/30/2022,2.8,125,90,80,8,0.47,Geared,3,25,0.143,450,173,484.4,-0.5
92,9rwgcr,6101,MIDPOINT,42.888986,-114.199277,9rwud3,ID,-7,CASSIA_GULCH_WIND_PARK_LLC,42.8767,-115.017,18.9,WT,18.9,483.9,1/1/2018,12/30/2022,2.8,125,90,80,8,0.47,Geared,3,25,0.143,450,173,484.4,-0.5
92,9rwgcr,6101,MIDPOINT,42.888986,-114.199277,9rwud3,ID,-7,TUANA_SPRINGS,42.8819,-114.9671,16.8,WT,16.8,483.9,1/1/2018,12/30/2022,2.8,125,90,80,8,0.47,Geared,3,25,0.143,450,173,484.4,-0.5
92,9rwgcr,6101,MIDPOINT,42.888986,-114.199277,9rwud3,ID,-7,OREGON_TRAIL_WIND_PARK,42.8385,-114.9897,13.5,WT,13.5,483.9,1/1/2018,12/30/2022,2.8,125,90,80,8,0.47,Geared,3,25,0.143,450,173,484.4,-0.5
92,9rwgcr,6101,MIDPOINT,42.888986,-114.199277,9rwud3,ID,-7,THOUSAND_SPRINGS_WIND_PARK,42.8899,-115.016,12.0,WT,12.0,483.9,1/1/2018,12/30/2022,2.8,125,90,80,8,0.47,Geared,3,25,0.143,450,173,484.4,-0.5
92,9rwgcr,6101,MIDPOINT,42.888986,-114.199277,9rwud3,ID,-7,GOLDEN_VALLEY_WIND_PARK_LLC,42.4387,-113.9067,12.0,WT,12.0,483.9,1/1/2018,12/30/2022,2.8,125,90,80,8,0.47,Geared,3,25,0.143,450,173,484.4,-0.5
92,9rwgcr,6101,MIDPOINT,42.888986,-114.199277,9rwud3,ID,-7,FOSSIL_GULCH,42.8585,-114.9491,10.5,WT,10.5,483.9,1/1/2018,12/30/2022,2.8,125,90,80,8,0.47,Geared,3,25,0.143,450,173,484.4,-0.5
92,9rwgcr,6101,MIDPOINT,42.888986,-114.199277,9rwud3,ID,-7,PILGRIM_STAGE_WIND_PARK,42.787,-115.001,10.5,WT,10.5,483.9,1/1/2018,12/30/2022,2.8,125,90,80,8,0.47,Geared,3,25,0.143,450,173,484.4,-0.5
92,9rwgcr,6101,MIDPOINT,42.888986,-114.199277,9rwud3,ID,-7,CASSIA_WIND_FARM_LLC,42.8444,-115.0369,10.5,WT,10.5,483.9,1/1/2018,12/30/2022,2.8,125,90,80,8,0.47,Geared,3,25,0.143,450,173,484.4,-0.5
92,9rwgcr,6101,MIDPOINT,42.888986,-114.199277,9rwud3,ID,-7,TUANA_GULCH_WIND_PARK,42.8385,-114.9685,10.5,WT,10.5,483.9,1/1/2018,12/30/2022,2.8,125,90,80,8,0.47,Geared,3,25,0.143,450,173,484.4,-0.5
93,9rx7st,6103,BORAH,42.835449,-113.348619,9rx5y1,ID,-7,GOSHEN_PHASE_II,43.4671,-111.8365,124.5,WT,124.5,490.5,1/1/2018,12/30/2022,2.8,125,90,80,8,0.47,Geared,3,25,0.143,450,175,489.99999999999994,0.5000000000000568
93,9rx7st,6103,BORAH,42.835449,-113.348619,9rx5y1,ID,-7,MEADOW_CREEK_PROJECT_COMPANY,43.5743,-111.8204,119.7,WT,119.7,490.5,1/1/2018,12/30/2022,2.8,125,90,80,8,0.47,Geared,3,25,0.143,450,175,489.99999999999994,0.5000000000000568
93,9rx7st,6103,BORAH,42.835449,-113.348619,9rx5y1,ID,-7,ROCKLAND_WIND_FARM,42.7007,-112.896,79.2,WT,79.2,490.5,1/1/2018,12/30/2022,2.8,125,90,80,8,0.47,Geared,3,25,0.143,450,175,489.99999999999994,0.5000000000000568
93,9rx7st,6103,BORAH,42.835449,-113.348619,9rx5y1,ID,-7,WOLVERINE_CREEK,43.4199,-111.8587,64.5,WT,64.5,490.5,1/1/2018,12/30/2022,2.8,125,90,80,8,0.47,Geared,3,25,0.143,450,175,489.99999999999994,0.5000000000000568
93,9rx7st,6103,BORAH,42.835449,-113.348619,9rx5y1,ID,-7,HORSE_BUTTE_WIND_I_LLC,43.4011,-111.7327,57.6,WT,57.6,490.5,1/1/2018,12/30/2022,2.8,125,90,80,8,0.47,Geared,3,25,0.143,450,175,489.99999999999994,0.5000000000000568
93,9rx7st,6103,BORAH,42.835449,-113.348619,9rx5y1,ID,-7,POWER_COUNTY_WIND_PARK_NORTH,42.7388,-112.7498,22.5,WT,22.5,490.5,1/1/2018,12/30/2022,2.8,125,90,80,8,0.47,Geared,3,25,0.143,450,175,489.99999999999994,0.5000000000000568
93,9rx7st,6103,BORAH,42.835449,-113.348619,9rx5y1,ID,-7,POWER_COUNTY_WIND_PARK_SOUTH,42.7025,-112.7558,22.5,WT,22.5,490.5,1/1/2018,12/30/2022,2.8,125,90,80,8,0.47,Geared,3,25,0.143,450,175,489.99999999999994,0.5000000000000568
94,9w01f3,1402,WESTWING,34.067027,-112.396715,9qpvn0,AZ,-7,,,,,,,0.0,1/1/2018,12/30/2022,2.8,125,90,80,8,0.47,Geared,3,25,0.143,450,0,0.0,0.0
95,9w1wf0,1102,CHOLLA,34.940278,-110.300278,9w393d,AZ,-7,RED_HORSE_2,32.2861,-110.0881,40.5,PV|WT,81.0,168.6,1/1/2018,12/30/2022,2.8,125,90,80,8,0.47,Geared,3,25,0.143,450,60,168.0,0.5999999999999943
95,9w1wf0,1102,CHOLLA,34.940278,-110.300278,9w393d,AZ,-7,DRY_LAKE_WIND_II_LLC,34.6062,-110.1734,65.1,WT,65.1,168.6,1/1/2018,12/30/2022,2.8,125,90,80,8,0.47,Geared,3,25,0.143,450,60,168.0,0.5999999999999943
95,9w1wf0,1102,CHOLLA,34.940278,-110.300278,9w393d,AZ,-7,DRY_LAKE_WIND_LLC,34.6596,-110.2842,63.0,WT,63.0,168.6,1/1/2018,12/30/2022,2.8,125,90,80,8,0.47,Geared,3,25,0.143,450,60,168.0,0.5999999999999943
96,9w1zzg,1101,CORONADO,35.131373,-109.690674,9w61k3,AZ,-7,MACHO_SPRINGS_POWER_I,32.5543,-107.5093,50.4,WT,50.4,50.4,1/1/2018,12/30/2022,2.8,125,90,80,8,0.47,Geared,3,25,0.143,450,18,50.4,0.0
97,9w3h8n,1201,MOENKOPI,35.985019,-111.090655,9w2ebd,AZ,-7,PERRIN_RANCH_WIND_LLC,35.4156,-112.2711,99.2,WT,99.2,99.2,1/1/2018,12/30/2022,2.8,125,90,80,8,0.47,Geared,3,25,0.143,450,35,98.0,1.2000000000000028
98,9w94m0,1202,NAVAJO,36.961002,-110.864429,9w8kp9,UT,-7,,,,,,,0.0,1/1/2018,12/30/2022,2.8,125,90,80,8,0.47,Geared,3,25,0.143,450,0,0.0,0.0
99,9wbmjr,6507,SIGURD,38.887109,-111.917677,9wbkrt,UT,-7,,,,,,,0.0,1/1/2018,12/30/2022,2.8,125,90,80,8,0.47,Geared,3,25,0.143,450,0,0.0,0.0
100,9wdb95,1001,FOURCORN,36.670897,-108.581419,9w6zxn,NM,-7,RED_MESA_WIND_LLC,35.2689,-107.3828,102.4,WT,102.4,102.4,1/1/2018,12/30/2022,2.8,125,90,80,8,0.47,Geared,3,25,0.143,450,37,103.6,-1.1999999999999886
101,9wdr2q,6505,PINTO,37.870747,-109.314458,9w9vvt,UT,-7,,,,,,,0.0,1/1/2018,12/30/2022,2.8,125,90,80,8,0.47,Geared,3,25,0.143,450,0,0.0,0.0
102,9we1bp,1004,SAN JUAN,36.910483,-108.278462,9w6zxn,NM,-7,HIGH_LONESOME_MESA_LLC,34.4667,-105.9625,100.0,WT,100.0,100.0,1/1/2018,12/30/2022,2.8,125,90,80,8,0.47,Geared,3,25,0.143,450,36,100.8,-0.7999999999999972
103,9wve62,7001,COLOEAST,38.542595,-104.660626,9wvsvk,CO,-7,CEDAR_POINT_WIND,39.4109,-103.6949,252.0,WT,252.0,1811.1,1/1/2018,12/30/2022,2.8,125,90,80,8,0.47,Geared,3,25,0.143,450,647,1811.6,-0.5
103,9wve62,7001,COLOEAST,38.542595,-104.660626,9wvsvk,CO,-7,LIMON_III_WIND_LLC,39.3533,-103.4742,200.6,WT,200.6,1811.1,1/1/2018,12/30/2022,2.8,125,90,80,8,0.47,Geared,3,25,0.143,450,647,1811.6,-0.5
103,9wve62,7001,COLOEAST,38.542595,-104.660626,9wvsvk,CO,-7,LIMON_WIND_I,39.4451,-103.5529,200.0,WT,200.0,1811.1,1/1/2018,12/30/2022,2.8,125,90,80,8,0.47,Geared,3,25,0.143,450,647,1811.6,-0.5
103,9wve62,7001,COLOEAST,38.542595,-104.660626,9wvsvk,CO,-7,LIMON_WIND_II,39.341,-103.5811,200.0,WT,200.0,1811.1,1/1/2018,12/30/2022,2.8,125,90,80,8,0.47,Geared,3,25,0.143,450,647,1811.6,-0.5
103,9wve62,7001,COLOEAST,38.542595,-104.660626,9wvsvk,CO,-7,COLORADO_GREEN_HOLDINGS_LLC,37.6976,-102.6746,162.0,WT,162.0,1811.1,1/1/2018,12/30/2022,2.8,125,90,80,8,0.47,Geared,3,25,0.143,450,647,1811.6,-0.5
103,9wve62,7001,COLOEAST,38.542595,-104.660626,9wvsvk,CO,-7,TWIN_BUTTES_WIND_PROJECT,37.6744,-102.8238,75.0,WT,75.0,1811.1,1/1/2018,12/30/2022,2.8,125,90,80,8,0.47,Geared,3,25,0.143,450,647,1811.6,-0.5
103,9wve62,7001,COLOEAST,38.542595,-104.660626,9wvsvk,CO,-7,PEAK_VIEW_WIND_FARM,37.7065,-104.5003,60.8,WT,60.8,1811.1,1/1/2018,12/30/2022,2.8,125,90,80,8,0.47,Geared,3,25,0.143,450,647,1811.6,-0.5
103,9wve62,7001,COLOEAST,38.542595,-104.660626,9wvsvk,CO,-7,BUSCH_RANCH_II_WIND_FARM,37.7664,-104.4295,59.4,WT,59.4,1811.1,1/1/2018,12/30/2022,2.8,125,90,80,8,0.47,Geared,3,25,0.143,450,647,1811.6,-0.5
103,9wve62,7001,COLOEAST,38.542595,-104.660626,9wvsvk,CO,-7,KIT_CARSON_WINDPOWER,39.3626,-102.3416,51.0,WT,51.0,1811.1,1/1/2018,12/30/2022,2.8,125,90,80,8,0.47,Geared,3,25,0.143,450,647,1811.6,-0.5
103,9wve62,7001,COLOEAST,38.542595,-104.660626,9wvsvk,CO,-7,BUSCH_RANCH_WIND_ENERGY_FARM,37.7808,-104.475,29.0,WT,29.0,1811.1,1/1/2018,12/30/2022,2.8,125,90,80,8,0.47,Geared,3,25,0.143,450,647,1811.6,-0.5
103,9wve62,7001,COLOEAST,38.542595,-104.660626,9wvsvk,CO,-7,NEW_MEXICO_WIND_ENERGY_CENTER,34.6357,-104.0473,204.0,WT,204.0,1811.1,1/1/2018,12/30/2022,2.8,125,90,80,8,0.47,Geared,3,25,0.143,450,647,1811.6,-0.5
103,9wve62,7001,COLOEAST,38.542595,-104.660626,9wvsvk,CO,-7,SAN_JUAN_MESA,33.9591,-103.8323,120.0,WT,120.0,1811.1,1/1/2018,12/30/2022,2.8,125,90,80,8,0.47,Geared,3,25,0.143,450,647,1811.6,-0.5
103,9wve62,7001,COLOEAST,38.542595,-104.660626,9wvsvk,CO,-7,ARAGONNE_WIND_LLC,34.8147,-105.0108,90.0,WT,90.0,1811.1,1/1/2018,12/30/2022,2.8,125,90,80,8,0.47,Geared,3,25,0.143,450,647,1811.6,-0.5
103,9wve62,7001,COLOEAST,38.542595,-104.660626,9wvsvk,CO,-7,CAPROCK_WIND_FARM,34.9842,-103.3737,80.0,WT,80.0,1811.1,1/1/2018,12/30/2022,2.8,125,90,80,8,0.47,Geared,3,25,0.143,450,647,1811.6,-0.5
103,9wve62,7001,COLOEAST,38.542595,-104.660626,9wvsvk,CO,-7,WILDCAT_WIND,32.9803,-103.319,27.3,WT,27.3,1811.1,1/1/2018,12/30/2022,2.8,125,90,80,8,0.47,Geared,3,25,0.143,450,647,1811.6,-0.5
104,9x06gc,6504,MONA,39.868637,-111.977164,9x0s4z,UT,-7,,,,,,,0.0,1/1/2018,12/30/2022,2.8,125,90,80,8,0.47,Geared,3,25,0.143,450,0,0.0,0.0
105,9x0gc5,6508,SPAN FRK,40.053045,-111.394196,9x0s4z,UT,-7,SPANISH_FORK_WIND_PARK_2_LLC,40.0732,-111.5836,18.9,WT,18.9,18.9,1/1/2018,12/30/2022,2.8,125,90,80,8,0.47,Geared,3,25,0.143,450,7,19.599999999999998,-0.6999999999999993
106,9x0mgn,6502,CAMP WIL,40.423164974,-112.007999968,9x0rm5,UT,-7,,,,,,,0.0,1/1/2018,12/30/2022,2.8,125,90,80,8,0.47,Geared,3,25,0.143,450,0,0.0,0.0
107,9x0ryy,6509,TERMINAL,40.772832,-111.846293,9x0rm5,UT,-7,,,,,,,0.0,1/1/2018,12/30/2022,2.8,125,90,80,8,0.47,Geared,3,25,0.143,450,0,0.0,0.0
108,9x27ep,6501,BENLOMND,41.439081,-112.006907,9x26y1,UT,-7,,,,,,,0.0,1/1/2018,12/30/2022,2.8,125,90,80,8,0.47,Geared,3,25,0.143,450,0,0.0,0.0
109,9x3mfn,6305,NAUGHTON,41.826887,-110.64461,9x921r,WY,-7,WYOMING_WIND_ENERGY_CENTER,41.2872,-110.5556,144.0,WT,144.0,285.0,1/1/2018,12/30/2022,2.8,125,90,80,8,0.47,Geared,3,25,0.143,450,102,285.59999999999997,-0.5999999999999659
109,9x3mfn,6305,NAUGHTON,41.826887,-110.64461,9x921r,WY,-7,MOUNTAIN_WIND_POWER_II_LLC,41.2706,-110.5455,80.0,WT,80.0,285.0,1/1/2018,12/30/2022,2.8,125,90,80,8,0.47,Geared,3,25,0.143,450,102,285.59999999999997,-0.5999999999999659
109,9x3mfn,6305,NAUGHTON,41.826887,-110.64461,9x921r,WY,-7,MOUNTAIN_WIND_POWER_LLC,41.2879,-110.4808,61.0,WT,61.0,285.0,1/1/2018,12/30/2022,2.8,125,90,80,8,0.47,Geared,3,25,0.143,450,102,285.59999999999997,-0.5999999999999659
110,9x47er,6503,EMERY,40.030278,-109.188333,9x4h7b,UT,-7,,,,,,,0.0,1/1/2018,12/30/2022,2.8,125,90,80,8,0.47,Geared,3,25,0.143,450,0,0.0,0.0
111,9x5w98,7002,CRAIG,40.521809,-107.506652,9x5ym3,CO,-7,,,,,,,0.0,1/1/2018,12/30/2022,2.8,125,90,80,8,0.47,Geared,3,25,0.143,450,0,0.0,0.0
112,9x6z6m,6301,BRIDGER,42.083869,-108.529745,9x6t42,WY,-7,,,,,,,0.0,1/1/2018,12/30/2022,2.8,125,90,80,8,0.47,Geared,3,25,0.143,450,0,0.0,0.0
113,9xkgmv,6302,LARAMIE,41.383369,-105.567246,9xkv40,WY,-7,CEDAR_CREEK_WIND,40.8941,-104.0248,300.5,WT,300.5,2877.6,1/1/2018,12/30/2022,2.8,125,90,80,8,0.47,Geared,3,25,0.143,450,1028,2878.3999999999996,-0.7999999999997272
113,9xkgmv,6302,LARAMIE,41.383369,-105.567246,9xkv40,WY,-7,CEDAR_CREEK_II,40.9481,-103.7811,248.3,WT,248.3,2877.6,1/1/2018,12/30/2022,2.8,125,90,80,8,0.47,Geared,3,25,0.143,450,1028,2878.3999999999996,-0.7999999999997272
113,9xkgmv,6302,LARAMIE,41.383369,-105.567246,9xkv40,WY,-7,LOGAN_WIND_ENERGY,40.953,-103.1448,201.0,WT,201.0,2877.6,1/1/2018,12/30/2022,2.8,125,90,80,8,0.47,Geared,3,25,0.143,450,1028,2878.3999999999996,-0.7999999999997272
113,9xkgmv,6302,LARAMIE,41.383369,-105.567246,9xkv40,WY,-7,PEETZ_TABLE_WIND_ENERGY,40.9453,-103.1646,199.5,WT,199.5,2877.6,1/1/2018,12/30/2022,2.8,125,90,80,8,0.47,Geared,3,25,0.143,450,1028,2878.3999999999996,-0.7999999999997272
113,9xkgmv,6302,LARAMIE,41.383369,-105.567246,9xkv40,WY,-7,NORTHERN_COLORADO_WIND_LLC,40.9932,-103.3966,174.3,WT,174.3,2877.6,1/1/2018,12/30/2022,2.8,125,90,80,8,0.47,Geared,3,25,0.143,450,1028,2878.3999999999996,-0.7999999999997272
113,9xkgmv,6302,LARAMIE,41.383369,-105.567246,9xkv40,WY,-7,COLORADO_HIGHLANDS_WIND,40.7439,-102.7677,96.1,WT,96.1,2877.6,1/1/2018,12/30/2022,2.8,125,90,80,8,0.47,Geared,3,25,0.143,450,1028,2878.3999999999996,-0.7999999999997272
113,9xkgmv,6302,LARAMIE,41.383369,-105.567246,9xkv40,WY,-7,SPRING_CANYON_EXPANSION_WIND_ENERGY_CENTER,40.9642,-103.0772,62.6,WT,62.6,2877.6,1/1/2018,12/30/2022,2.8,125,90,80,8,0.47,Geared,3,25,0.143,450,1028,2878.3999999999996,-0.7999999999997272
113,9xkgmv,6302,LARAMIE,41.383369,-105.567246,9xkv40,WY,-7,SPRING_CANYON,40.9429,-103.0179,60.0,WT,60.0,2877.6,1/1/2018,12/30/2022,2.8,125,90,80,8,0.47,Geared,3,25,0.143,450,1028,2878.3999999999996,-0.7999999999997272
113,9xkgmv,6302,LARAMIE,41.383369,-105.567246,9xkv40,WY,-7,RIDGE_CREST_WIND_PARTNERS,40.9614,-103.1158,29.7,WT,29.7,2877.6,1/1/2018,12/30/2022,2.8,125,90,80,8,0.47,Geared,3,25,0.143,450,1028,2878.3999999999996,-0.7999999999997272
113,9xkgmv,6302,LARAMIE,41.383369,-105.567246,9xkv40,WY,-7,EKOLA_FLATS,41.9324,-106.3584,250.9,WT,250.9,2877.6,1/1/2018,12/30/2022,2.8,125,90,80,8,0.47,Geared,3,25,0.143,450,1028,2878.3999999999996,-0.7999999999997272
113,9xkgmv,6302,LARAMIE,41.383369,-105.567246,9xkv40,WY,-7,TOP_OF_THE_WORLD_WINDPOWER_PROJECT,42.9381,-105.7819,200.0,WT,200.0,2877.6,1/1/2018,12/30/2022,2.8,125,90,80,8,0.47,Geared,3,25,0.143,450,1028,2878.3999999999996,-0.7999999999997272
113,9xkgmv,6302,LARAMIE,41.383369,-105.567246,9xkv40,WY,-7,GLENROCK,43.0267,-105.8343,165.6,WT,165.6,2877.6,1/1/2018,12/30/2022,2.8,125,90,80,8,0.47,Geared,3,25,0.143,450,1028,2878.3999999999996,-0.7999999999997272
113,9xkgmv,6302,LARAMIE,41.383369,-105.567246,9xkv40,WY,-7,SEVEN_MILE_HILL,41.9366,-106.3757,146.2,WT,146.2,2877.6,1/1/2018,12/30/2022,2.8,125,90,80,8,0.47,Geared,3,25,0.143,450,1028,2878.3999999999996,-0.7999999999997272
113,9xkgmv,6302,LARAMIE,41.383369,-105.567246,9xkv40,WY,-7,HIGH_PLAINS,41.6791,-105.993,122.1,WT,122.1,2877.6,1/1/2018,12/30/2022,2.8,125,90,80,8,0.47,Geared,3,25,0.143,450,1028,2878.3999999999996,-0.7999999999997272
113,9xkgmv,6302,LARAMIE,41.383369,-105.567246,9xkv40,WY,-7,ROLLING_HILLS,43.078,-105.8607,115.8,WT,115.8,2877.6,1/1/2018,12/30/2022,2.8,125,90,80,8,0.47,Geared,3,25,0.143,450,1028,2878.3999999999996,-0.7999999999997272
113,9xkgmv,6302,LARAMIE,41.383369,-105.567246,9xkv40,WY,-7,DUNLAP,42.0381,-106.1583,111.0,WT,111.0,2877.6,1/1/2018,12/30/2022,2.8,125,90,80,8,0.47,Geared,3,25,0.143,450,1028,2878.3999999999996,-0.7999999999997272
113,9xkgmv,6302,LARAMIE,41.383369,-105.567246,9xkv40,WY,-7,CAMPBELL_HILL_WINDPOWER,43.0145,-106.0048,99.0,WT,99.0,2877.6,1/1/2018,12/30/2022,2.8,125,90,80,8,0.47,Geared,3,25,0.143,450,1028,2878.3999999999996,-0.7999999999997272
113,9xkgmv,6302,LARAMIE,41.383369,-105.567246,9xkv40,WY,-7,PIONEER_WIND_PARK_LLC,42.7255,-105.8637,80.0,WT,80.0,2877.6,1/1/2018,12/30/2022,2.8,125,90,80,8,0.47,Geared,3,25,0.143,450,1028,2878.3999999999996,-0.7999999999997272
113,9xkgmv,6302,LARAMIE,41.383369,-105.567246,9xkv40,WY,-7,ROCK_RIVER_I_LLC,41.7126,-106.1038,50.0,WT,50.0,2877.6,1/1/2018,12/30/2022,2.8,125,90,80,8,0.47,Geared,3,25,0.143,450,1028,2878.3999999999996,-0.7999999999997272
113,9xkgmv,6302,LARAMIE,41.383369,-105.567246,9xkv40,WY,-7,SILVER_SAGE_WINDPOWER,41.1332,-105.0273,42.0,WT,42.0,2877.6,1/1/2018,12/30/2022,2.8,125,90,80,8,0.47,Geared,3,25,0.143,450,1028,2878.3999999999996,-0.7999999999997272
113,9xkgmv,6302,LARAMIE,41.383369,-105.567246,9xkv40,WY,-7,FOOTE_CREEK_I,41.6274,-106.2013,41.4,WT,41.4,2877.6,1/1/2018,12/30/2022,2.8,125,90,80,8,0.47,Geared,3,25,0.143,450,1028,2878.3999999999996,-0.7999999999997272
113,9xkgmv,6302,LARAMIE,41.383369,-105.567246,9xkv40,WY,-7,MCFADDEN_RIDGE,41.6692,-106.0245,35.2,WT,35.2,2877.6,1/1/2018,12/30/2022,2.8,125,90,80,8,0.47,Geared,3,25,0.143,450,1028,2878.3999999999996,-0.7999999999997272
113,9xkgmv,6302,LARAMIE,41.383369,-105.567246,9xkv40,WY,-7,HAPPY_JACK_WINDPOWER_PROJECT,41.1421,-104.9985,29.4,WT,29.4,2877.6,1/1/2018,12/30/2022,2.8,125,90,80,8,0.47,Geared,3,25,0.143,450,1028,2878.3999999999996,-0.7999999999997272
113,9xkgmv,6302,LARAMIE,41.383369,-105.567246,9xkv40,WY,-7,CASPER_WIND_FARM,42.8872,-106.2178,17.0,WT,17.0,2877.6,1/1/2018,12/30/2022,2.8,125,90,80,8,0.47,Geared,3,25,0.143,450,1028,2878.3999999999996,-0.7999999999997272
114,c21g7u,4007,CELILOCA,45.594757,-121.113585,c24hgw,WA,-8,,,,,,,0.0,1/1/2018,12/30/2022,2.8,125,90,80,8,0.47,Geared,3,25,0.143,450,0,0.0,0.0
115,c21g7y,4006,BIG EDDY,45.60664,-121.115583,c24hgw,WA,-8,,,,,,,0.0,1/1/2018,12/30/2022,2.8,125,90,80,8,0.47,Geared,3,25,0.143,450,0,0.0,0.0
116,c237sz,4202,WCASCADE,47.065363,-121.779859,c235sm,WA,-8,SAGEBRUSH_POWER_PARTNERS,47.1351,-120.6871,100.7,WT,100.7,100.7,1/1/2018,12/30/2022,2.8,125,90,80,8,0.47,Geared,3,25,0.143,450,36,100.8,-0.09999999999999432
117,c245ue,4005,JOHN DAY,45.677819,-120.733553,c24hgw,WA,-8,BIGLOW_CANYON_WIND_FARM,45.6514,-120.6039,449.7,WT,449.7,4375.6,1/1/2018,12/30/2022,2.8,125,90,80,8,0.47,Geared,3,25,0.143,450,1563,4376.4,-0.7999999999992724
117,c245ue,4005,JOHN DAY,45.677819,-120.733553,c24hgw,WA,-8,KLONDIKE_WINDPOWER_III_PHASE_2,45.5699,-120.5296,297.5,WT,297.5,4375.6,1/1/2018,12/30/2022,2.8,125,90,80,8,0.47,Geared,3,25,0.143,450,1563,4376.4,-0.7999999999992724
117,c245ue,4005,JOHN DAY,45.677819,-120.733553,c24hgw,WA,-8,KLONDIKE_WINDPOWER_III_PHASE_1,45.5946,-120.587,297.5,WT,297.5,4375.6,1/1/2018,12/30/2022,2.8,125,90,80,8,0.47,Geared,3,25,0.143,450,1563,4376.4,-0.7999999999992724
117,c245ue,4005,JOHN DAY,45.677819,-120.733553,c24hgw,WA,-8,HORSESHOE_BEND_WIND_LLC,45.5551,-119.9502,290.0,WT,290.0,4375.6,1/1/2018,12/30/2022,2.8,125,90,80,8,0.47,Geared,3,25,0.143,450,1563,4376.4,-0.7999999999992724
117,c245ue,4005,JOHN DAY,45.677819,-120.733553,c24hgw,WA,-8,SOUTH_HURLBURT_WIND_LLC,45.6556,-120.0164,290.0,WT,290.0,4375.6,1/1/2018,12/30/2022,2.8,125,90,80,8,0.47,Geared,3,25,0.143,450,1563,4376.4,-0.7999999999992724
117,c245ue,4005,JOHN DAY,45.677819,-120.733553,c24hgw,WA,-8,NORTH_HURLBURT_WIND_LLC,45.725,-120.0666,265.0,WT,265.0,4375.6,1/1/2018,12/30/2022,2.8,125,90,80,8,0.47,Geared,3,25,0.143,450,1563,4376.4,-0.7999999999992724
117,c245ue,4005,JOHN DAY,45.677819,-120.733553,c24hgw,WA,-8,LEANING_JUNIPER_WIND_POWER_II,45.6727,-120.2212,201.0,WT,201.0,4375.6,1/1/2018,12/30/2022,2.8,125,90,80,8,0.47,Geared,3,25,0.143,450,1563,4376.4,-0.7999999999992724
117,c245ue,4005,JOHN DAY,45.677819,-120.733553,c24hgw,WA,-8,MONTAGUE_WIND_POWER_FACILITY_LLC,45.5986,-120.2389,200.0,WT,200.0,4375.6,1/1/2018,12/30/2022,2.8,125,90,80,8,0.47,Geared,3,25,0.143,450,1563,4376.4,-0.7999999999992724
117,c245ue,4005,JOHN DAY,45.677819,-120.733553,c24hgw,WA,-8,LEANING_JUNIPER,45.6915,-120.1813,110.4,WT,110.4,4375.6,1/1/2018,12/30/2022,2.8,125,90,80,8,0.47,Geared,3,25,0.143,450,1563,4376.4,-0.7999999999992724
117,c245ue,4005,JOHN DAY,45.677819,-120.733553,c24hgw,WA,-8,ARLINGTON_WIND_POWER_PROJECT,45.6849,-120.2306,103.0,WT,103.0,4375.6,1/1/2018,12/30/2022,2.8,125,90,80,8,0.47,Geared,3,25,0.143,450,1563,4376.4,-0.7999999999992724
117,c245ue,4005,JOHN DAY,45.677819,-120.733553,c24hgw,WA,-8,HAY_CANYON_WIND_POWER_LLC,45.5194,-120.5784,100.8,WT,100.8,4375.6,1/1/2018,12/30/2022,2.8,125,90,80,8,0.47,Geared,3,25,0.143,450,1563,4376.4,-0.7999999999992724
117,c245ue,4005,JOHN DAY,45.677819,-120.733553,c24hgw,WA,-8,STAR_POINT_WIND_PROJECT_LLC,45.4765,-120.5273,98.7,WT,98.7,4375.6,1/1/2018,12/30/2022,2.8,125,90,80,8,0.47,Geared,3,25,0.143,450,1563,4376.4,-0.7999999999992724
117,c245ue,4005,JOHN DAY,45.677819,-120.733553,c24hgw,WA,-8,PEBBLE_SPRINGS_WIND_LLC,45.7356,-120.1255,98.7,WT,98.7,4375.6,1/1/2018,12/30/2022,2.8,125,90,80,8,0.47,Geared,3,25,0.143,450,1563,4376.4,-0.7999999999992724
117,c245ue,4005,JOHN DAY,45.677819,-120.733553,c24hgw,WA,-8,WHEAT_FIELD_WIND_POWER_PROJECT,45.6706,-120.316,97.0,WT,97.0,4375.6,1/1/2018,12/30/2022,2.8,125,90,80,8,0.47,Geared,3,25,0.143,450,1563,4376.4,-0.7999999999992724
117,c245ue,4005,JOHN DAY,45.677819,-120.733553,c24hgw,WA,-8,KLONDIKE_WINDPOWER_II,45.5703,-120.5964,75.0,WT,75.0,4375.6,1/1/2018,12/30/2022,2.8,125,90,80,8,0.47,Geared,3,25,0.143,450,1563,4376.4,-0.7999999999992724
117,c245ue,4005,JOHN DAY,45.677819,-120.733553,c24hgw,WA,-8,WILLOW_CREEK_ENERGY_CENTER,45.6478,-119.9868,72.0,WT,72.0,4375.6,1/1/2018,12/30/2022,2.8,125,90,80,8,0.47,Geared,3,25,0.143,450,1563,4376.4,-0.7999999999992724
117,c245ue,4005,JOHN DAY,45.677819,-120.733553,c24hgw,WA,-8,CONDON_WINDPOWER_LLC,45.2859,-120.2789,49.8,WT,49.8,4375.6,1/1/2018,12/30/2022,2.8,125,90,80,8,0.47,Geared,3,25,0.143,450,1563,4376.4,-0.7999999999992724
117,c245ue,4005,JOHN DAY,45.677819,-120.733553,c24hgw,WA,-8,KLONDIKE_WIND_POWER,45.5679,-120.5727,24.5,WT,24.5,4375.6,1/1/2018,12/30/2022,2.8,125,90,80,8,0.47,Geared,3,25,0.143,450,1563,4376.4,-0.7999999999992724
117,c245ue,4005,JOHN DAY,45.677819,-120.733553,c24hgw,WA,-8,WINDY_FLATS_WIND_PROJECT,45.7174,-120.832,262.2,WT,262.2,4375.6,1/1/2018,12/30/2022,2.8,125,90,80,8,0.47,Geared,3,25,0.143,450,1563,4376.4,-0.7999999999992724
117,c245ue,4005,JOHN DAY,45.677819,-120.733553,c24hgw,WA,-8,WHITE_CREEK_WIND_FARM,45.817,-120.3466,204.0,WT,204.0,4375.6,1/1/2018,12/30/2022,2.8,125,90,80,8,0.47,Geared,3,25,0.143,450,1563,4376.4,-0.7999999999992724
117,c245ue,4005,JOHN DAY,45.677819,-120.733553,c24hgw,WA,-8,BIG_HORN_WIND_PROJECT,45.9014,-120.2885,199.0,WT,199.0,4375.6,1/1/2018,12/30/2022,2.8,125,90,80,8,0.47,Geared,3,25,0.143,450,1563,4376.4,-0.7999999999992724
117,c245ue,4005,JOHN DAY,45.677819,-120.733553,c24hgw,WA,-8,JUNIPER_CANYON_I_WIND_PROJECT,45.8701,-120.2966,151.2,WT,151.2,4375.6,1/1/2018,12/30/2022,2.8,125,90,80,8,0.47,Geared,3,25,0.143,450,1563,4376.4,-0.7999999999992724
117,c245ue,4005,JOHN DAY,45.677819,-120.733553,c24hgw,WA,-8,TUOLUMNE_WIND_PROJECT,45.8128,-120.6558,136.3,WT,136.3,4375.6,1/1/2018,12/30/2022,2.8,125,90,80,8,0.47,Geared,3,25,0.143,450,1563,4376.4,-0.7999999999992724
117,c245ue,4005,JOHN DAY,45.677819,-120.733553,c24hgw,WA,-8,GOODNOE_HILLS,45.7817,-120.5139,103.4,WT,103.4,4375.6,1/1/2018,12/30/2022,2.8,125,90,80,8,0.47,Geared,3,25,0.143,450,1563,4376.4,-0.7999999999992724
117,c245ue,4005,JOHN DAY,45.677819,-120.733553,c24hgw,WA,-8,HARVEST_WIND_PROJECT,45.7908,-120.2474,98.9,WT,98.9,4375.6,1/1/2018,12/30/2022,2.8,125,90,80,8,0.47,Geared,3,25,0.143,450,1563,4376.4,-0.7999999999992724
117,c245ue,4005,JOHN DAY,45.677819,-120.733553,c24hgw,WA,-8,LINDEN_WIND_ENERGY_PROJECT,45.7247,-120.7701,50.0,WT,50.0,4375.6,1/1/2018,12/30/2022,2.8,125,90,80,8,0.47,Geared,3,25,0.143,450,1563,4376.4,-0.7999999999992724
117,c245ue,4005,JOHN DAY,45.677819,-120.733553,c24hgw,WA,-8,BIG_HORN_WIND_II,45.9304,-120.2857,50.0,WT,50.0,4375.6,1/1/2018,12/30/2022,2.8,125,90,80,8,0.47,Geared,3,25,0.143,450,1563,4376.4,-0.7999999999992724
118,c26crp,4102,HANFORD,46.669392,-119.573343,c25nbr,WA,-8,FPL_ENERGY_VANSYCLE_LLC_OR,45.9891,-118.8007,122.8,WT,122.8,885.1500000000001,1/1/2018,12/30/2022,2.8,125,90,80,8,0.47,Geared,3,25,0.143,450,316,884.8,0.3500000000001364
118,c26crp,4102,HANFORD,46.669392,-119.573343,c25nbr,WA,-8,VANSYCLE_II_WIND_ENERGY_CENTER,45.8994,-118.5889,98.9,WT,98.9,885.1500000000001,1/1/2018,12/30/2022,2.8,125,90,80,8,0.47,Geared,3,25,0.143,450,316,884.8,0.3500000000001364
118,c26crp,4102,HANFORD,46.669392,-119.573343,c25nbr,WA,-8,EURUS_COMBINE_HILLS_TURBINE_RANCH_2,45.9436,-118.5828,66.1,WT,66.1,885.1500000000001,1/1/2018,12/30/2022,2.8,125,90,80,8,0.47,Geared,3,25,0.143,450,316,884.8,0.3500000000001364
118,c26crp,4102,HANFORD,46.669392,-119.573343,c25nbr,WA,-8,COMBINE_HILLS_I,45.9335,-118.5856,43.0,WT,43.0,885.1500000000001,1/1/2018,12/30/2022,2.8,125,90,80,8,0.47,Geared,3,25,0.143,450,316,884.8,0.3500000000001364
118,c26crp,4102,HANFORD,46.669392,-119.573343,c25nbr,WA,-8,VANSYCLE,45.9392,-118.6651,25.0,WT,25.0,885.1500000000001,1/1/2018,12/30/2022,2.8,125,90,80,8,0.47,Geared,3,25,0.143,450,316,884.8,0.3500000000001364
118,c26crp,4102,HANFORD,46.669392,-119.573343,c25nbr,WA,-8,CHOPIN_WIND_LLC,45.88,-118.4633,10.0,WT,10.0,885.1500000000001,1/1/2018,12/30/2022,2.8,125,90,80,8,0.47,Geared,3,25,0.143,450,316,884.8,0.3500000000001364
118,c26crp,4102,HANFORD,46.669392,-119.573343,c25nbr,WA,-8,FOUR_MILE_CANYON_WINDFARM_LLC,45.6493,-119.4585,10.0,WT,10.0,885.1500000000001,1/1/2018,12/30/2022,2.8,125,90,80,8,0.47,Geared,3,25,0.143,450,316,884.8,0.3500000000001364
118,c26crp,4102,HANFORD,46.669392,-119.573343,c25nbr,WA,-8,FOUR_CORNERS_WINDFARM_LLC,45.7259,-119.4162,10.0,WT,10.0,885.1500000000001,1/1/2018,12/30/2022,2.8,125,90,80,8,0.47,Geared,3,25,0.143,450,316,884.8,0.3500000000001364
118,c26crp,4102,HANFORD,46.669392,-119.573343,c25nbr,WA,-8,WILD_HORSE,47.0322,-120.2022,136.55,PV|WT,273.1,885.1500000000001,1/1/2018,12/30/2022,2.8,125,90,80,8,0.47,Geared,3,25,0.143,450,316,884.8,0.3500000000001364
118,c26crp,4102,HANFORD,46.669392,-119.573343,c25nbr,WA,-8,FPL_ENERGY_VANSYCLE_LLC_WA,46.0066,-118.8152,176.9,WT,176.9,885.1500000000001,1/1/2018,12/30/2022,2.8,125,90,80,8,0.47,Geared,3,25,0.143,450,316,884.8,0.3500000000001364
118,c26crp,4102,HANFORD,46.669392,-119.573343,c25nbr,WA,-8,NINE_CANYON,46.0984,-119.1002,95.9,WT,95.9,885.1500000000001,1/1/2018,12/30/2022,2.8,125,90,80,8,0.47,Geared,3,25,0.143,450,316,884.8,0.3500000000001364
118,c26crp,4102,HANFORD,46.669392,-119.573343,c25nbr,WA,-8,VANTAGE_WIND_ENERGY_LLC,46.9523,-120.1521,90.0,WT,90.0,885.1500000000001,1/1/2018,12/30/2022,2.8,125,90,80,8,0.47,Geared,3,25,0.143,450,316,884.8,0.3500000000001364
119,c2967d,4201,NORTH,48.22276,-121.837459,c2933q,WA,-8,,,,,,,0.0,1/1/2018,12/30/2022,2.8,125,90,80,8,0.47,Geared,3,25,0.143,450,0,0.0,0.0
120,c2c10y,5001,CANADA,49.429986,-122.303722,c29mge,WA,-8,,,,,,,0.0,1/1/2018,12/30/2022,2.8,125,90,80,8,0.47,Geared,3,25,0.143,450,0,0.0,0.0
121,c2e2u0,4101,COULEE,47.947893,-118.996055,c27y9q,WA,-8,,,,,,,0.0,1/1/2018,12/30/2022,2.8,125,90,80,8,0.47,Geared,3,25,0.143,450,0,0.0,0.0
122,c2kx95,4103,BELL,47.746353,-117.373738,c2kwbm,WA,-8,LOWER_SNAKE_RIVER_WIND_ENERGY_PROJECT,46.5464,-117.8231,342.7,WT,342.7,1082.0,1/1/2018,12/30/2022,2.8,125,90,80,8,0.47,Geared,3,25,0.143,450,386,1080.8,1.2000000000000455
122,c2kx95,4103,BELL,47.746353,-117.373738,c2kwbm,WA,-8,TUCANNON_RIVER_WIND_FARM,46.4211,-118.0269,266.8,WT,266.8,1082.0,1/1/2018,12/30/2022,2.8,125,90,80,8,0.47,Geared,3,25,0.143,450,386,1080.8,1.2000000000000455
122,c2kx95,4103,BELL,47.746353,-117.373738,c2kwbm,WA,-8,MARENGO_WIND_PLANT,46.3741,-117.7761,210.6,WT,210.6,1082.0,1/1/2018,12/30/2022,2.8,125,90,80,8,0.47,Geared,3,25,0.143,450,386,1080.8,1.2000000000000455
122,c2kx95,4103,BELL,47.746353,-117.373738,c2kwbm,WA,-8,HOPKINS_RIDGE_WIND,46.4266,-117.8163,156.6,WT,156.6,1082.0,1/1/2018,12/30/2022,2.8,125,90,80,8,0.47,Geared,3,25,0.143,450,386,1080.8,1.2000000000000455
122,c2kx95,4103,BELL,47.746353,-117.373738,c2kwbm,WA,-8,PALOUSE,47.1588,-117.3644,105.3,WT,105.3,1082.0,1/1/2018,12/30/2022,2.8,125,90,80,8,0.47,Geared,3,25,0.143,450,386,1080.8,1.2000000000000455
123,c2r8x7,6202,GARRISON,46.515909,-112.878383,c2rdqp,MT,-7,,,,,,,0.0,1/1/2018,12/30/2022,2.8,125,90,80,8,0.47,Geared,3,25,0.143,450,0,0.0,0.0
124,c2u6xt,5003,CA230TO,49.686968,-117.438199,c2sshm,WA,-8,,,,,,,0.0,1/1/2018,12/30/2022,2.8,125,90,80,8,0.47,Geared,3,25,0.143,450,0,0.0,0.0
125,c82vu4,6205,MONTANA,47.432975,-111.260716,c82v4j,MT,-7,NATURENER_RIM_ROCK_ENERGY,48.8167,-112.1023,189.0,WT,189.0,751.4,1/1/2018,12/30/2022,2.8,125,90,80,8,0.47,Geared,3,25,0.143,450,268,750.4,1.0
125,c82vu4,6205,MONTANA,47.432975,-111.260716,c82v4j,MT,-7,JUDITH_GAP_WIND_ENERGY_CENTER,46.5737,-109.7306,135.0,WT,135.0,751.4,1/1/2018,12/30/2022,2.8,125,90,80,8,0.47,Geared,3,25,0.143,450,268,750.4,1.0
125,c82vu4,6205,MONTANA,47.432975,-111.260716,c82v4j,MT,-7,NATURENER_GLACIER_WIND_ENERGY_1,48.5096,-112.0999,106.5,WT,106.5,751.4,1/1/2018,12/30/2022,2.8,125,90,80,8,0.47,Geared,3,25,0.143,450,268,750.4,1.0
125,c82vu4,6205,MONTANA,47.432975,-111.260716,c82v4j,MT,-7,NATURENER_GLACIER_WIND_ENERGY_2,48.5302,-112.1922,103.5,WT,103.5,751.4,1/1/2018,12/30/2022,2.8,125,90,80,8,0.47,Geared,3,25,0.143,450,268,750.4,1.0
125,c82vu4,6205,MONTANA,47.432975,-111.260716,c82v4j,MT,-7,STILLWATER_WIND_LLC,45.8659,-109.4766,79.7,WT,79.7,751.4,1/1/2018,12/30/2022,2.8,125,90,80,8,0.47,Geared,3,25,0.143,450,268,750.4,1.0
125,c82vu4,6205,MONTANA,47.432975,-111.260716,c82v4j,MT,-7,SPION_KOP_WIND_FARM,47.3344,-110.6377,40.0,WT,40.0,751.4,1/1/2018,12/30/2022,2.8,125,90,80,8,0.47,Geared,3,25,0.143,450,268,750.4,1.0
125,c82vu4,6205,MONTANA,47.432975,-111.260716,c82v4j,MT,-7,GREENFIELD_WIND_-_MT,47.722,-111.9655,25.0,WT,25.0,751.4,1/1/2018,12/30/2022,2.8,125,90,80,8,0.47,Geared,3,25,0.143,450,268,750.4,1.0
125,c82vu4,6205,MONTANA,47.432975,-111.260716,c82v4j,MT,-7,BIG_TIMBER_WIND_FARM,45.8554,-109.6492,25.0,WT,25.0,751.4,1/1/2018,12/30/2022,2.8,125,90,80,8,0.47,Geared,3,25,0.143,450,268,750.4,1.0
125,c82vu4,6205,MONTANA,47.432975,-111.260716,c82v4j,MT,-7,GORDON_BUTTE_WIND_LLC,46.4124,-110.3331,17.7,WT,17.7,751.4,1/1/2018,12/30/2022,2.8,125,90,80,8,0.47,Geared,3,25,0.143,450,268,750.4,1.0
125,c82vu4,6205,MONTANA,47.432975,-111.260716,c82v4j,MT,-7,MUSSELSHELL_WIND_PROJECT,46.2646,-109.4994,10.0,WT,10.0,751.4,1/1/2018,12/30/2022,2.8,125,90,80,8,0.47,Geared,3,25,0.143,450,268,750.4,1.0
125,c82vu4,6205,MONTANA,47.432975,-111.260716,c82v4j,MT,-7,FAIRFIELD_WIND,47.7233,-111.9653,10.0,WT,10.0,751.4,1/1/2018,12/30/2022,2.8,125,90,80,8,0.47,Geared,3,25,0.143,450,268,750.4,1.0
125,c82vu4,6205,MONTANA,47.432975,-111.260716,c82v4j,MT,-7,MUSSELSHELL_WIND_PROJECT_TWO_LLC,46.2803,-109.4707,10.0,WT,10.0,751.4,1/1/2018,12/30/2022,2.8,125,90,80,8,0.47,Geared,3,25,0.143,450,268,750.4,1.0
126,c8h5zm,6201,COLSTRP,45.689474,-106.552322,c8hnst,MT,-7,DIAMOND_WILLOW_WIND_FACILITY,46.2748,-104.1825,30.0,WT,30.0,30.0,1/1/2018,12/30/2022,2.8,125,90,80,8,0.47,Geared,3,25,0.143,450,11,30.799999999999997,-0.7999999999999972
