geocode,usps,county,heating_sens,heating_temp,heating_rmse,cooling_sens,cooling_temp,cooling_rmse
9w61k3,AZ,Apache County,-0.886708695678698,17.273994696322042,0.09611825660254525,0.41748932003355427,0.17692323724191447,0.05483522185175359
9t9vnh,AZ,Cochise County,-1.1339248878295816,33.161495049676354,0.1629861397413739,2.276947973833117,41.6701438932639,0.19606423053319094
9w2ebd,AZ,Coconino County,-0.7048839618684772,10.517224558087838,0.08082207231200358,2.2435219531255854,35.28345827914924,0.14875124545500054
9w10nr,AZ,Gila County,-0.9860335156062232,22.515281241028802,0.11206714485070593,0.9899912580076935,5.715907199676798,0.09719759115808135
9tcg7e,AZ,Graham County,-0.3333578919273812,2.9887374060399914,0.059506104085487926,0.6342522013455751,3.9544236957429537,0.050438373564754
9tfm44,AZ,Greenlee County,-0.1811012228413315,0.7137846848819063,0.021781014539753417,0.2809941489260604,1.0904372865640983,0.023152115632131286
9myzug,AZ,La Paz County,-0.10492604892104553,0.35809967821037875,0.02003839234073412,1.1392974849096218,18.227105477071163,0.09402531872805008
9tbj8n,AZ,Maricopa County,-20.564065411459495,12630.53521737395,2.996997877121751,130.0307444973039,233465.13305907074,6.835819314106666
9qr55w,AZ,Mohave County,-3.6496377960679975,363.42806736167665,0.5083000981128493,4.787670028882475,199.0882841080158,0.40982362000701716
9w393d,AZ,Navajo County,-0.9065581755761954,18.766178187806823,0.11601748006381138,1.2129269791741755,6.268408036115289,0.13009523821596314
9t8wb2,AZ,Pima County,-4.854604197235934,681.7437606064058,0.6936547210190583,29.00624255798692,10111.872538177824,2.050715997022064
9tbg3b,AZ,Pinal County,-1.2343654824925758,47.774694301260055,0.20990920136682914,13.532374102841445,2794.3145389892466,0.7896108768060242
9t95me,AZ,Santa Cruz County,-0.2429767406693702,1.39837191792867,0.04317503621739477,0.6599267116178422,4.060232224576486,0.0559790415868685
9qpvn0,AZ,Yavapai County,-2.8925968894760503,194.58518743692252,0.30482002718796053,3.110258654080996,54.82259455669463,0.2947083115195403
9myfry,AZ,Yuma County,-0.7329228767854885,16.40774737429082,0.11925645139585471,8.002418499420342,978.5299943435539,0.46855172630907954
9q9q1v,CA,Alameda County,-11.27257873656106,2375.185991283785,0.4869299101123152,11.642020185234239,1206.912521736331,0.32321085243964015
9qfg9y,CA,Alpine County,-0.05526171181017746,0.05786572956558891,0.007212693217978641,0.018280103601980752,-0.0005170969739829446,0.004187880164982881
9qf4wq,CA,Amador County,-0.4797221749330858,3.9956898539594916,0.04375948472779088,0.19276407046206792,-0.03915195336081988,0.027124414735153656
9r198u,CA,Butte County,-1.5478054137066435,57.39525491130078,0.15391699460770483,4.8791448918726035,240.82440204478917,0.33203632835952607
9qf30x,CA,Calaveras County,-0.7179539425176171,9.516885430585647,0.08139120869521817,0.2264708593493497,-0.05776557665652939,0.03608212738228407
9qcnfk,CA,Colusa County,-0.07747303739962148,0.1497726773555799,0.010492775081068445,0.3064551386905543,0.86571167265889,0.026230860758359672
9q9r8z,CA,Contra Costa County,-4.871036639188604,572.5358141228451,0.47459766652925245,17.341954376463235,2937.9729930248404,0.9913356135164508
9prvd4,CA,Del Norte County,-0.3276468786593283,1.6511415581154019,0.009976596678344232,0.08514439345459324,0.054231914152786644,0.003326787475520975
9qfk9h,CA,El Dorado County,-2.6927188794033823,137.8984884845243,0.2771583115345491,1.1445870622259495,-1.4072323688104935,0.1345270126772151
9qdcjh,CA,Fresno County,-5.772889740718365,913.6854650547781,0.6206651312353183,22.766201847723956,5677.765571867587,1.2044766412012966
9r0cq9,CA,Glenn County,-0.42348408749611033,3.9789139448606123,0.04699022324435363,0.49968757134174957,2.4738398535668966,0.03951301645881197
9ppzef,CA,Humboldt County,-1.3989572137016846,33.19098457831505,0.06284325377958909,0.40234019299201257,0.8468497969602439,0.019166443584797715
9mvgzn,CA,Imperial County,-0.4956859330154022,7.995485252525405,0.10189446194131291,4.917839867549279,327.8263538113494,0.3375033303520263
9qkxbr,CA,Inyo County,-0.1937010824410768,0.8103150172491836,0.030441103002889634,0.37254049057855876,0.7206051623177325,0.049141450804981626
9q7944,CA,Kern County,-3.3136167211798826,296.446749476182,0.3376375323465526,19.333915643633794,4294.268210894465,1.0378870743728554
9q6v1w,CA,Kings County,-0.4453558900426573,4.788203480921288,0.05330584485060458,2.471346593045574,57.42521284444274,0.19404067384676385
9qbwqu,CA,Lake County,-0.41449644775389616,3.7992276730485326,0.050410552001322835,0.653901126370003,2.4460658277206915,0.08530279984961506
9r4pwv,CA,Lassen County,-0.6669509874672246,8.27802044873001,0.06759009691052817,0.16078653993679856,0.02172844862188932,0.018092047869808066
9q5fsc,CA,Los Angeles County,-51.50392637138538,71114.25402720847,6.042100534573307,166.02363785524165,210487.84783512648,12.832122765229109
9qdgej,CA,Madera County,-0.8574670197360855,17.62741818470998,0.0890239491403775,2.6495509596949094,66.1951273279706,0.19561213269961283
9qb8qz,CA,Marin County,-1.4589738402457777,43.95960618182369,0.1478218699730055,1.4890293001456805,15.959126855703405,0.07565021966994556
9qdtxr,CA,Mariposa County,-0.09646636995709588,0.19671554169143723,0.009181096915155154,0.4155698350714843,1.6793931306631873,0.03536193957955194
9r00qf,CA,Mendocino County,-0.7679305770493586,14.927035622117657,0.08769745640869402,0.769727341000747,4.306835312933898,0.05714368749930345
9qd5sg,CA,Merced County,-2.2151933236080303,129.98419631362518,0.2803183024452733,4.701985392970923,195.34458217450006,0.35745301542046587
9r6hsg,CA,Modoc County,-0.16211099365501405,0.43845615225764656,0.017368696876276447,0.1063335388497673,0.01687073123212063,0.009924059215915524
9qerwy,CA,Mono County,-0.21963337283237389,1.000364162772745,0.029214509041347047,0.3687973057661585,0.5650504053685114,0.046516324033062786
9q3wpm,CA,Monterey County,-3.224629248902185,199.78747121185594,0.19587070383518207,2.1564759865402237,38.959859428260124,0.07163262005215587
9qc506,CA,Napa County,-0.9738477697393252,20.59311251699186,0.09033886026080246,1.1591880757803834,9.169424447795565,0.05265283569619792
9qfpec,CA,Nevada County,-0.8506438549202446,13.556010635215138,0.08821358320456989,0.5190679842279518,-0.4953740051334033,0.0573521770885347
9mupxf,CA,Orange County,-6.617236977346461,1093.5949013806676,0.6282570090681235,65.05498536422432,49702.26681378271,2.9531724798321117
9qfnhz,CA,Placer County,-5.442166798202538,560.0674431976244,0.3315285575337238,3.9292250658114862,61.200241777484315,0.30278309573812784
9r45d8,CA,Plumas County,-0.447919180590595,4.088507752627474,0.05644212999014372,0.08941364445902313,-0.014915150378437032,0.01455579796019487
9mvxbk,CA,Riverside County,-4.79342526230699,604.6112731917639,0.509519733331134,48.134109590969935,26370.909974817157,2.7694448328472534
9qcdwz,CA,Sacramento County,-12.604383511721755,3906.4069623083888,1.2184419577977954,25.838262325664672,5744.737994293828,1.6776002161353079
9q9bk8,CA,San Benito County,-0.2337491300325135,0.9924559463635406,0.019057178221764497,0.36508989896486366,1.1294327322117377,0.010605898390371736
9qjqk1,CA,San Bernardino County,-7.3118468433023605,1573.5070018496858,0.8953257508774516,56.74408936936536,34315.19042421076,3.786360184586036
9mugye,CA,San Diego County,-14.250721523893064,4711.171700981772,1.3797207925433361,42.816904445061645,14736.945386926529,2.4838696064661967
9q8w8k,CA,San Francisco County,-4.598456770913024,412.5295828938917,0.23350179799887852,9.294802962702109,768.5578790457919,0.20293439673210154
9q9zb3,CA,San Joaquin County,-4.757223618771527,581.1397666466275,0.4555599774905375,12.286428988063781,1432.424398413005,0.8124149827971904
9q6371,CA,San Luis Obispo County,-0.894922404272879,20.217251339870927,0.1359702417069657,3.0219394842836604,70.72757247840559,0.18776128240535597
9q8uz7,CA,San Mateo County,-3.9850596155920353,301.3489726955605,0.17812271347390332,5.8310046455273445,342.71396388942196,0.14721360712896045
9q4skr,CA,Santa Barbara County,-1.0435651406067354,22.45403060809347,0.08941935898786581,3.1304252626841653,81.419271678414,0.12091448436253374
9q97wz,CA,Santa Clara County,-8.12687692236785,1317.9060304467266,0.5080433849384914,18.015435263054634,3013.3584291650304,0.5333081260997861
9q94x9,CA,Santa Cruz County,-1.4607737579887514,41.982216144486486,0.11056769091720263,1.904500041789714,27.751071684037793,0.06829622240248934
9r1pyu,CA,Shasta County,-1.3853803195284602,52.26343839543114,0.17177209904906476,4.356818953631308,180.30591317942444,0.3527369527618481
9r431k,CA,Sierra County,-0.03006627768627473,0.011820268307424638,0.003617289086543288,0.011666613603761694,-0.0001991072572208116,0.0025311698547255826
9r2ued,CA,Siskiyou County,-0.7409045808587695,12.47910569136885,0.07270772707305476,0.393356075680317,0.5835252070788195,0.033626786896054105
9qc39n,CA,Solano County,-2.282095223444202,131.1986797177904,0.2616894793932082,7.878619724339614,554.8285955120325,0.5727477852166971
9qbe4t,CA,Sonoma County,-2.346436854720655,124.57586144113944,0.2683966363133135,4.55115094745316,148.27868165548776,0.23002838218030103
9q9vww,CA,Stanislaus County,-2.9869813619485917,227.97712420174815,0.28501087525820934,10.865365071322522,1166.2430752345795,0.622377867329228
9qcqnd,CA,Sutter County,-0.6892867553969839,11.208166469658241,0.06531017088664655,1.6067252622923727,21.287049224683546,0.10945039416633512
9r1h68,CA,Tehama County,-0.6163834638537699,9.089300879623842,0.07308421846814342,1.3197219658530017,17.197367110553653,0.11624285699855362
9r0rnr,CA,Trinity County,-0.023016377620975494,0.013186173570403548,0.006042526701331575,0.3416113307028128,1.1523044910961906,0.02930466461783608
9q7w15,CA,Tulare County,-1.9120844138393003,95.00970248801725,0.2016898555782411,8.061976370375707,616.9889336239914,0.5040099947590589
9qf8q1,CA,Tuolumne County,-0.8549411637605496,13.078294086011358,0.09199842296045053,0.35292126803940455,-0.14856468299570053,0.043351093824292475
9q573n,CA,Ventura County,-1.0226265905899692,23.314420805328762,0.09238707440963807,10.475384962607183,1178.288862189009,0.3582987579440669
9qck41,CA,Yolo County,-1.4619438343582594,51.004505421902806,0.13687801770441382,3.223786565248165,90.39243770518085,0.21349330903312894
9qcxqs,CA,Yuba County,-0.3517467897255524,3.1766032619193907,0.046225601656648664,1.279252347801748,14.264592439268641,0.10312398755997261
9xjfcf,CO,Adams County,-4.355290163900427,397.5057913190328,0.4096631677960416,2.6838005479994544,9.707417259999632,0.2704162815700391
9wsv8x,CO,Alamosa County,-0.12479958326419616,0.2216087869639451,0.010915680501865524,0.059863908584673255,-0.009878048866817847,0.009263261997574717
9xjc9c,CO,Arapahoe County,-6.050659646677552,762.9963274887124,0.5255293430230663,4.155905122076618,27.87237490815387,0.40342561932364174
9wegeu,CO,Archuleta County,-0.156188217606446,0.35178441307309727,0.01777508152891308,0.06571217054917441,-0.010957730317097276,0.010850950083463717
9wxh68,CO,Baca County,-0.04009111638618677,0.02418364411466691,0.006743577278217001,0.053215542511465944,0.024394354687607457,0.006171179823333152
9wwxy3,CO,Bent County,-0.001816471249855046,5.7482728255809826e-05,0.00017568933633833447,0.029881792554995897,0.009004419237627508,0.003690493559875695
9xjh1e,CO,Boulder County,-3.0590034191047564,192.28957861377472,0.2654569848933878,2.1003003557784106,7.282384813904886,0.20509845131989288
9xj739,CO,Broomfield County,-0.9655918113740872,15.76788047296172,0.07121432394118433,0.4808569701957828,0.4897951789039931,0.051726688857005564
9wukks,CO,Chaffee County,-0.2901412792992353,1.1733556594818804,0.031670736521962534,0.07613748661713106,-0.017717616734500067,0.013272898602112011
9wzhcj,CO,Cheyenne County,-0.051068775629245354,0.03892386474083844,0.005937262714635352,0.026493829280849843,0.008101845434952336,0.002085482720523387
9xhcdv,CO,Clear Creek County,-0.12016741607060014,0.2084347702217074,0.010023719209226447,0.07911093421904773,0.015118815298232098,0.007565826600980688
9ws7xy,CO,Conejos County,-0.001821532067687458,5.761827038005096e-05,0.00018438496888277756,0.036713863148743,-0.004839212539129019,0.006223082357504087
9wth0f,CO,Costilla County,-0.03521873336670172,0.015559343562347418,0.004325298197813082,0.04884084040643989,0.00653384817508897,0.007027092062937569
9wy1yt,CO,Crowley County,-0.04854823129150932,0.03686284319928568,0.0038322276991170742,0.0418238416732047,0.019087393842469373,0.004711235743162937
9wv0f0,CO,Custer County,-0.0955961223040584,0.14126488934837705,0.011608432249462862,0.097702368861273,0.022540683038578816,0.011359263297905195
9wgm16,CO,Delta County,-0.2981653143334773,1.4508887944803044,0.028392208876220168,0.21253901435772485,0.08190138919224428,0.025511025036269456
9xj6jq,CO,Denver County,-7.461388386435271,1186.8584312005617,0.6633662299434667,5.715061943082408,-17.994720065712784,0.4810090659094929
9wdyd3,CO,Dolores County,-0.013053443184054773,0.0025743403135458447,0.0027924204596340985,0.02650549260568411,0.0030057335171134398,0.005156077651941091
9wvrsq,CO,Douglas County,-2.0835594930013115,88.64755449127179,0.18573032801422953,2.0809279061654946,7.5780999190401905,0.20291206818114493
9xh1kj,CO,Eagle County,-0.6538548102104315,8.226754804793897,0.06376146493870535,0.28408824699094376,-0.07232586494802709,0.034933349087144225
9wvzwv,CO,Elbert County,-0.15662955593717282,0.5088073068382621,0.019509239988796927,0.20387464177454262,0.026657060394982782,0.027485012688165496
9wvsvk,CO,El Paso County,-5.945460805416031,732.4736226287845,0.5159908423344188,4.420580507136231,26.489124133686936,0.4204158491389685
9wv4bb,CO,Fremont County,-0.21097656624993283,0.9286651870053879,0.018695988440507523,0.25194853938023387,0.12746537747104714,0.027683166533061594
9x5322,CO,Garfield County,-0.5363721477522829,5.648759608200413,0.04924089143206186,0.37933805878432825,0.2102608717314924,0.03965437614715716
9xhfy8,CO,Gilpin County,-0.11266661884759988,0.2016818274629186,0.008878518156131892,0.16185280610825878,-0.10257200285070119,0.012033150016519292
9xhs1q,CO,Grand County,-0.6827960025989329,6.553804181985229,0.046703937906683236,0.05255021379654525,-0.028426798612768825,0.005684290651301919
9wgggz,CO,Gunnison County,-0.4255666400724859,2.3402634537328613,0.034449193204131326,0.12935844934862345,-0.0656948653186456,0.017388711996765383
9wexjm,CO,Hinsdale County,-0.005913247641619029,0.0003372359259440498,0.00034702505252218104,0.013604061454550526,0.0009680499473012247,0.0013476699053829471
9wtq7s,CO,Huerfano County,-0.004681513000930209,0.00039038323874026064,0.0006602857311406742,0.11624151914809554,0.0888142314201633,0.012819024114466905
9xhrk6,CO,Jackson County,-0.0003115416993323692,1.7938518488773228e-06,2.5619599933773964e-05,0.0022258288532007566,9.103897590687782e-06,0.0004636745666185071
9xj1jj,CO,Jefferson County,-4.954623219753728,508.52650948620203,0.42296835793589227,3.54875392760167,18.388592773627654,0.3462956676034756
9wyfms,CO,Kiowa County,-0.02129390318517282,0.008556529177031971,0.007353762833294166,0.05520266254124267,0.035485594930175876,0.007123874782376856
9wzp95,CO,Kit Carson County,-0.04554345378606547,0.03294548307160071,0.0056970997604664205,0.05993167740525332,0.0052091496805537355,0.007583216618654252
9wur5c,CO,Lake County,-0.06981102609979974,0.07639997232837362,0.00636554166825382,0.017612669512396047,-0.00036231850489859026,0.004402905264677266
9wek45,CO,La Plata County,-0.35310245269834467,2.456188664283886,0.037440101197946454,0.32586205532520235,0.043811539833284806,0.03351908680858455
9xhzr9,CO,Larimer County,-3.4256428788823152,247.41862133823793,0.3216738776849359,2.1364704590284433,-0.9705116626001914,0.24895574133331036
9wwh23,CO,Las Animas County,-0.165017974060328,0.6205793866223159,0.020328966467834688,0.16540510306396447,0.10829936886247264,0.018095532099571123
9wymud,CO,Lincoln County,-0.1274486166522444,0.35696350123283804,0.013690183542038782,0.025300926154077197,-0.0002239385882258396,0.0038655569951574656
9xnxwn,CO,Logan County,-0.29540490156839394,1.4193263068372846,0.022685873634601915,0.1368544559262835,0.020709093895087096,0.015831918910502445
9wfvgz,CO,Mesa County,-1.3278538900928964,34.30378965930791,0.12192143137540978,1.4529737321310725,6.939926784102138,0.13283323958444856
9wevt5,CO,Mineral County,-0.001001074242588766,1.1745809968633785e-05,9.809673987544452e-05,0.00675132451141333,-0.0002125551777471938,0.0009784901624319553
9x5p12,CO,Moffat County,-0.2168898289642203,0.6655733523803004,0.016960904029305154,0.08320312583533636,-0.016000007267373204,0.010406176940882202
9wdu2v,CO,Montezuma County,-0.19310020991370308,0.7166871854467425,0.021636914353372998,0.16729294807053077,0.010343531885326988,0.018231982054971584
9wg42r,CO,Montrose County,-0.5752573690857449,5.452924436089847,0.048738937381373214,0.2832776336743207,0.15074206324733758,0.028923311257964178
9xnjj9,CO,Morgan County,-0.30535058451016384,1.7782985686978192,0.025582264631634523,0.21145399730935757,0.06416437123425806,0.0229500606237666
9wwpxb,CO,Otero County,-0.08731740767574836,0.1323986312019476,0.01072441427792098,0.2702306137055087,0.41583549046789214,0.02912240651665544
9wg351,CO,Ouray County,-0.005607114433271106,0.0004330441437627087,0.00046139749097477397,0.061895706751928195,0.014083196197311515,0.006862690686194383
9wuyd3,CO,Park County,-0.3592481022484201,1.5210905144170856,0.027040052236607975,0.04173539819349384,-0.009074333540516627,0.006928975579581116
9xpnzn,CO,Phillips County,-0.14595122877193037,0.33706010764412037,0.009715880382988333,0.04420857300059668,0.015232869417531289,0.004623112408834374
9wgzp5,CO,Pitkin County,-0.30515028433050384,1.6699254481208679,0.031020186639562772,0.08508533882067965,-0.010476706545456656,0.009052802171260223
9wxpyn,CO,Prowers County,-0.16060005647531042,0.4141018760080688,0.01888689812852662,0.06963421971004179,0.011339505009271444,0.009068845471714963
9wv9nk,CO,Pueblo County,-1.506818535853064,50.854658568512136,0.16016569694736202,1.59687627596568,4.900876825670785,0.15908440822103437
9x553u,CO,Rio Blanco County,-0.08588373615424519,0.1361353042771704,0.010400019131612995,0.04437375184246257,-0.001538462092051713,0.006224896265842636
9wsm38,CO,Rio Grande County,-0.17937294799778894,0.5001481026931027,0.017670881311120188,0.059570743276727275,-0.00987062180902221,0.007137378841459354
9x5ym3,CO,Routt County,-0.3958704234402443,2.368722495104418,0.030161153107314924,0.13279464353688433,-0.01627332765352276,0.015220474824223701
9wu2qe,CO,Saguache County,-0.06627342528332995,0.06902512984800611,0.007339116300495216,0.032370575932479426,0.0038467770578143228,0.005259208552342595
9weqvv,CO,San Juan County,-0.05735233192311108,0.05619633268905437,0.007292739772249201,0.010549613709785213,-0.00029839547044839646,0.0007901075768574882
9wfbhx,CO,San Miguel County,-0.02437406646588078,0.011199962882739214,0.006603597491519164,0.14305802323559139,0.12228216058373918,0.016783811924249405
9xr0wb,CO,Sedgwick County,-0.0008572691559697925,1.222149851095111e-05,6.741661088234146e-05,0.008578422432936623,0.0008467367690520688,0.0011251584120709288
9xh92u,CO,Summit County,-1.2678616533824536,21.447194603594703,0.09369785997803468,0.09478894341001234,-0.11351896327597794,0.01120214381256557
9wvjnk,CO,Teller County,-0.24134244048650644,1.2204247053148294,0.02108336481727579,0.2047534587988703,0.062463032866833496,0.020336435587261795
9xne77,CO,Washington County,-0.10724864360955673,0.20254691299549374,0.008114386910621194,0.043431847831304715,0.02054652211201542,0.002660952803724734
9xjy8w,CO,Weld County,-1.8786830299772546,74.35418482024495,0.18837627902099446,1.538685399042446,-0.2813949237313834,0.18190097926566354
9xp5t3,CO,Yuma County,-0.36135346403248836,2.102655532439511,0.03452118156663486,0.06897739517597436,0.026732939743607607,0.007974825881175027
9rtr4y,ID,Ada County,-4.282228056356332,408.93156510261446,0.35114663456851636,4.156269922276415,79.37352342670752,0.32626183165435396
9rvpmc,ID,Adams County,-0.2735190876165962,1.0394905264539507,0.01330466995102872,0.023403459838989987,0.0016711477159511371,0.0033886226427512892
9x84yh,ID,Bannock County,-1.5191247402282375,45.88887702985881,0.11619221325383837,0.5353018488788513,0.532051070199188,0.0586090085077846
9x8bd9,ID,Bear Lake County,-0.0881448028408583,0.12670878401337315,0.010201375668103602,0.06639997813973612,0.011687196619647122,0.008455685418153058
c2mh9g,ID,Benewah County,-0.3429449559258654,1.9166840948996478,0.030876632774477948,0.04424905386339317,0.005571172824805009,0.0056540085749065645
9x8jf7,ID,Bingham County,-0.9769708274766624,17.204305339692215,0.06843163766355605,0.26529919644940203,0.11190933063338371,0.02866288222084388
9rwyyg,ID,Blaine County,-1.6781475468630755,46.441500480595,0.14609146572634296,0.11297341970142756,-0.09454416468058431,0.017651618224489896
9rvdnz,ID,Boise County,-0.17081715321762986,0.6770950544756646,0.013821269141933469,0.16080542755149776,0.20303756082606841,0.014119154969881302
c2t4f7,ID,Bonner County,-1.9821675440389865,59.62058571844443,0.09383586429616356,0.17008174251491437,-0.05896363950249166,0.019330930752488925
9x8wgg,ID,Bonneville County,-2.649292609137395,131.66486145908067,0.1912753643622259,0.5733699076941748,-0.07037246612059479,0.06184081096826552
c2tjkq,ID,Boundary County,-0.7894829996930542,8.82290360179134,0.03689144934094831,0.040067118297823126,0.0026379571849448713,0.005895754531000705
9rz888,ID,Butte County,-0.1455973643466408,0.3354223124799126,0.012824609287977476,0.0366231974666466,0.017052000416114623,0.005197500820346833
9rwrkr,ID,Camas County,-0.0124624907390048,0.001608366393761029,0.0011503610292619654,0.00839815856095485,0.0002766587939686631,0.0038784276635166954
9rv00j,ID,Canyon County,-2.560689717442113,144.90185852442508,0.20902820737129466,1.641132564162026,11.317317287185382,0.14629548195658115
9x8ems,ID,Caribou County,-0.09453771332127646,0.17901327768133252,0.010642428867359959,0.08808295264120591,0.016641913862635308,0.011688397848983846
9rx0w3,ID,Cassia County,-0.40012810699743795,2.7459234964054393,0.029735795646821307,0.13111183544144706,0.0693748269167668,0.01236023159711267
9xb5gq,ID,Clark County,-0.00026090506358917296,1.1711572005461777e-06,2.4091806370167186e-05,0.005444245532587791,0.000221793537989455,0.0009283592801328135
c2mc80,ID,Clearwater County,-0.3471534115884131,2.5190881941683054,0.027199398148163703,0.05908281333293905,0.014984344864360963,0.006077964711642034
9rygb5,ID,Custer County,-0.2893473939259218,1.0053490968791647,0.015568684008358667,0.04402037663956213,0.011877734560190934,0.005416505525352656
9rtyu7,ID,Elmore County,-0.814316407938801,14.485628948901525,0.08062303313246903,0.2669627785097896,0.2829323379307429,0.029482422158929426
9x2rzm,ID,Franklin County,-0.26212169642350974,1.448996035903768,0.02381383262532808,0.10010811641906016,0.05925491477838567,0.013821778680172935
9xbex1,ID,Fremont County,-0.8241086208369846,9.358302143858973,0.04766771069795925,0.13158711364829917,0.10385441066953413,0.015758832531959407
9rv4xm,ID,Gem County,-0.3757184735155962,2.983490786121242,0.03548768768167544,0.14329900547388347,0.09941951768033717,0.012042292889389895
9rwk7p,ID,Gooding County,-0.4918838388972665,5.0123981313065835,0.04130815689852564,0.1343169426258396,0.13797378320084874,0.012330342033004612
c2juu6,ID,Idaho County,-0.4505393740873093,4.171982949670344,0.036522415100846,0.10424110643937888,0.04004828257844305,0.012698167949849064
9xb1hh,ID,Jefferson County,-0.3603651818521539,2.0861171075707907,0.025448460446830717,0.20641795971466187,0.19863691108501677,0.020524254652871637
9rwdzg,ID,Jerome County,-0.9190827183249772,14.052383746906123,0.053290643220641955,0.12797709940979246,0.058514350420709293,0.014487004476290309
c2mp0x,ID,Kootenai County,-3.869188948523783,300.67197834064115,0.2803829101803596,1.0964855229717914,2.9008748630490246,0.10931145467034827
c2kfre,ID,Latah County,-0.9505255286475353,17.59623761046941,0.06578839306410104,0.23082059771478217,0.17925962647003998,0.022710312506455204
9rzp86,ID,Lemhi County,-0.23281730206148551,0.8543929922210872,0.015047716267897644,0.046258925468118876,-0.0026295485222060937,0.005047713526158883
c2jpn9,ID,Lewis County,-0.09554538492011158,0.16787735585739885,0.008703242944077455,0.031219973420149795,0.007053790215865507,0.0040723803689667595
9rwud3,ID,Lincoln County,-0.07560831049257252,0.11578717719384772,0.007383629863714188,0.029002645846378863,0.007380395451014038,0.003170411048763411
9xb955,ID,Madison County,-0.7924808312573351,10.321365222579422,0.05795532328027933,0.16706058295752121,-0.006338504193166292,0.018701350152284447
9rx5y1,ID,Minidoka County,-0.6364351048086245,8.61692829745813,0.05382464734032553,0.10051985085924756,0.04520204830769167,0.010550104815390995
c2hzx4,ID,Nez Perce County,-0.7941867162640389,13.459493535578666,0.07139665815194318,0.3098324638756372,0.6093021103562581,0.026197736593154726
9rrzzx,ID,Oneida County,-0.054706980425696286,0.05849638655648524,0.005049679527840755,0.03853441328754562,0.008166606434943206,0.004405609822885272
9rt6hn,ID,Owyhee County,-0.18912265548378573,0.7910487557870532,0.017623789163344082,0.12294773052536777,0.13448204172095,0.009136686727907585
9rufr6,ID,Payette County,-0.5421547048269874,4.6358005119203956,0.03536477061302658,0.20795803995302617,0.20037810395755845,0.017819535226892034
9rxfbh,ID,Power County,-0.07243451576013318,0.08005443978305479,0.006540517089994019,0.05122304299055007,0.012695487561198107,0.004933370104309306
c2mt6g,ID,Shoshone County,-0.26562718803349133,0.8162311108590629,0.013571037773622377,0.04769465685759227,-0.003868935313538841,0.005539535266739516
9xbbvq,ID,Teton County,-0.3142418321839273,1.8338887472829841,0.024663345796491442,0.07338361032604326,-0.002440001959819958,0.008704161831155527
9rw2yw,ID,Twin Falls County,-2.2486881707043684,105.29517162000613,0.1739972629672657,0.5439325791164045,0.7690282867213958,0.05198809292970285
9rvz1j,ID,Valley County,-0.6447883985858425,7.127403287489407,0.046803249966148645,0.1082049073920911,-0.01044317212064292,0.013842498457436502
9ruuy5,ID,Washington County,-0.23133222694208658,0.8723239656288412,0.014831500392972609,0.10738471349713997,0.04700420397002591,0.010013843537857945
c2p8z0,MT,Beaverhead County,-0.05962485262460858,0.049239816466973535,0.0035969007342326258,0.04877802770929935,-0.0036195792811747,0.007290130972686051
c85d36,MT,Big Horn County,-0.11547025465346604,0.23123311734965007,0.00790744430322993,0.08583249054550307,-0.013201041481384313,0.011783929763515794
c8de82,MT,Blaine County,-0.04702844400294355,0.03475668754935956,0.003109789690793588,0.05736491150163354,0.0107036304919729,0.009411295740753207
c80xwf,MT,Broadwater County,-0.10384975505446012,0.1555499855459493,0.006051592570854116,0.08335391567641022,0.05500247411397492,0.008432490344609368
c843qb,MT,Carbon County,-0.3183654052978256,1.6091224375198128,0.02385730646279042,0.053028455698654955,-0.0010232915036115769,0.008142890951322404
c8jdvw,MT,Carter County,-0.18909039190670798,0.6313185864690077,0.010868042759278352,0.02719862550696343,0.004190652409798194,0.003584003567312516
c82v4j,MT,Cascade County,-0.862011820800594,12.837046912509104,0.06195980519072588,0.41169546847578103,-0.3211627881853539,0.06509881089273369
c892qv,MT,Chouteau County,-0.015892727205229985,0.0026392009201025323,0.0014988355088312016,0.0303671983369808,-0.004371858789415241,0.006084321319142742
c8hznj,MT,Custer County,-0.17386140734012895,0.4051718366179421,0.00924755051072163,0.06507334920496542,-0.011012710253882327,0.010420983232750442
c8svw6,MT,Daniels County,-0.0852283534213439,0.08500475704532245,0.004193331100560746,0.017160733462399113,-0.0009085788008594027,0.002882170769904887
c8mkuu,MT,Dawson County,-0.2904079887528259,1.197022995245021,0.016430562836541266,0.053460452318497075,-0.013354842785948909,0.00948033887608172
c2pw1r,MT,Deer Lodge County,-0.5530222656534848,4.334908962077985,0.03206673785833225,0.07133489048516774,-0.02478573617755626,0.007485692051841714
c8jz2p,MT,Fallon County,-0.025137574948031222,0.0056462690081837165,0.0018177300464138023,0.012783722813768165,0.0007008406566500095,0.002121354793216316
c86kdm,MT,Fergus County,-0.29345885014009515,1.4906743760939307,0.01947916320684138,0.16301283507923475,0.1692534980966489,0.015415063124883166
c2wfue,MT,Flathead County,-3.0329343288549384,170.8129760223502,0.2125146323189655,0.474263061588383,-0.0542528002347847,0.058778543448511134
c80fyq,MT,Gallatin County,-2.290600834307012,97.09001744487361,0.15072813193072027,0.45862440450654185,-0.43613801071970004,0.06110584184973854
c87uvh,MT,Garfield County,-0.0008809815624063581,1.1626244204872143e-05,6.214655498007117e-05,0.02364117860132916,0.005033342678957967,0.004959327768678785
c2xthf,MT,Glacier County,-0.3743866700868402,2.4100684325694974,0.03287588643186251,0.053759734960813786,-0.0025163375734033543,0.010694279573640142
c84rge,MT,Golden Valley County,-0.015515421385785984,0.0024327805388755317,0.002692054875394111,0.005249965432485116,0.00022679479567298198,0.0006228026399959102
c2prfy,MT,Granite County,-0.11161621939532514,0.17360136621990988,0.01025805658367867,0.04248228365166923,0.010945006943824716,0.005093547074457779
c89swm,MT,Hill County,-0.2383797987124427,0.826977020949594,0.014781164204686843,0.08308743000352727,-0.014316256864591502,0.013319358692894747
c80q6h,MT,Jefferson County,-0.11127548490996897,0.21032352364156096,0.008191360715222746,0.05851182293758669,0.00010963356514688923,0.008788300312590891
c83e9f,MT,Judith Basin County,-0.13163799984405725,0.267410996196973,0.008326390873164051,0.027724477928685307,0.0059204545681558205,0.004833759457825191
c2qz5c,MT,Lake County,-0.5917443691238583,6.32510996450548,0.04044423699162462,0.3087012189680725,0.2513877112572449,0.03151475615593324
c82h4u,MT,Lewis and Clark County,-1.213238538875885,23.635238441422064,0.07273658652693224,0.3853460157876728,-0.11792322638361415,0.05348894884000653
c89h32,MT,Liberty County,-0.00038490540840435575,1.8453362731015426e-06,2.7920214365548638e-05,0.02437655207312335,0.0058208093026850885,0.0019222009447003043
c2tuhw,MT,Lincoln County,-0.7477556111154482,8.10123063687701,0.0351837843636312,0.11065717046830231,0.051991876353605006,0.01613372396320178
c8kycq,MT,McCone County,-0.0011734989746786924,1.678101950529881e-05,6.502210100736586e-05,0.025282442622922677,0.007485164836750705,0.005141206286518092
c803v7,MT,Madison County,-0.14582394182370492,0.273832627704769,0.008709991610625144,0.07504221647511371,0.0011915795905922393,0.010130705912141363
c8315b,MT,Meagher County,-0.000984732436778343,1.6354364439397056e-05,9.60550032294714e-05,0.013141533234427757,-0.0004872369448725086,0.001993616006518349
c2qhjx,MT,Mineral County,-0.08592663002698074,0.1371141622572138,0.005928089020890608,0.04162872797732002,0.013795610820720701,0.007369031276287039
c2r583,MT,Missoula County,-1.8068202024309794,60.57777507320087,0.12381809228440192,0.6942442701861103,0.35382453701352007,0.07114952393354357
c86bs6,MT,Musselshell County,-0.11224221418553917,0.15228445426355638,0.006526307375616955,0.0478722718215403,-0.0008705039099726628,0.008162649365492464
c816ku,MT,Park County,-0.5892109388327086,5.467919343793237,0.03813450151313278,0.13316244475309652,0.03507632678948123,0.0179289616289502
c87h1j,MT,Petroleum County,0.0,15.0,,0.0031932170442262615,-4.297880874432864e-05,0.000708502181432231
c8e62p,MT,Phillips County,-0.21580659528367013,0.5936259190976151,0.01192354963223505,0.06186443945425849,0.04195141009429376,0.0059419233156380825
c884q7,MT,Pondera County,-0.16334247858152973,0.36830319277758966,0.01013190410196292,0.03664497649846002,0.006356840172967517,0.004708583253713607
c8hfq4,MT,Powder River County,-0.029026238869785656,0.008144170648113314,0.0023190464576810775,0.022282372197338297,0.0038488274336279577,0.0038457676172148304
c2rdqp,MT,Powell County,-0.04551989239451863,0.03108973823334201,0.0028460671952466633,0.03326847967186804,0.0024667732395397216,0.005011338984473227
c8kfr1,MT,Prairie County,-0.0005420757543153836,3.7529404734357233e-06,3.927133351534206e-05,0.003960294677229518,0.00011402824945660307,0.0006600573032461799
c2ny5k,MT,Ravalli County,-1.381598345934964,30.52896548915881,0.07468021293228003,0.25582279537647684,0.1189272444670047,0.03269593181157131
c8mxue,MT,Richland County,-0.32271194312224644,1.5645536951619337,0.015846656610444144,0.09829676536634718,0.03776919280928909,0.015522385804975385
c8t6dv,MT,Roosevelt County,-0.15140868728673645,0.47076575612249966,0.011463833385067963,0.10902095971582955,0.06179073827257336,0.014748124983315026
c8hnst,MT,Rosebud County,-0.1289405129250491,0.2253709781701329,0.010669051459069816,0.08334256594174208,-0.024789774812097178,0.012302336508349913
c2qpej,MT,Sanders County,-0.2350730146673483,0.8243881325951183,0.011150741122851882,0.039072814898308994,-0.002677643257929671,0.0053395937405989625
c8ttj6,MT,Sheridan County,-0.13543293590995265,0.32831272945768075,0.011010935975608585,0.09715528498371913,0.1265292807758923,0.007908158076993228
c2pvh7,MT,Silver Bow County,-0.4058580432457818,2.584502128021024,0.02877864236538094,0.1546422612246323,-0.05913942556154864,0.02070421574600857
c845wz,MT,Stillwater County,-0.1844665696721763,0.6461742419863975,0.010058806849655598,0.08255747368818211,0.03452474509468612,0.008838509182502494
c81ud5,MT,Sweet Grass County,-0.12345209793465399,0.2627417075884278,0.007867347870167369,0.030747368639259608,0.00832804780536414,0.0047010470504956796
c880hc,MT,Teton County,-0.05305505837938185,0.054555569271311666,0.0040566849718384115,0.03518434210069705,-0.003101532342684527,0.00722358948388806
c88s9r,MT,Toole County,-0.09194936442867026,0.16685006547633738,0.007395500556837251,0.030287646097501335,-0.0004855365112182627,0.005180759484688238
c85wyx,MT,Treasure County,-0.035505880423516004,0.01606055539161985,0.003676436754421342,0.006314321037861378,0.00024278056746364053,0.0010906679759603106
c8s5h9,MT,Valley County,-0.20949856870534972,0.7103469824181086,0.010208441175823249,0.11107724713573579,0.08016288574087675,0.01476680305613359
c83bs0,MT,Wheatland County,-0.0014295030938114325,3.130037712183603e-05,8.239236926417885e-05,0.009197452480708898,-0.000345619730171576,0.0015331500990720275
c8mg5j,MT,Wibaux County,-0.07509846933234546,0.07185140262440759,0.004400589227023439,0.008859242196999491,0.0006466247713254052,0.0009563175592183707
c85j24,MT,Yellowstone County,-2.63998683914797,132.81098663359472,0.16928019252378979,0.9622881579862552,-0.48779890150341837,0.12281569432080867
9r5buv,NV,Churchill County,-0.35591722461878716,2.4989321101139224,0.05504771636052913,0.21275869294173808,0.17090814447519173,0.02395393616518952
9qqnnb,NV,Clark County,-7.290778515466879,1626.032620203867,1.1581797387493717,61.161992159242885,40574.952424275274,4.181549064033386
9qfvq4,NV,Douglas County,-0.3557340668935021,2.385745651817722,0.04266393545307119,0.21788430318374546,-0.07363502765897449,0.028359589152545234
9rmfp1,NV,Elko County,-0.9363943231576052,20.064785520600747,0.11685397402187216,0.3748163731148155,0.05242619049530043,0.04665648220965281
9qsqgj,NV,Esmeralda County,-0.10022294156641855,0.24946529996634711,0.02103756082900018,0.01815459909961154,0.0032691636068011617,0.0026610625531608995
9rj76j,NV,Eureka County,-0.10571951645179903,0.18681153831932693,0.013313672955343202,0.030896258496048292,0.001180289625707918,0.006426667693113693
9r7gxf,NV,Humboldt County,-0.38595984078732243,3.5589008956619925,0.05127392453140584,0.09854537720329166,0.015309550876821438,0.01327163432751914
9rhfbx,NV,Lander County,-0.09553932663983224,0.21494048061073837,0.015199547093304514,0.06897938941502589,0.04763550137670123,0.011036262332206415
9qwq45,NV,Lincoln County,-0.2983135853163941,1.745500594951526,0.02707537716463518,0.05843801776647743,0.013278060580441859,0.007079145922081206
9qgjzx,NV,Lyon County,-0.13728977507570791,0.32318585567151153,0.015456271510804085,0.5364432783413723,1.2993051069990524,0.0512849798839428
9qgg17,NV,Mineral County,-0.1372526226418681,0.4651116068426592,0.020314919713681313,0.036599114146635234,0.006410606372923649,0.0049130949490685
9qtpvz,NV,Nye County,-0.6901849955321401,10.269157345408901,0.09119129787230007,0.44793393622275673,0.7033458378892525,0.048601612260780226
9r5y19,NV,Pershing County,-0.09008298302761658,0.20245978296726053,0.014481825012130892,0.05275363585541221,0.01974264892318955,0.006714477387765578
9r5025,NV,Storey County,-0.0018614157433822487,5.8176488362426094e-05,0.0002665556906895439,0.1103840826250395,0.094102610747068,0.012226887516401122
9r4zsy,NV,Washoe County,-2.5243710884376136,144.55995406482432,0.27621800235772265,5.273739564921439,116.10458294841257,0.42151266732937503
9rn21r,NV,White Pine County,-0.2800502052878695,1.8159857538459172,0.03860151040541555,0.05630065581706615,0.00035147767166142716,0.008209530633324361
9qfyep,NV,Carson City,-0.24267281058287185,1.2447833965777633,0.02860094321048378,0.6808796248085524,2.1554961607663734,0.06114169489609026
9whpkt,NM,Bernalillo County,-3.038601985084187,206.43432482247695,0.2976064232733168,10.846381259616935,663.9547562032085,0.8302020189963328
9w4bv7,NM,Catron County,-0.06357848650436236,0.07622798182131617,0.010350000992080508,0.0718136307435289,0.0171632012608794,0.008072501568585385
9tvty9,NM,Chaves County,-0.6926968512357845,10.186545786076588,0.10824929660337565,0.962116846415263,6.57268336173747,0.09115142507102678
9w5nww,NM,Cibola County,-0.16547824218713286,0.45544840652370083,0.014503553789914095,0.4160617648854477,1.08528422774254,0.0339619949534804
9wt86c,NM,Colfax County,-0.7681989538065783,11.620348100768037,0.07729424851491153,0.07578545549371743,0.0014464206690066655,0.008736001729010161
9wns8m,NM,Curry County,-0.9038020644912563,16.168278089161863,0.1009800394461553,0.5656470779678362,1.6484372579803948,0.05855282015126206
9wjg3n,NM,De Baca County,-0.05027875185723326,0.04814131002888443,0.008384007542634634,0.09872208570708423,0.09781241748925201,0.008198623712882172
9tu00c,NM,Do√±a Ana County,-0.9583412029467436,23.241833062017786,0.1112210992741614,3.605961156476502,101.78151632063238,0.28159161706751296
9tvbdk,NM,Eddy County,-1.016334268389243,23.836215652636366,0.1252832082937978,0.9550417491490361,6.87942319136583,0.08402291458739554
9tffjw,NM,Grant County,-0.17300825773706316,0.767699686761938,0.024824686180066127,0.49165651634569185,2.0997794508279397,0.04562805684708865
9wjqre,NM,Guadalupe County,-0.11573917351900886,0.24268392366164065,0.0102151611133613,0.07459122375719103,0.03856408878199821,0.008880638539244718
9wq5uz,NM,Harding County,-0.05802062159023943,0.06103437893227322,0.006075475680000778,0.011441817072109846,0.0005780980339535783,0.0013362071157169066
9tdtmq,NM,Hidalgo County,-0.10304434697063934,0.24702832244187292,0.01827182219616028,0.1172222941664883,0.15313716360299096,0.008309308521298946
9ty6wf,NM,Lea County,-0.6977926856627698,12.424947926470985,0.09524860151148079,1.140914612090579,10.76297355588872,0.09738382222801048
9tvpbq,NM,Lincoln County,-0.5666253951635171,6.405210594136348,0.04678696965763973,0.35153994027130575,0.5959748517561239,0.0344467351075089
9wkkhc,NM,Los Alamos County,-0.2386893454113534,0.8865498680735568,0.026858088467145238,0.08278319022492754,0.01746733372673994,0.008156050457967674
9terh5,NM,Luna County,-0.15282704745898315,0.529516169577112,0.022388860874987277,0.4440535522309508,1.5701548281740088,0.042511530968561216
9w742t,NM,McKinley County,-0.32078583060899357,2.2184775144165236,0.045028747446613296,0.35851898335544463,0.12052739539650138,0.03780660721314224
9wmksq,NM,Mora County,-0.0019112473698201056,5.578475612962162e-05,0.00020589664781661666,0.02763568827693329,0.0031233848169674736,0.0033421780112066674
9tuc99,NM,Otero County,-0.7002201111965692,13.105668799564821,0.09568790016622612,1.402777391576697,14.676062037367446,0.13345154556063976
9wnrex,NM,Quay County,-0.32156181312640203,1.9488244690816137,0.03967924571826297,0.17498848823782062,0.17062876589536374,0.021085706994974286
9wkpsn,NM,Rio Arriba County,-0.12359532076501233,0.26786204522018037,0.009951988576281552,0.22587461319601862,0.17751972326281437,0.023341625216324727
9wn3t1,NM,Roosevelt County,-0.2794889304550046,1.6767451325204592,0.03662522195225722,0.21262004662131004,0.3193002222628296,0.02572579393862952
9w7gpb,NM,Sandoval County,-0.6234627563171459,7.615916595700603,0.06454441976643287,1.709158521210851,17.140141007687166,0.1284034296971841
9w6zxn,NM,San Juan County,-0.7717684061266796,10.892352898020428,0.07434085869393996,0.8552588651318632,1.9094233505707576,0.08297319488773826
9wm3z4,NM,San Miguel County,-0.21283403004086376,0.8040707204266692,0.014587255538332263,0.18154814430158583,0.07605493431775215,0.021500080148923524
9wkdh9,NM,Santa Fe County,-0.7665463675580955,12.597810976223489,0.07591721235245359,1.497290641287335,5.832029650958601,0.13487715004184367
9tgu2v,NM,Sierra County,-0.14231566973846488,0.4263685011245147,0.029251634794325864,0.2885148321855566,0.9879610108542023,0.025388608308762488
9w5cqe,NM,Socorro County,-0.18224320509720351,0.618098352750989,0.026040765715536002,0.2311863150213246,0.427337881002991,0.019856893471108257
9wsbh4,NM,Taos County,-0.26022670070576864,1.0883615497088763,0.021353871967475426,0.1727519840416379,0.004977095078397724,0.021933733648883243
9whsw6,NM,Torrance County,-0.10275131936228997,0.16281397427621702,0.00963097226838309,0.08888976525085314,0.017979237637091423,0.009711295067628507
9wqrt6,NM,Union County,-0.20860297199930986,0.8078065347756506,0.024727671975009656,0.029212491767319118,0.005541898393184289,0.0034415611841719204
9whj98,NM,Valencia County,-0.38139094961517406,2.881102165189734,0.03751086654407056,1.139614533396277,8.632868817578283,0.10067469167998817
9ruq3f,OR,Baker County,-0.5361295727432892,4.898318860096431,0.041255004954542734,0.10136375605507568,0.019928497008125833,0.011662282663530513
9rbjp7,OR,Benton County,-1.6166203698590733,52.98121773348322,0.11766552435656337,0.682522815741222,2.76894763491529,0.04995777499814685
c210gm,OR,Clackamas County,-5.688523302611132,682.6915834963648,0.4173560617159362,3.263285073326924,80.75943428571037,0.1888943363111686
c20jc4,OR,Clatsop County,-1.6597337688785112,45.48792970172266,0.07786195293219818,0.1394787708221402,0.12420613646055129,0.00984113223771106
c20mr5,OR,Columbia County,-1.4406910458680007,43.293156266579075,0.10591149568218275,0.38380141766787695,1.030950976167247,0.02880279971608523
9pxv8j,OR,Coos County,-2.2244446854480278,81.65025631790228,0.09084420535325069,0.15765270993251843,0.16588382336199248,0.008955657810870498
9rf7hz,OR,Crook County,-0.6395219410141438,9.090024456529044,0.06640267415509116,0.13840696568367158,0.04906636395588869,0.01636300875258177
9px9td,OR,Curry County,-0.8376553513549374,11.671438179518027,0.04073071040527579,0.02691991268116127,0.004962191627048918,0.0016664504432149453
9rccc6,OR,Deschutes County,-3.533884158936848,267.92013002435374,0.38287269156484094,1.2999621172712303,4.640940782079579,0.13515424712153573
9r8qm8,OR,Douglas County,-2.677135693721672,157.3463166237767,0.23225137923765576,1.119940560388408,9.480057200291524,0.07236753825469819
c246qn,OR,Gilliam County,-0.17633528537275567,0.543897238490967,0.00979312106395825,0.02631156238215951,0.004316666477445439,0.001986189746697173
9rgm5u,OR,Grant County,-0.3555376264006539,2.5613371817641246,0.03855183448554242,0.04493669469231573,0.005071684747085553,0.006927020944187632
9rekur,OR,Harney County,-0.28531534183324864,1.356193233161677,0.029111943904635423,0.0343774273688113,-0.0007308887944365797,0.004331348260803162
c216zt,OR,Hood River County,-0.5126851179284491,5.7513161556231,0.04175855588579349,0.24079198149309675,0.46849047646348124,0.020882137772613864
9r8c22,OR,Jackson County,-3.6072079361284994,297.54508167516616,0.3907260133576101,1.9356366029448964,23.36751345692119,0.1434186300824526
9rcvfx,OR,Jefferson County,-0.4871360133163363,5.197625944919371,0.06067133354246266,0.14097875827301384,0.10453952008990336,0.021041142656196624
9r81hh,OR,Josephine County,-3.6941729129060232,245.24188099628105,0.2291210114854549,0.4545804270605601,0.7841649985158015,0.03941878924145274
9r96zf,OR,Klamath County,-1.322201214955796,37.11565319219961,0.14025154612102972,0.38487129297905615,0.20226293560738456,0.040559251590239605
9rd7km,OR,Lake County,-0.2938929478430453,1.629981065759149,0.029395772289122733,0.06041824942686747,0.007947811389031811,0.009521451309190387
9rb9gk,OR,Lane County,-12.32638538664703,3172.977005589151,0.9859291370297638,2.8007153111741374,48.27940442235951,0.19248849756158187
9pzvuq,OR,Lincoln County,-2.319405097769954,85.50906174836497,0.09645987151596803,0.11882926868375016,0.07880658394802341,0.005942952888674727
9rbv5d,OR,Linn County,-2.622250217482306,140.78303514834315,0.2026061359891495,0.8757213366259506,4.872349416062787,0.06304446490984064
9rsmey,OR,Malheur County,-0.6841498325621546,10.474979539228872,0.06546985237100944,0.23134389388285315,0.23216602936229935,0.018100336552027883
9rbz6t,OR,Marion County,-5.473593039232656,629.0814083888624,0.4006971088377161,2.586055991767546,52.3515065482959,0.14126846333501497
c24fqm,OR,Morrow County,-0.15320361451988138,0.543409836022978,0.016564336815301398,0.0662623237758859,0.025162376810577553,0.007826577881326069
c20gn7,OR,Multnomah County,-10.99234010210825,2550.088091289242,0.7455065569160373,8.213261024395463,497.742147084839,0.36572825488061783
9rbprv,OR,Polk County,-2.0486420608245064,84.39900370636526,0.14807984313999112,0.5148116033724447,2.0243399408655756,0.0344419988298821
c244mb,OR,Sherman County,-0.02430420475027018,0.013541826697200521,0.003631212221689372,0.03192189846568371,0.008283910227900917,0.003909157904753997
c0pfxf,OR,Tillamook County,-1.44235027081381,35.01396755935938,0.06878678502236346,0.10071788385339435,0.06673389780491337,0.007175891161132508
c25e65,OR,Umatilla County,-1.7152456388187702,66.80728703165039,0.16289386065565645,0.6354661938366075,2.1595770494200597,0.06148252669149086
c2h1dz,OR,Union County,-0.701525941817962,8.09739261974009,0.05400296074660576,0.11559315045911508,0.05058476430207571,0.011252645772239623
c2hemk,OR,Wallowa County,-0.24899688759465552,1.214620422806987,0.02202226027791612,0.06173969333937643,0.025253540398197768,0.006439005628759113
c21bfv,OR,Wasco County,-1.1032297392539328,26.549449450937075,0.0953141888615708,0.19769599500079804,0.27033089994852705,0.016294812972497432
c207nu,OR,Washington County,-6.503546980539265,890.3143902281053,0.5460827393088986,3.585458730054534,83.27097564216766,0.21750412881201497
9rfws8,OR,Wheeler County,-0.11846500279411223,0.31902988463051557,0.014722714833720646,0.018836721324522,0.0013239081961250235,0.0049303326796377375
c2033v,OR,Yamhill County,-2.34664669139638,113.87964649143339,0.18689775594341304,0.6743777893923043,3.1466731708615665,0.04152035630462961
9qz6pn,UT,Beaver County,-0.0023270648373086575,9.106356348035154e-05,0.0002288233861286176,0.062007611228516196,0.008610040000435075,0.006242759575196065
9rrdcd,UT,Box Elder County,-0.8626129830377194,11.991048905434155,0.032891854104989696,0.38350686166721665,0.1990163732345842,0.037599802358529597
9x2t3j,UT,Cache County,-0.28831082041905687,1.2453118422943046,0.023127528495280505,0.5760685139791646,0.3769848384227452,0.06439687881900966
9x13eq,UT,Carbon County,-0.18631918193450384,0.6034486626514665,0.01777341925318656,0.16197615725032305,0.06978572988436758,0.015452843460109614
9x60s5,UT,Daggett County,-0.019839610243467302,0.007913975876018182,0.0025367836637285894,0.013958336906690929,0.0019437803575968339,0.00119615930313631
9x21qy,UT,Davis County,-1.1690612193007761,26.967415795887117,0.09439243145470078,2.2257925517902737,15.47421213407043,0.1850968567786841
9x1mpn,UT,Duchesne County,-0.4550465140017126,3.197662411098592,0.03347943912067469,0.1600391968872486,0.014720566624995409,0.01907074522420746
9wcmbm,UT,Emery County,-0.11886980086849415,0.19880118904329153,0.009276383118039138,0.06717989450812016,0.01780573302352486,0.007010543021615562
9w8xpz,UT,Garfield County,-0.02351148510315455,0.007565056921549516,0.0021985892906776954,0.047064907529914504,0.01093913460785326,0.0043827141019442545
9wfjdx,UT,Grand County,-0.07040246847733363,0.09423346718094235,0.010021589203933484,0.12953076789055865,0.07720214848699226,0.012895327931732124
9qxrtt,UT,Iron County,-0.2570973575791832,1.4243820709132793,0.03263085492508809,0.3648331053669844,0.26315354658688256,0.03462424523151625
9rpccm,UT,Juab County,-0.15134390108550533,0.37839331437091167,0.02061161632435803,0.08202685755567207,0.01777123941671905,0.006721337551360442
9w8kp9,UT,Kane County,-0.05743575065980835,0.047495085743334504,0.005971028814550191,0.1042956844460076,0.06963826044880833,0.010901110437086999
9qzt9e,UT,Millard County,-0.06188064919997474,0.09103659217057922,0.005275622514447374,0.055480281707292134,0.006643048245870916,0.00466030953396409
9x29ub,UT,Morgan County,-0.020905203134128744,0.005917860368995698,0.0027568922254256295,0.10401393388005178,0.06889540161706312,0.00906672865018561
9wb606,UT,Piute County,-0.010074392923847486,0.0009286526153958079,0.0014262471374154899,0.01754043758927703,0.0020258761668191017,0.0018264457273626223
9x2uud,UT,Rich County,-0.020943832075297698,0.006548278950579294,0.002131074535436216,0.054082639320514526,0.01527764705716102,0.006053565977207767
9x0rm5,UT,Salt Lake County,-2.7179286063167023,172.6163021996142,0.23934158187559743,10.200476263911353,431.5012643334351,0.7396433705013968
9w9vvt,UT,San Juan County,-0.05227459049028511,0.05701304818735722,0.010254908725542298,0.08470340536834042,0.006023283156883165,0.01103844965629434
9x08j1,UT,Sanpete County,-0.3036586076205979,1.7291532123743,0.025048537968475205,0.10815929452977242,0.022305484626015802,0.010859471739692607
9wbkrt,UT,Sevier County,-0.23773169235303554,1.1580334227035043,0.028656376177559794,0.18859945877463644,0.16836867379290868,0.021487969675764128
9x30db,UT,Summit County,-0.5642719359723455,5.155413951564077,0.04028133851782753,0.569999228231137,0.37365239582656384,0.05935928891406211
9rpw1y,UT,Tooele County,-0.2389263534311575,1.1509325453797365,0.020571555485710463,0.4595505465036902,0.6364760843505644,0.041252697231387296
9x4h7b,UT,Uintah County,-0.2919044726934861,1.2148032516105114,0.027464043266364015,0.24796199972579275,0.0363333390576104,0.026715203693946754
9x0s4z,UT,Utah County,-1.8055532106736776,69.00319094953323,0.1518989904771789,3.8125717081797963,42.43110239008167,0.31421477309461243
9x0vqq,UT,Wasatch County,-0.1633879847839398,0.42630436279693823,0.010791019258247379,0.27064896526656035,0.2546506869326213,0.02836794629011406
9qx7cx,UT,Washington County,-1.2042389502854596,37.980406577748425,0.1361746951159327,3.224042396559763,91.23856005057812,0.24145910049058378
9wc1dk,UT,Wayne County,-0.0017445417751245343,5.1850437333316764e-05,0.00021057735685723128,0.04835266842326024,0.021884022415630502,0.003115578712427363
9x26y1,UT,Weber County,-1.0891710408963684,24.211660125189546,0.0938621390176776,1.821346597762024,11.976004535327412,0.14849805236725425
c27ern,WA,Adams County,-0.47518675310174247,4.170173281383798,0.03879447631061593,0.06745208289766513,0.01886933251563378,0.006056258779656126
c2hwsr,WA,Asotin County,-0.41233622544899523,3.2853586546413407,0.030230261162898255,0.22473321974885124,0.30826890539571095,0.01792540203488042
c25nbr,WA,Benton County,-5.800600771625168,793.9011882544869,0.5182993988272061,1.685115707667955,16.073645445110177,0.13715416984085876
c2d0r0,WA,Chelan County,-4.819011194331681,470.01897466506864,0.338042678621667,0.6601545889220807,1.6460288799696672,0.05774083501753761
c0xcsy,WA,Clallam County,-4.034690688548212,273.7041745261977,0.21364265786993172,0.19549573325034664,0.21982381757940644,0.014839733273321977
c20uku,WA,Clark County,-10.60919412463042,2342.955150885264,0.7095953221310659,3.059760302474237,71.49997963892993,0.1767312604777783
c2hpkg,WA,Columbia County,-0.15024636044452386,0.3823850600238411,0.009899555300181499,0.04171225930065266,0.016592780625949047,0.003598613664286256
c20yb3,WA,Cowlitz County,-4.10652929906482,354.90595247944077,0.30357587659772894,0.749227003483977,3.831854467887892,0.0515514478978018
c26zs7,WA,Douglas County,-2.0128393560695086,80.22682687020733,0.13490693577544266,0.26999861507781303,0.31608336610420856,0.025669859018275863
c2eey8,WA,Ferry County,-0.577357545020394,5.597439601152144,0.03288612940218781,0.11827698601370651,0.06486967601142614,0.014843667539528742
c272wp,WA,Franklin County,-1.9674389932690401,88.72140021031207,0.1728455127940011,0.5521250808506033,1.3506315961488702,0.047067262643755894
c2k2jk,WA,Garfield County,-0.17642008859498096,0.5883386343079942,0.014888910355133886,0.015571088613751725,0.001975538587453504,0.0023632022490707033
c27h96,WA,Grant County,-3.102048172554983,210.3138263178047,0.2595605979004847,0.6420684222969174,1.7947224369800197,0.06106108985786857
c0run2,WA,Grays Harbor County,-4.285321484981799,307.89625988584106,0.17543401373904333,0.22439665833390945,0.3271868024641849,0.01620059544347537
c28cbw,WA,Island County,-2.388188782465804,103.19507602505566,0.10585765683235784,0.37700393419908623,0.9238402744415799,0.02340258115468196
c22pvn,WA,Jefferson County,-1.6265773135405284,47.36537932934673,0.08799272552968329,0.26893719428181045,0.6380256520529481,0.01568331561161947
c23q5t,WA,King County,-38.96374732827854,29556.921626704163,2.103583770618361,13.592260138934307,1256.895381768901,0.5531853234483124
c22z10,WA,Kitsap County,-7.683469257808085,1154.3556835538893,0.5009612701462223,1.3797500228034327,11.11134938729793,0.10715270175556119
c26hjf,WA,Kittitas County,-2.4962824161398873,132.724562599959,0.19872076587542925,0.4043694730177121,0.8265498159540342,0.04401171390910907
c24hgw,WA,Klickitat County,-0.7489772194601355,13.232092256452939,0.06918389631973172,0.1508271029371885,0.15356503405987337,0.014438744704931153
c22bzp,WA,Lewis County,-3.5499992486436374,248.9767550539172,0.23408836580953116,0.4476278436564945,1.2220933315069469,0.03646604842362981
c27y9q,WA,Lincoln County,-0.46089714189012104,3.9752281427011127,0.028213371530226752,0.09374789519449232,0.0729171801509976,0.010803392289728458
c22mmh,WA,Mason County,-2.3055656829400295,105.8554385220665,0.17626465708123448,0.25339957833178506,0.38136477171344735,0.02801459208906409
c2du5j,WA,Okanogan County,-1.517317088780541,48.85187639795497,0.12378956817978967,0.3980056361681179,0.4945686382876365,0.045330595809423925
c0rbz7,WA,Pacific County,-1.674311804576796,47.875984412239106,0.08040002681718297,0.09027138151643822,0.04912037413693769,0.0065908747397232905
c2sshm,WA,Pend Oreille County,-0.5459351831183888,6.164397148442179,0.044973705052850796,0.12362890439809571,0.03699652053294339,0.016644197684916186
c235sm,WA,Pierce County,-27.75249403898491,14174.74934194789,1.355002180106423,5.250680167012213,187.56426439429956,0.252524320605309
c287yw,WA,San Juan County,-0.7622099254860283,9.973816127418273,0.04340260939061569,0.0864054014469685,0.03995575551389538,0.009024991861819237
c297u5,WA,Skagit County,-2.969790464849444,162.4412178632034,0.18618753020634654,0.5505036445415759,1.7481069667311526,0.04845902277807885
c21mbf,WA,Skamania County,-0.36517567690680003,3.0984626615578414,0.03388331571791912,0.14325088278215395,0.15350490734686698,0.01063309112673081
c2933q,WA,Snohomish County,-20.028515753511794,7585.151010224077,1.2111123979062661,3.920504683172279,82.64859962198126,0.27051564540336465
c2kwbm,WA,Spokane County,-11.432703465966457,2629.4193450102143,0.8907377676271128,2.6085833316849696,10.873264773288241,0.25356362800738935
c2s5q0,WA,Stevens County,-1.5482400429992174,50.72410006356738,0.1278722746421123,0.3643580749571207,0.3765450343797725,0.04263439708176097
c22ehb,WA,Thurston County,-7.140049767087034,1007.8337100818295,0.5136655768580591,1.4106468578088551,11.597693363877633,0.10680562323078079
c20pr7,WA,Wahkiakum County,-0.33825906439389264,1.9444842933524698,0.01471566236798351,0.0125361535389462,0.0010215227740035361,0.00126724743113479
c25xpu,WA,Walla Walla County,-2.0352558051414458,87.80776715760628,0.14857423844264656,0.5819156801122133,2.1149116489605255,0.04609299271736547
c29mge,WA,Whatcom County,-4.6984136859255825,396.33218189706434,0.257969793914578,0.9327434118489977,5.2426438582049295,0.06275144573023643
c2k6v6,WA,Whitman County,-1.5087850230726905,45.89951336506372,0.11129342803083342,0.21916307214781602,0.17544686043602192,0.02222752257419657
c260k3,WA,Yakima County,-6.807120003092929,1045.9815633571616,0.6121072676516186,1.7435348845792882,12.564342875176541,0.15716434124534964
9xkv40,WY,Albany County,-0.644857616782342,6.992874628695556,0.0442936330421661,0.17504700372111148,-0.012207675200788127,0.02312816401283562
9xgjq9,WY,Big Horn County,-0.49868585297621215,3.7464732310245883,0.030390937382009427,0.07616032579021094,-0.017917249013132536,0.01088998496187758
9xugqu,WY,Campbell County,-0.988778410827767,15.990600237435347,0.0608786144005711,0.26921157345529245,-0.06324495472841304,0.03757281304990991
9x7vnx,WY,Carbon County,-0.6187374270678555,5.994674435858541,0.03798084898530035,0.09815108090941989,-0.008462693845264676,0.012078041305959589
9xsuw9,WY,Converse County,-0.2695842589376604,1.2100176052413933,0.018606619376319522,0.08230868708108136,-0.003652655777427231,0.011232007400001878
9xvtst,WY,Crook County,-0.2674734988476298,1.1058980074607105,0.02022119756027941,0.04528100921376937,0.0019270532570301645,0.006973177384601496
9xdubt,WY,Fremont County,-0.45331792100420515,3.22130526735613,0.026523449847008457,0.19554714257738418,-0.08193600257321251,0.029110833010872094
9xmz3q,WY,Goshen County,-0.17595748897694188,0.4613394096811894,0.011135355196238702,0.16731721524970958,0.12809806313404654,0.017966060512102235
9xfbsr,WY,Hot Springs County,-0.01566624575419566,0.002394172184112229,0.003153997064463438,0.05702806384366594,0.010862185645549038,0.007629085580462644
9xu4w9,WY,Johnson County,-0.15578783403859367,0.41263680366339744,0.009967552139878558,0.12661573284299268,0.11357318483128997,0.013372171897138805
9xmdfm,WY,Laramie County,-1.4120307966700967,36.593394593223394,0.09491928874023163,0.5694290403869293,0.253728691735332,0.06484021141411675
9x921r,WY,Lincoln County,-0.3251777309380728,1.3784066543752593,0.02493803136440807,0.05305856717565621,-0.007851225728457046,0.008146413489122924
9xsh6r,WY,Natrona County,-1.1213068257434986,23.78107998007738,0.07776950582604897,0.4793814807937573,-0.1551795556579478,0.06143366587826473
9xtsyz,WY,Niobrara County,-0.08130697489506948,0.13495865259711295,0.006549787522886088,0.0293172784532681,0.003471075155781228,0.004784125150860458
9xfj45,WY,Park County,-0.554901706535691,5.583866870412511,0.038802254733930466,0.1384334047995294,-0.015109590382157607,0.018702431369535897
9xmret,WY,Platte County,-0.0991973577715096,0.13984756773394072,0.008715756447124945,0.0923151443497734,0.05777182041296097,0.010177338272832062
9xgyzb,WY,Sheridan County,-0.8798195866749526,11.696853743164121,0.05354013177458512,0.16225338917978022,-0.04078882539477435,0.024210171143244925
9x9g6c,WY,Sublette County,-0.12708740869462645,0.19781182876627906,0.010473811699416387,0.03365498289181579,-0.003338374676506129,0.005477395406077486
9x6t42,WY,Sweetwater County,-0.8466248869462282,11.174467418961076,0.04811779414236428,0.22730346345669855,0.028243789753833504,0.02948327997937789
9xc6x4,WY,Teton County,-0.8329235789134197,9.577501328399148,0.05146329095009882,0.03708493300870894,-0.008164711381617102,0.005449835419757588
9x36u5,WY,Uinta County,-0.252687575623134,0.955292622996358,0.014837703077776307,0.20195132842671493,0.2447772870964316,0.01888713128100881
9xg3tg,WY,Washakie County,-0.2740685180936642,0.9496190245068316,0.01899979273572367,0.12459806180030396,0.1171807014034227,0.016107924938719546
9xv9km,WY,Weston County,-0.023980514428204022,0.00780863783266098,0.0022633060281478127,0.029427383163698875,0.0031640868260932676,0.003148791288406523
