,G3001070
metadata_index,183463
upgrade,0
weight,9.729435225087556
in.sqft,3000.0
calc.weighted.sqft,29188.30567526267
in.upgrade_name,Baseline
applicability,True
in.building_america_climate_zone,Cold
in.cambium_grid_region,NWPPc
in.census_division_name,Mountain
in.census_region_name,West
in.cluster_id,57.0
in.cluster_name,Rural Rocky Mountains North
in.county_name,"MT, Wheatland County"
in.iso_rto_region,None
in.nhgis_puma_gisjoin,G30000400
in.nhgis_tract_gisjoin,G3001070000100
in.reeds_balancing_area,20.0
in.state,MT
in.state_name,Montana
in.airtightness..m3_per_m2_s,35.0
in.ashrae_iecc_climate_zone_2006,6B
in.aspect_ratio,1
in.building_subtype,NA
in.cejst_is_disadvantaged,True
in.comstock_building_type,PrimarySchool
in.comstock_building_type_group,Education
in.economizer_changeover_temperature_fault_applicable,False
in.economizer_damper_stuck_fault_applicable,False
in.economizer_damper_stuck_fault_timing,No fault
in.ejscreen_census_tract_percentile_for_demographic_index,39.3021942222
in.ejscreen_census_tract_percentile_for_less_than_hs_educ,81.3665848846
in.ejscreen_census_tract_percentile_for_low_income,73.4938510797
in.ejscreen_census_tract_percentile_for_people_in_ling_isol,30.514196166
in.ejscreen_census_tract_percentile_for_people_of_color,10.3882283173
in.ejscreen_census_tract_percentile_for_people_over_64,82.2737556845
in.ejscreen_census_tract_percentile_percent_people_under_5,60.6445393219
in.energy_code_followed_during_last_ext_lighting_replacement,ComStock DOE Ref 1980-2004
in.energy_code_followed_during_last_hvac_replacement,ComStock DOE Ref 1980-2004
in.energy_code_followed_during_last_int_equipment_replacement,ComStock 90.1-2007
in.energy_code_followed_during_last_roof_replacement,ComStock DOE Ref Pre-1980
in.energy_code_followed_during_last_svc_water_htg_replacement,ComStock 90.1-2010
in.energy_code_followed_during_last_walls_replacement,ComStock DOE Ref Pre-1980
in.energy_code_followed_during_original_building_construction,ComStock DOE Ref Pre-1980
in.floor_area_category,1001_5000
in.heating_fuel,NaturalGas
in.hvac_category,Small Packaged Unit
in.hvac_combined_type,Central Single-zone RTU_Furnace_DX
in.hvac_cool_type,DX
in.hvac_heat_type,Furnace
in.hvac_night_variability,default_nochange
in.hvac_system_type,PSZ-AC with gas coil
in.hvac_vent_type,Central Single-zone RTU
in.interior_lighting_generation,gen2_t8_halogen
in.number_of_stories,1
in.number_stories,1
in.ownership_type,state
in.party_responsible_for_operation,building_owner
in.purchase_input_responsibility,building_owner
in.rotation..degrees,270
in.service_water_heating_fuel,NaturalGas
in.tstat_clg_delta_f..delta_f,10
in.tstat_clg_sp_f..f,73
in.tstat_htg_delta_f..delta_f,7
in.tstat_htg_sp_f..f,67
in.vintage,1970 to 1979
in.wall_construction_type,WoodFramed
in.weather_file_2018,USA_MT_Lewistown.Muni.726776_2018.epw
in.weather_file_tmy3,Lewistown_Municipal_Arpt
in.weekday_opening_time..hr,5.75
in.weekday_operating_hours..hr,10
in.weekend_opening_time..hr,10.75
in.weekend_operating_hours..hr,11
in.window_to_wall_ratio_category,2_10pct
in.window_type,Single - No LowE - Clear - Wood
in.year_built,1979
out.district_cooling.cooling.energy_consumption,0.0
out.district_cooling.cooling.energy_savings,0.0
out.district_cooling.total.energy_consumption,0.0
out.district_cooling.total.energy_savings,0.0
out.district_heating.cooling.energy_consumption,0.0
out.district_heating.cooling.energy_savings,0.0
out.district_heating.heating.energy_consumption,0.0
out.district_heating.heating.energy_savings,0.0
out.district_heating.total.energy_consumption,0.0
out.district_heating.total.energy_savings,0.0
out.district_heating.water_systems.energy_consumption,0.0
out.district_heating.water_systems.energy_savings,0.0
out.electricity.cooling.energy_consumption,2380.5555555555557
out.electricity.cooling.energy_savings,0.0
out.electricity.exterior_lighting.energy_consumption,7608.333333333333
out.electricity.exterior_lighting.energy_savings,0.0
out.electricity.fans.energy_consumption,11433.333333333334
out.electricity.fans.energy_savings,0.0
out.electricity.heat_recovery.energy_consumption,0.0
out.electricity.heat_recovery.energy_savings,0.0
out.electricity.heat_rejection.energy_consumption,0.0
out.electricity.heat_rejection.energy_savings,0.0
out.electricity.heating.energy_consumption,0.0
out.electricity.heating.energy_savings,0.0
out.electricity.interior_equipment.energy_consumption,1536.111111111111
out.electricity.interior_equipment.energy_savings,0.0
out.electricity.interior_lighting.energy_consumption,6486.111111111111
out.electricity.interior_lighting.energy_savings,0.0
out.electricity.pumps.energy_consumption,0.0
out.electricity.pumps.energy_savings,0.0
out.electricity.refrigeration.energy_consumption,16513.888888888887
out.electricity.refrigeration.energy_savings,0.0
out.electricity.total.apr.energy_consumption..kwh,3805.7952104388205
out.electricity.total.aug.energy_consumption..kwh,4291.22930083814
out.electricity.total.dec.energy_consumption..kwh,4199.01831418082
out.electricity.total.energy_consumption,48555.555555555555
out.electricity.total.energy_savings,0.0
out.electricity.total.feb.energy_consumption..kwh,3864.499054337134
out.electricity.total.jan.energy_consumption..kwh,4257.190281198525
out.electricity.total.jul.energy_consumption..kwh,4437.393645313827
out.electricity.total.jun.energy_consumption..kwh,3686.2902123800604
out.electricity.total.mar.energy_consumption..kwh,3961.215905626849
out.electricity.total.may.energy_consumption..kwh,4025.680358935719
out.electricity.total.nov.energy_consumption..kwh,3974.5667541205803
out.electricity.total.oct.energy_consumption..kwh,4059.250851481264
out.electricity.total.sep.energy_consumption..kwh,3993.094195669472
out.electricity.water_systems.energy_consumption,2597.222222222222
out.electricity.water_systems.energy_savings,0.0
out.natural_gas.cooling.energy_savings,0.0
out.natural_gas.heating.energy_consumption,118088.88888888888
out.natural_gas.heating.energy_savings,0.0
out.natural_gas.interior_equipment.energy_consumption,0.0
out.natural_gas.interior_equipment.energy_savings,0.0
out.natural_gas.total.energy_consumption,121019.44444444442
out.natural_gas.total.energy_savings,0.0
out.natural_gas.water_systems.energy_consumption,2933.333333333333
out.natural_gas.water_systems.energy_savings,0.0
out.other_fuel.cooling.energy_consumption,0.0
out.other_fuel.cooling.energy_savings,0.0
out.other_fuel.heating.energy_consumption,0.0
out.other_fuel.heating.energy_savings,0.0
out.other_fuel.interior_equipment.energy_savings,0.0
out.other_fuel.total.energy_consumption,0.0
out.other_fuel.total.energy_savings,0.0
out.other_fuel.water_systems.energy_consumption,0.0
out.other_fuel.water_systems.energy_savings,0.0
out.site_energy.total.energy_consumption,169575.00000000003
out.site_energy.total.energy_savings,0.0
out.electricity.total.peak_demand,17.24087
out.district_cooling.cooling.energy_consumption_intensity,0.0
out.district_cooling.cooling.energy_savings_intensity,0.0
out.district_cooling.total.energy_consumption_intensity,0.0
out.district_cooling.total.energy_savings_intensity,0.0
out.district_heating.cooling.energy_consumption_intensity,0.0
out.district_heating.cooling.energy_savings_intensity,0.0
out.district_heating.heating.energy_consumption_intensity,0.0
out.district_heating.heating.energy_savings_intensity,0.0
out.district_heating.total.energy_consumption_intensity,0.0
out.district_heating.total.energy_savings_intensity,0.0
out.district_heating.water_systems.energy_consumption_intensity,0.0
out.district_heating.water_systems.energy_savings_intensity,0.0
out.electricity.cooling.energy_consumption_intensity,0.7935185185185185
out.electricity.cooling.energy_savings_intensity,0.0
out.electricity.exterior_lighting.energy_consumption_intensity,2.536111111111111
out.electricity.exterior_lighting.energy_savings_intensity,0.0
out.electricity.fans.energy_consumption_intensity,3.8111111111111113
out.electricity.fans.energy_savings_intensity,0.0
out.electricity.heat_recovery.energy_consumption_intensity,0.0
out.electricity.heat_recovery.energy_savings_intensity,0.0
out.electricity.heat_rejection.energy_consumption_intensity,0.0
out.electricity.heat_rejection.energy_savings_intensity,0.0
out.electricity.heating.energy_consumption_intensity,0.0
out.electricity.heating.energy_savings_intensity,0.0
out.electricity.interior_equipment.energy_consumption_intensity,0.5120370370370371
out.electricity.interior_equipment.energy_savings_intensity,0.0
out.electricity.interior_lighting.energy_consumption_intensity,2.162037037037037
out.electricity.interior_lighting.energy_savings_intensity,0.0
out.electricity.pumps.energy_consumption_intensity,0.0
out.electricity.pumps.energy_savings_intensity,0.0
out.electricity.refrigeration.energy_consumption_intensity,5.504629629629629
out.electricity.refrigeration.energy_savings_intensity,0.0
out.electricity.total.energy_consumption_intensity,16.185185185185183
out.electricity.total.energy_savings_intensity,0.0
out.electricity.water_systems.energy_consumption_intensity,0.8657407407407407
out.electricity.water_systems.energy_savings_intensity,0.0
out.natural_gas.cooling.energy_consumption_intensity,0.0
out.natural_gas.cooling.energy_savings_intensity,0.0
out.natural_gas.heating.energy_consumption_intensity,39.36296296296296
out.natural_gas.heating.energy_savings_intensity,0.0
out.natural_gas.interior_equipment.energy_consumption_intensity,0.0
out.natural_gas.interior_equipment.energy_savings_intensity,0.0
out.natural_gas.total.energy_consumption_intensity,40.33981481481481
out.natural_gas.total.energy_savings_intensity,0.0
out.natural_gas.water_systems.energy_consumption_intensity,0.9777777777777776
out.natural_gas.water_systems.energy_savings_intensity,0.0
out.other_fuel.cooling.energy_consumption_intensity,0.0
out.other_fuel.cooling.energy_savings_intensity,0.0
out.other_fuel.heating.energy_consumption_intensity,0.0
out.other_fuel.heating.energy_savings_intensity,0.0
out.other_fuel.interior_equipment.energy_consumption_intensity,0.0
out.other_fuel.interior_equipment.energy_savings_intensity,0.0
out.other_fuel.total.energy_consumption_intensity,0.0
out.other_fuel.total.energy_savings_intensity,0.0
out.other_fuel.water_systems.energy_consumption_intensity,0.0
out.other_fuel.water_systems.energy_savings_intensity,0.0
out.site_energy.total.energy_consumption_intensity,56.52500000000001
out.site_energy.total.energy_savings_intensity,0.0
out.qoi.maximum_daily_peak_apr..kw,7.957334886071545
out.qoi.maximum_daily_peak_aug..kw,17.050459608477265
out.qoi.maximum_daily_peak_dec..kw,8.729271460044195
out.qoi.maximum_daily_peak_feb..kw,8.619259111553522
out.qoi.maximum_daily_peak_jan..kw,8.627557632988479
out.qoi.maximum_daily_peak_jul..kw,15.281595038168271
out.qoi.maximum_daily_peak_jun..kw,11.503907244894235
out.qoi.maximum_daily_peak_mar..kw,8.600333034162663
out.qoi.maximum_daily_peak_may..kw,10.4688326008948
out.qoi.maximum_daily_peak_nov..kw,8.71706195138245
out.qoi.maximum_daily_peak_oct..kw,8.855824022994742
out.qoi.maximum_daily_peak_sep..kw,12.811924685930263
out.qoi.maximum_daily_timing_shoulder_hour..hr,15.838709677419354
out.qoi.maximum_daily_timing_summer_hour..hr,14.75
out.qoi.maximum_daily_timing_winter_hour..hr,14.523809523809524
out.qoi.maximum_daily_use_shoulder..kw,8.186149711201018
out.qoi.maximum_daily_use_shoulder_intensity..w_per_ft2,2.7287165704003393
out.qoi.maximum_daily_use_summer..kw,12.949711601892506
out.qoi.maximum_daily_use_summer_intensity..w_per_ft2,4.3165705339641685
out.qoi.maximum_daily_use_winter..kw,7.29811251150951
out.qoi.maximum_daily_use_winter_intensity..w_per_ft2,2.43270417050317
out.qoi.median_daily_peak_apr..kw,7.257937071606466
out.qoi.median_daily_peak_aug..kw,9.503924685536992
out.qoi.median_daily_peak_dec..kw,8.599084818767748
out.qoi.median_daily_peak_feb..kw,8.560605189262844
out.qoi.median_daily_peak_jan..kw,8.589832106556509
out.qoi.median_daily_peak_jul..kw,10.54049657913605
out.qoi.median_daily_peak_jun..kw,7.261340439691066
out.qoi.median_daily_peak_mar..kw,7.258884619299261
out.qoi.median_daily_peak_may..kw,7.755176034017354
out.qoi.median_daily_peak_nov..kw,8.550028610540359
out.qoi.median_daily_peak_oct..kw,7.692226412640374
out.qoi.median_daily_peak_sep..kw,7.279924534421383
out.qoi.median_daily_peak_timing_apr..hr,12.0
out.qoi.median_daily_peak_timing_aug..hr,16.0
out.qoi.median_daily_peak_timing_dec..hr,17.0
out.qoi.median_daily_peak_timing_feb..hr,18.0
out.qoi.median_daily_peak_timing_jan..hr,18.0
out.qoi.median_daily_peak_timing_jul..hr,16.0
out.qoi.median_daily_peak_timing_jun..hr,15.0
out.qoi.median_daily_peak_timing_mar..hr,11.0
out.qoi.median_daily_peak_timing_may..hr,14.0
out.qoi.median_daily_peak_timing_nov..hr,17.0
out.qoi.median_daily_peak_timing_oct..hr,17.0
out.qoi.median_daily_peak_timing_sep..hr,14.0
out.qoi.minimum_daily_peak_apr..kw,4.564363201117842
out.qoi.minimum_daily_peak_aug..kw,4.466362886141354
out.qoi.minimum_daily_peak_dec..kw,5.118541892650826
out.qoi.minimum_daily_peak_feb..kw,5.447820439789277
out.qoi.minimum_daily_peak_jan..kw,4.962039395919747
out.qoi.minimum_daily_peak_jul..kw,4.600188138052333
out.qoi.minimum_daily_peak_jun..kw,4.44594708122768
out.qoi.minimum_daily_peak_mar..kw,5.061670564383977
out.qoi.minimum_daily_peak_may..kw,4.665935962009486
out.qoi.minimum_daily_peak_nov..kw,4.924573506733047
out.qoi.minimum_daily_peak_oct..kw,4.656089045751975
out.qoi.minimum_daily_peak_sep..kw,4.577154578763302
out.qoi.minimum_daily_use_shoulder..kw,3.0714379709793027
out.qoi.minimum_daily_use_shoulder_intensity..w_per_ft2,1.023812656993101
out.qoi.minimum_daily_use_summer..kw,3.0183554686383562
out.qoi.minimum_daily_use_summer_intensity..w_per_ft2,1.0061184895461188
out.qoi.minimum_daily_use_winter..kw,3.8761803702707973
out.qoi.minimum_daily_use_winter_intensity..w_per_ft2,1.292060123423599
out.qoi.q1_daily_peak_apr..kw,5.825273917322369
out.qoi.q1_daily_peak_aug..kw,7.250938725207433
out.qoi.q1_daily_peak_dec..kw,5.39173630378388
out.qoi.q1_daily_peak_feb..kw,6.091451429553475
out.qoi.q1_daily_peak_jan..kw,7.119298899062179
out.qoi.q1_daily_peak_jul..kw,7.728934063857482
out.qoi.q1_daily_peak_jun..kw,4.674700270332572
out.qoi.q1_daily_peak_mar..kw,5.525442674573727
out.qoi.q1_daily_peak_may..kw,6.112107035442424
out.qoi.q1_daily_peak_nov..kw,5.431786335869708
out.qoi.q1_daily_peak_oct..kw,6.266001669666384
out.qoi.q1_daily_peak_sep..kw,5.552456982985455
out.qoi.q3_daily_peak_apr..kw,7.263393938775293
out.qoi.q3_daily_peak_aug..kw,12.199340095632461
out.qoi.q3_daily_peak_dec..kw,8.707989278091553
out.qoi.q3_daily_peak_feb..kw,8.60077379351834
out.qoi.q3_daily_peak_jan..kw,8.598502023218622
out.qoi.q3_daily_peak_jul..kw,12.267569845229398
out.qoi.q3_daily_peak_jun..kw,9.336054223568537
out.qoi.q3_daily_peak_mar..kw,7.360229497725072
out.qoi.q3_daily_peak_may..kw,8.598002665981285
out.qoi.q3_daily_peak_nov..kw,8.707022652068076
out.qoi.q3_daily_peak_oct..kw,8.566520163969384
out.qoi.q3_daily_peak_sep..kw,8.502799815116852
out.emissions.electricity.aer_95_decarb_by_2035_from_2023..co2e_kg,13275.729982846437
out.emissions.electricity.aer_95_decarb_by_2050_from_2023..co2e_kg,13275.729982846437
out.emissions.electricity.aer_high_re_cost_from_2023..co2e_kg,13328.145419063298
out.emissions.electricity.aer_low_re_cost_from_2023..co2e_kg,12981.661845398032
out.emissions.electricity.aer_mid_case_from_2023..co2e_kg,13267.210239951264
out.emissions.electricity.cooling.aer_95_decarb_by_2035_from_2023..co2e_kg,589.4665237587812
out.emissions.electricity.cooling.aer_95_decarb_by_2050_from_2023..co2e_kg,589.4665237587812
out.emissions.electricity.cooling.aer_high_re_cost_from_2023..co2e_kg,592.2752647298303
out.emissions.electricity.cooling.aer_low_re_cost_from_2023..co2e_kg,580.9676425534795
out.emissions.electricity.cooling.aer_mid_case_from_2023..co2e_kg,589.3054746085686
out.emissions.electricity.cooling.egrid_2018_state..co2e_kg,1258.2847479423574
out.emissions.electricity.cooling.egrid_2018_subregion..co2e_kg,694.3239782546642
out.emissions.electricity.cooling.egrid_2019_state..co2e_kg,1362.751226075345
out.emissions.electricity.cooling.egrid_2019_subregion..co2e_kg,776.8943585473829
out.emissions.electricity.cooling.egrid_2020_state..co2e_kg,984.9272534205447
out.emissions.electricity.cooling.egrid_2020_subregion..co2e_kg,651.6120720875628
out.emissions.electricity.cooling.egrid_2021_state..co2e_kg,1136.4548552422602
out.emissions.electricity.cooling.egrid_2021_subregion..co2e_kg,689.1006003874996
out.emissions.electricity.cooling.lrmer_95_decarb_by_2035_15_2023_start..co2e_kg,90.39383600895118
out.emissions.electricity.cooling.lrmer_95_decarb_by_2035_15_2025_start..co2e_kg,325.02554609838216
out.emissions.electricity.cooling.lrmer_95_decarb_by_2035_25_2025_start..co2e_kg,239.13069978923718
out.emissions.electricity.cooling.lrmer_95_decarb_by_2035_30_2023_start..co2e_kg,55.04569550981748
out.emissions.electricity.cooling.lrmer_95_decarb_by_2050_15_2023_start..co2e_kg,233.02408313752585
out.emissions.electricity.cooling.lrmer_95_decarb_by_2050_30_2023_start..co2e_kg,168.52522130848996
out.emissions.electricity.cooling.lrmer_high_re_cost_15_2023_start..co2e_kg,452.03919074584434
out.emissions.electricity.cooling.lrmer_high_re_cost_30_2023_start..co2e_kg,347.19402979982067
out.emissions.electricity.cooling.lrmer_low_re_cost_15_2023_start..co2e_kg,153.99250433848383
out.emissions.electricity.cooling.lrmer_low_re_cost_15_2025_start..co2e_kg,190.354771484631
out.emissions.electricity.cooling.lrmer_low_re_cost_25_2025_start..co2e_kg,175.67270353516417
out.emissions.electricity.cooling.lrmer_low_re_cost_30_2023_start..co2e_kg,130.5032390812675
out.emissions.electricity.cooling.lrmer_mid_case_15_2023_start..co2e_kg,231.2293698607102
out.emissions.electricity.cooling.lrmer_mid_case_15_2025_start..co2e_kg,566.7554744758147
out.emissions.electricity.cooling.lrmer_mid_case_25_2025_start..co2e_kg,527.2072378619333
out.emissions.electricity.cooling.lrmer_mid_case_30_2023_start..co2e_kg,211.67388142686147
out.emissions.electricity.egrid_2018_state..co2e_kg,25678.789835067437
out.emissions.electricity.egrid_2018_subregion..co2e_kg,14169.606318605895
out.emissions.electricity.egrid_2019_state..co2e_kg,27810.718034287365
out.emissions.electricity.egrid_2019_subregion..co2e_kg,15854.683917778582
out.emissions.electricity.egrid_2020_state..co2e_kg,20100.17206739201
out.emissions.electricity.egrid_2020_subregion..co2e_kg,13297.951421958953
out.emissions.electricity.egrid_2021_state..co2e_kg,23192.513008307447
out.emissions.electricity.egrid_2021_subregion..co2e_kg,14063.008807430939
out.emissions.electricity.enduse_group.hvac.aer_95_decarb_by_2035_from_2023..co2e_kg,3634.5954652229116
out.emissions.electricity.enduse_group.hvac.aer_95_decarb_by_2050_from_2023..co2e_kg,3634.5954652229116
out.emissions.electricity.enduse_group.hvac.aer_high_re_cost_from_2023..co2e_kg,3649.534790596659
out.emissions.electricity.enduse_group.hvac.aer_low_re_cost_from_2023..co2e_kg,3558.12930644039
out.emissions.electricity.enduse_group.hvac.aer_mid_case_from_2023..co2e_kg,3632.127936739891
out.emissions.electricity.enduse_group.hvac.egrid_2018_state..co2e_kg,7305.266084464927
out.emissions.electricity.enduse_group.hvac.egrid_2018_subregion..co2e_kg,4031.060074652453
out.emissions.electricity.enduse_group.hvac.egrid_2019_state..co2e_kg,7911.770630368691
out.emissions.electricity.enduse_group.hvac.egrid_2019_subregion..co2e_kg,4510.4417088335595
out.emissions.electricity.enduse_group.hvac.egrid_2020_state..co2e_kg,5718.225283938601
out.emissions.electricity.enduse_group.hvac.egrid_2020_subregion..co2e_kg,3783.086124371631
out.emissions.electricity.enduse_group.hvac.egrid_2021_state..co2e_kg,6597.954178577634
out.emissions.electricity.enduse_group.hvac.egrid_2021_subregion..co2e_kg,4000.7345340768866
out.emissions.electricity.enduse_group.hvac.lrmer_95_decarb_by_2035_15_2023_start..co2e_kg,927.3370233264549
out.emissions.electricity.enduse_group.hvac.lrmer_95_decarb_by_2035_15_2025_start..co2e_kg,2144.787584398797
out.emissions.electricity.enduse_group.hvac.lrmer_95_decarb_by_2035_25_2025_start..co2e_kg,1532.8645436869633
out.emissions.electricity.enduse_group.hvac.lrmer_95_decarb_by_2035_30_2023_start..co2e_kg,564.7727996290143
out.emissions.electricity.enduse_group.hvac.lrmer_95_decarb_by_2050_15_2023_start..co2e_kg,1697.6929158487656
out.emissions.electricity.enduse_group.hvac.lrmer_95_decarb_by_2050_30_2023_start..co2e_kg,1205.4091435366736
out.emissions.electricity.enduse_group.hvac.lrmer_high_re_cost_15_2023_start..co2e_kg,2697.9407707208234
out.emissions.electricity.enduse_group.hvac.lrmer_high_re_cost_30_2023_start..co2e_kg,2112.6472334220407
out.emissions.electricity.enduse_group.hvac.lrmer_low_re_cost_15_2023_start..co2e_kg,1329.3183415437127
out.emissions.electricity.enduse_group.hvac.lrmer_low_re_cost_15_2025_start..co2e_kg,1524.4222755415065
out.emissions.electricity.enduse_group.hvac.lrmer_low_re_cost_25_2025_start..co2e_kg,1243.5040515805085
out.emissions.electricity.enduse_group.hvac.lrmer_low_re_cost_30_2023_start..co2e_kg,1037.8292318996337
out.emissions.electricity.enduse_group.hvac.lrmer_mid_case_15_2023_start..co2e_kg,1762.6080339036926
out.emissions.electricity.enduse_group.hvac.lrmer_mid_case_15_2025_start..co2e_kg,3581.0796112121766
out.emissions.electricity.enduse_group.hvac.lrmer_mid_case_25_2025_start..co2e_kg,3256.824304707933
out.emissions.electricity.enduse_group.hvac.lrmer_mid_case_30_2023_start..co2e_kg,1511.63556697502
out.emissions.electricity.exterior_lighting.aer_95_decarb_by_2035_from_2023..co2e_kg,2252.843638570423
out.emissions.electricity.exterior_lighting.aer_95_decarb_by_2050_from_2023..co2e_kg,2252.843638570423
out.emissions.electricity.exterior_lighting.aer_high_re_cost_from_2023..co2e_kg,2260.281066802282
out.emissions.electricity.exterior_lighting.aer_low_re_cost_from_2023..co2e_kg,2200.983722440771
out.emissions.electricity.exterior_lighting.aer_mid_case_from_2023..co2e_kg,2251.4182438813855
out.emissions.electricity.exterior_lighting.egrid_2018_state..co2e_kg,4024.215072638109
out.emissions.electricity.exterior_lighting.egrid_2018_subregion..co2e_kg,2220.569726491252
out.emissions.electricity.exterior_lighting.egrid_2019_state..co2e_kg,4358.317172004449
out.emissions.electricity.exterior_lighting.egrid_2019_subregion..co2e_kg,2484.6442688162624
out.emissions.electricity.exterior_lighting.egrid_2020_state..co2e_kg,3149.9699135259507
out.emissions.electricity.exterior_lighting.egrid_2020_subregion..co2e_kg,2083.9695675369067
out.emissions.electricity.exterior_lighting.egrid_2021_state..co2e_kg,3634.5817314541355
out.emissions.electricity.exterior_lighting.egrid_2021_subregion..co2e_kg,2203.8644489477533
out.emissions.electricity.exterior_lighting.lrmer_95_decarb_by_2035_15_2023_start..co2e_kg,1093.0747720761951
out.emissions.electricity.exterior_lighting.lrmer_95_decarb_by_2035_15_2025_start..co2e_kg,1462.469397815193
out.emissions.electricity.exterior_lighting.lrmer_95_decarb_by_2035_25_2025_start..co2e_kg,1037.7545049839528
out.emissions.electricity.exterior_lighting.lrmer_95_decarb_by_2035_30_2023_start..co2e_kg,665.7628920016327
out.emissions.electricity.exterior_lighting.lrmer_95_decarb_by_2050_15_2023_start..co2e_kg,1463.0984255651595
out.emissions.electricity.exterior_lighting.lrmer_95_decarb_by_2050_30_2023_start..co2e_kg,1007.0669244259799
out.emissions.electricity.exterior_lighting.lrmer_high_re_cost_15_2023_start..co2e_kg,1777.129618208257
out.emissions.electricity.exterior_lighting.lrmer_high_re_cost_30_2023_start..co2e_kg,1413.3477950358845
out.emissions.electricity.exterior_lighting.lrmer_low_re_cost_15_2023_start..co2e_kg,1338.1560210605562
out.emissions.electricity.exterior_lighting.lrmer_low_re_cost_15_2025_start..co2e_kg,1217.3747494747925
out.emissions.electricity.exterior_lighting.lrmer_low_re_cost_25_2025_start..co2e_kg,948.3450103902776
out.emissions.electricity.exterior_lighting.lrmer_low_re_cost_30_2023_start..co2e_kg,963.0528331876679
out.emissions.electricity.exterior_lighting.lrmer_mid_case_15_2023_start..co2e_kg,1559.9886016865735
out.emissions.electricity.exterior_lighting.lrmer_mid_case_15_2025_start..co2e_kg,2486.0375200884087
out.emissions.electricity.exterior_lighting.lrmer_mid_case_25_2025_start..co2e_kg,2238.3108366776514
out.emissions.electricity.exterior_lighting.lrmer_mid_case_30_2023_start..co2e_kg,1242.7615098666924
out.emissions.electricity.heating.aer_95_decarb_by_2035_from_2023..co2e_kg,0.0
out.emissions.electricity.heating.aer_95_decarb_by_2050_from_2023..co2e_kg,0.0
out.emissions.electricity.heating.aer_high_re_cost_from_2023..co2e_kg,0.0
out.emissions.electricity.heating.aer_low_re_cost_from_2023..co2e_kg,0.0
out.emissions.electricity.heating.aer_mid_case_from_2023..co2e_kg,0.0
out.emissions.electricity.heating.egrid_2018_state..co2e_kg,0.0
out.emissions.electricity.heating.egrid_2018_subregion..co2e_kg,0.0
out.emissions.electricity.heating.egrid_2019_state..co2e_kg,0.0
out.emissions.electricity.heating.egrid_2019_subregion..co2e_kg,0.0
out.emissions.electricity.heating.egrid_2020_state..co2e_kg,0.0
out.emissions.electricity.heating.egrid_2020_subregion..co2e_kg,0.0
out.emissions.electricity.heating.egrid_2021_state..co2e_kg,0.0
out.emissions.electricity.heating.egrid_2021_subregion..co2e_kg,0.0
out.emissions.electricity.heating.lrmer_95_decarb_by_2035_15_2023_start..co2e_kg,0.0
out.emissions.electricity.heating.lrmer_95_decarb_by_2035_15_2025_start..co2e_kg,0.0
out.emissions.electricity.heating.lrmer_95_decarb_by_2035_25_2025_start..co2e_kg,0.0
out.emissions.electricity.heating.lrmer_95_decarb_by_2035_30_2023_start..co2e_kg,0.0
out.emissions.electricity.heating.lrmer_95_decarb_by_2050_15_2023_start..co2e_kg,0.0
out.emissions.electricity.heating.lrmer_95_decarb_by_2050_30_2023_start..co2e_kg,0.0
out.emissions.electricity.heating.lrmer_high_re_cost_15_2023_start..co2e_kg,0.0
out.emissions.electricity.heating.lrmer_high_re_cost_30_2023_start..co2e_kg,0.0
out.emissions.electricity.heating.lrmer_low_re_cost_15_2023_start..co2e_kg,0.0
out.emissions.electricity.heating.lrmer_low_re_cost_15_2025_start..co2e_kg,0.0
out.emissions.electricity.heating.lrmer_low_re_cost_25_2025_start..co2e_kg,0.0
out.emissions.electricity.heating.lrmer_low_re_cost_30_2023_start..co2e_kg,0.0
out.emissions.electricity.heating.lrmer_mid_case_15_2023_start..co2e_kg,0.0
out.emissions.electricity.heating.lrmer_mid_case_15_2025_start..co2e_kg,0.0
out.emissions.electricity.heating.lrmer_mid_case_25_2025_start..co2e_kg,0.0
out.emissions.electricity.heating.lrmer_mid_case_30_2023_start..co2e_kg,0.0
out.emissions.electricity.interior_equipment.aer_95_decarb_by_2035_from_2023..co2e_kg,418.51712079907145
out.emissions.electricity.interior_equipment.aer_95_decarb_by_2050_from_2023..co2e_kg,418.51712079907145
out.emissions.electricity.interior_equipment.aer_high_re_cost_from_2023..co2e_kg,420.2539707724666
out.emissions.electricity.interior_equipment.aer_low_re_cost_from_2023..co2e_kg,409.12104450718857
out.emissions.electricity.interior_equipment.aer_mid_case_from_2023..co2e_kg,418.1848936702027
out.emissions.electricity.interior_equipment.egrid_2018_state..co2e_kg,812.2102640644221
out.emissions.electricity.interior_equipment.egrid_2018_subregion..co2e_kg,448.17920796280293
out.emissions.electricity.interior_equipment.egrid_2019_state..co2e_kg,879.6423345310037
out.emissions.electricity.interior_equipment.egrid_2019_subregion..co2e_kg,501.47756550160153
out.emissions.electricity.interior_equipment.egrid_2020_state..co2e_kg,635.7607257761925
out.emissions.electricity.interior_equipment.egrid_2020_subregion..co2e_kg,420.6090982214223
out.emissions.electricity.interior_equipment.egrid_2021_state..co2e_kg,733.5702825477589
out.emissions.electricity.interior_equipment.egrid_2021_subregion..co2e_kg,444.8075696084991
out.emissions.electricity.interior_equipment.lrmer_95_decarb_by_2035_15_2023_start..co2e_kg,125.78065849423159
out.emissions.electricity.interior_equipment.lrmer_95_decarb_by_2035_15_2025_start..co2e_kg,249.841058938097
out.emissions.electricity.interior_equipment.lrmer_95_decarb_by_2035_25_2025_start..co2e_kg,177.42537184882693
out.emissions.electricity.interior_equipment.lrmer_95_decarb_by_2035_30_2023_start..co2e_kg,76.60713829272389
out.emissions.electricity.interior_equipment.lrmer_95_decarb_by_2050_15_2023_start..co2e_kg,207.83113434768933
out.emissions.electricity.interior_equipment.lrmer_95_decarb_by_2050_30_2023_start..co2e_kg,146.3376002455719
out.emissions.electricity.interior_equipment.lrmer_high_re_cost_15_2023_start..co2e_kg,308.18587240949137
out.emissions.electricity.interior_equipment.lrmer_high_re_cost_30_2023_start..co2e_kg,242.45959729191284
out.emissions.electricity.interior_equipment.lrmer_low_re_cost_15_2023_start..co2e_kg,170.33470121191596
out.emissions.electricity.interior_equipment.lrmer_low_re_cost_15_2025_start..co2e_kg,188.57155310886014
out.emissions.electricity.interior_equipment.lrmer_low_re_cost_25_2025_start..co2e_kg,150.10691189321096
out.emissions.electricity.interior_equipment.lrmer_low_re_cost_30_2023_start..co2e_kg,129.88548876634096
out.emissions.electricity.interior_equipment.lrmer_mid_case_15_2023_start..co2e_kg,218.29369525378812
out.emissions.electricity.interior_equipment.lrmer_mid_case_15_2025_start..co2e_kg,415.9857678141691
out.emissions.electricity.interior_equipment.lrmer_mid_case_25_2025_start..co2e_kg,375.45172581378387
out.emissions.electricity.interior_equipment.lrmer_mid_case_30_2023_start..co2e_kg,183.01773661569996
out.emissions.electricity.interior_equipment_fuel_oil_ghg_emissions..co2e_kg,0.0
out.emissions.electricity.interior_equipment_natural_gas_ghg_emissions..co2e_kg,0.0
out.emissions.electricity.interior_equipment_propane_ghg_emissions..co2e_kg,0.0
out.emissions.electricity.interior_lighting.aer_95_decarb_by_2035_from_2023..co2e_kg,1797.3246430009563
out.emissions.electricity.interior_lighting.aer_95_decarb_by_2050_from_2023..co2e_kg,1797.3246430009563
out.emissions.electricity.interior_lighting.aer_high_re_cost_from_2023..co2e_kg,1804.4128512350062
out.emissions.electricity.interior_lighting.aer_low_re_cost_from_2023..co2e_kg,1755.66810606027
out.emissions.electricity.interior_lighting.aer_mid_case_from_2023..co2e_kg,1795.7831513559677
out.emissions.electricity.interior_lighting.egrid_2018_state..co2e_kg,3429.8909889806255
out.emissions.electricity.interior_lighting.egrid_2018_subregion..co2e_kg,1892.6205378736322
out.emissions.electricity.interior_lighting.egrid_2019_state..co2e_kg,3714.650565527038
out.emissions.electricity.interior_lighting.egrid_2019_subregion..co2e_kg,2117.6947142759304
out.emissions.electricity.interior_lighting.egrid_2020_state..co2e_kg,2684.7604382337468
out.emissions.electricity.interior_lighting.egrid_2020_subregion..co2e_kg,1776.1944408997235
out.emissions.electricity.interior_lighting.egrid_2021_state..co2e_kg,3097.801410811724
out.emissions.electricity.interior_lighting.egrid_2021_subregion..co2e_kg,1878.382411958234
out.emissions.electricity.interior_lighting.lrmer_95_decarb_by_2035_15_2023_start..co2e_kg,648.9753661561035
out.emissions.electricity.interior_lighting.lrmer_95_decarb_by_2035_15_2025_start..co2e_kg,1108.0313088685564
out.emissions.electricity.interior_lighting.lrmer_95_decarb_by_2035_25_2025_start..co2e_kg,786.3913141646647
out.emissions.electricity.interior_lighting.lrmer_95_decarb_by_2035_30_2023_start..co2e_kg,395.26883889315377
out.emissions.electricity.interior_lighting.lrmer_95_decarb_by_2050_15_2023_start..co2e_kg,983.4361581930193
out.emissions.electricity.interior_lighting.lrmer_95_decarb_by_2050_30_2023_start..co2e_kg,686.4882995079228
out.emissions.electricity.interior_lighting.lrmer_high_re_cost_15_2023_start..co2e_kg,1365.0278678179507
out.emissions.electricity.interior_lighting.lrmer_high_re_cost_30_2023_start..co2e_kg,1077.0787863539808
out.emissions.electricity.interior_lighting.lrmer_low_re_cost_15_2023_start..co2e_kg,837.0373018815651
out.emissions.electricity.interior_lighting.lrmer_low_re_cost_15_2025_start..co2e_kg,861.908426274613
out.emissions.electricity.interior_lighting.lrmer_low_re_cost_25_2025_start..co2e_kg,680.8045939559541
out.emissions.electricity.interior_lighting.lrmer_low_re_cost_30_2023_start..co2e_kg,624.0924498625224
out.emissions.electricity.interior_lighting.lrmer_mid_case_15_2023_start..co2e_kg,1038.9380065371229
out.emissions.electricity.interior_lighting.lrmer_mid_case_15_2025_start..co2e_kg,1861.6866939161696
out.emissions.electricity.interior_lighting.lrmer_mid_case_25_2025_start..co2e_kg,1675.217372195956
out.emissions.electricity.interior_lighting.lrmer_mid_case_30_2023_start..co2e_kg,853.8842222146359
out.emissions.electricity.lrmer_95_decarb_by_2035_15_2023_start..co2e_kg,4510.93904348618
out.emissions.electricity.lrmer_95_decarb_by_2035_15_2025_start..co2e_kg,8146.36185661549
out.emissions.electricity.lrmer_95_decarb_by_2035_25_2025_start..co2e_kg,5798.187902252739
out.emissions.electricity.lrmer_95_decarb_by_2035_30_2023_start..co2e_kg,2747.4242265754365
out.emissions.electricity.lrmer_95_decarb_by_2050_15_2023_start..co2e_kg,7082.0857010991185
out.emissions.electricity.lrmer_95_decarb_by_2050_30_2023_start..co2e_kg,4958.800093926973
out.emissions.electricity.lrmer_high_re_cost_15_2023_start..co2e_kg,10094.85540593767
out.emissions.electricity.lrmer_high_re_cost_30_2023_start..co2e_kg,7949.2017989763
out.emissions.electricity.lrmer_low_re_cost_15_2023_start..co2e_kg,5944.8606609488215
out.emissions.electricity.lrmer_low_re_cost_15_2025_start..co2e_kg,6195.468487833529
out.emissions.electricity.lrmer_low_re_cost_25_2025_start..co2e_kg,4940.86098014711
out.emissions.electricity.lrmer_low_re_cost_30_2023_start..co2e_kg,4467.042686783962
out.emissions.electricity.lrmer_mid_case_15_2023_start..co2e_kg,7448.907014204394
out.emissions.electricity.lrmer_mid_case_15_2025_start..co2e_kg,13694.962552348845
out.emissions.electricity.lrmer_mid_case_25_2025_start..co2e_kg,12372.507711301294
out.emissions.electricity.lrmer_mid_case_30_2023_start..co2e_kg,6174.857330560647
out.emissions.electricity.refrigeration.aer_95_decarb_by_2035_from_2023..co2e_kg,4478.245882003998
out.emissions.electricity.refrigeration.aer_95_decarb_by_2050_from_2023..co2e_kg,4478.245882003998
out.emissions.electricity.refrigeration.aer_high_re_cost_from_2023..co2e_kg,4496.512649279233
out.emissions.electricity.refrigeration.aer_low_re_cost_from_2023..co2e_kg,4378.990411281801
out.emissions.electricity.refrigeration.aer_mid_case_from_2023..co2e_kg,4475.971324909956
out.emissions.electricity.refrigeration.egrid_2018_state..co2e_kg,8733.99860927664
out.emissions.electricity.refrigeration.egrid_2018_subregion..co2e_kg,4819.437468649556
out.emissions.electricity.refrigeration.egrid_2019_state..co2e_kg,9459.120706021102
out.emissions.electricity.refrigeration.egrid_2019_subregion..co2e_kg,5392.574501283353
out.emissions.electricity.refrigeration.egrid_2020_state..co2e_kg,6836.571193985238
out.emissions.electricity.refrigeration.egrid_2020_subregion..co2e_kg,4522.965839574301
out.emissions.electricity.refrigeration.egrid_2021_state..co2e_kg,7888.353682600855
out.emissions.electricity.refrigeration.egrid_2021_subregion..co2e_kg,4783.180989261926
out.emissions.electricity.refrigeration.lrmer_95_decarb_by_2035_15_2023_start..co2e_kg,1516.8895652077283
out.emissions.electricity.refrigeration.lrmer_95_decarb_by_2035_15_2025_start..co2e_kg,2764.051559997369
out.emissions.electricity.refrigeration.lrmer_95_decarb_by_2035_25_2025_start..co2e_kg,1967.3682750002695
out.emissions.electricity.refrigeration.lrmer_95_decarb_by_2035_30_2023_start..co2e_kg,923.8835481295099
out.emissions.electricity.refrigeration.lrmer_95_decarb_by_2050_15_2023_start..co2e_kg,2390.296517929459
out.emissions.electricity.refrigeration.lrmer_95_decarb_by_2050_30_2023_start..co2e_kg,1673.6347558060388
out.emissions.electricity.refrigeration.lrmer_high_re_cost_15_2023_start..co2e_kg,3431.498573161553
out.emissions.electricity.refrigeration.lrmer_high_re_cost_30_2023_start..co2e_kg,2698.84702361236
out.emissions.electricity.refrigeration.lrmer_low_re_cost_15_2023_start..co2e_kg,1996.0381085786598
out.emissions.electricity.refrigeration.lrmer_low_re_cost_15_2025_start..co2e_kg,2093.786062028263
out.emissions.electricity.refrigeration.lrmer_low_re_cost_25_2025_start..co2e_kg,1671.2111225531235
out.emissions.electricity.refrigeration.lrmer_low_re_cost_30_2023_start..co2e_kg,1501.7231436411341
out.emissions.electricity.refrigeration.lrmer_mid_case_15_2023_start..co2e_kg,2513.2454020484493
out.emissions.electricity.refrigeration.lrmer_mid_case_15_2025_start..co2e_kg,4656.704481526564
out.emissions.electricity.refrigeration.lrmer_mid_case_25_2025_start..co2e_kg,4200.413958293331
out.emissions.electricity.refrigeration.lrmer_mid_case_30_2023_start..co2e_kg,2083.2729044986313
out.emissions.electricity.water_systems.aer_95_decarb_by_2035_from_2023..co2e_kg,694.2032332490675
out.emissions.electricity.water_systems.aer_95_decarb_by_2050_from_2023..co2e_kg,694.2032332490675
out.emissions.electricity.water_systems.aer_high_re_cost_from_2023..co2e_kg,697.1500903776612
out.emissions.electricity.water_systems.aer_low_re_cost_from_2023..co2e_kg,678.7692546675745
out.emissions.electricity.water_systems.aer_mid_case_from_2023..co2e_kg,693.7246893938742
out.emissions.electricity.water_systems.egrid_2018_state..co2e_kg,1373.2088156426441
out.emissions.electricity.water_systems.egrid_2018_subregion..co2e_kg,757.739302976161
out.emissions.electricity.water_systems.egrid_2019_state..co2e_kg,1487.2166258350073
out.emissions.electricity.water_systems.egrid_2019_subregion..co2e_kg,847.8511590678326
out.emissions.electricity.water_systems.egrid_2020_state..co2e_kg,1074.8845119322289
out.emissions.electricity.water_systems.egrid_2020_subregion..co2e_kg,711.1263513549338
out.emissions.electricity.water_systems.egrid_2021_state..co2e_kg,1240.2517223152797
out.emissions.electricity.water_systems.egrid_2021_subregion..co2e_kg,752.0388535776027
out.emissions.electricity.water_systems.lrmer_95_decarb_by_2035_15_2023_start..co2e_kg,198.8816582254604
out.emissions.electricity.water_systems.lrmer_95_decarb_by_2035_15_2025_start..co2e_kg,417.18094659750557
out.emissions.electricity.water_systems.lrmer_95_decarb_by_2035_25_2025_start..co2e_kg,296.3838925680599
out.emissions.electricity.water_systems.lrmer_95_decarb_by_2035_30_2023_start..co2e_kg,121.1290096294
out.emissions.electricity.water_systems.lrmer_95_decarb_by_2050_15_2023_start..co2e_kg,339.7305492150028
out.emissions.electricity.water_systems.lrmer_95_decarb_by_2050_30_2023_start..co2e_kg,239.86337040478878
out.emissions.electricity.water_systems.lrmer_high_re_cost_15_2023_start..co2e_kg,515.0727036196295
out.emissions.electricity.water_systems.lrmer_high_re_cost_30_2023_start..co2e_kg,404.8213632601284
out.emissions.electricity.water_systems.lrmer_low_re_cost_15_2023_start..co2e_kg,273.9761866724085
out.emissions.electricity.water_systems.lrmer_low_re_cost_15_2025_start..co2e_kg,309.4054214054952
out.emissions.electricity.water_systems.lrmer_low_re_cost_25_2025_start..co2e_kg,246.88928977402796
out.emissions.electricity.water_systems.lrmer_low_re_cost_30_2023_start..co2e_kg,210.45953942667737
out.emissions.electricity.water_systems.lrmer_mid_case_15_2023_start..co2e_kg,355.8332747747467
out.emissions.electricity.water_systems.lrmer_mid_case_15_2025_start..co2e_kg,693.4684777913737
out.emissions.electricity.water_systems.lrmer_mid_case_25_2025_start..co2e_kg,626.2895136126391
out.emissions.electricity.water_systems.lrmer_mid_case_30_2023_start..co2e_kg,300.28539038999656
out.emissions.fuel_oil..co2e_kg,0.0
out.emissions.fuel_oil.enduse_group.hvac..co2e_kg,0.0
out.emissions.fuel_oil.heating..co2e_kg,0.0
out.emissions.fuel_oil.water_systems..co2e_kg,0.0
out.emissions.natural_gas..co2e_kg,27590.161903054523
out.emissions.natural_gas.enduse_group.hvac..co2e_kg,26921.611301854737
out.emissions.natural_gas.heating..co2e_kg,26921.611301854737
out.emissions.natural_gas.water_systems..co2e_kg,668.550601199786
out.emissions.propane..co2e_kg,0.0
out.emissions.propane.enduse_group.hvac..co2e_kg,0.0
out.emissions.propane.heating..co2e_kg,0.0
out.emissions.propane.water_systems..co2e_kg,0.0
out.utility_bills.electricity_bill_intensity..usd_per_ft2,0.5976666666666667
out.utility_bills.electricity_bill_max..usd,2611.0
out.utility_bills.electricity_bill_mean..usd,1793.0
out.utility_bills.electricity_bill_median..usd,1532.0
out.utility_bills.electricity_bill_min..usd,1499.0
out.utility_bills.electricity_bill_number_of_rates..usd,4.0
out.utility_bills.electricity_energy_rate..usd_per_kwh,0.03692677345537757
out.utility_bills.electricity_utility_eia_id,12825
out.utility_bills.fuel_oil_bill..usd,
out.utility_bills.fuel_oil_bill_intensity..usd_per_ft2,
out.utility_bills.fuel_oil_rate_name,
out.utility_bills.natural_gas_bill..usd,4129.0
out.utility_bills.natural_gas_bill_intensity..usd_per_ft2,1.3763333333333334
out.utility_bills.natural_gas_energy_rate..usd_per_kwh,0.034118484173801276
out.utility_bills.natural_gas_rate_name,EIA 2022 Average Commercial Natural Gas Price for MT
out.utility_bills.propane_bill..usd,
out.utility_bills.propane_bill_intensity..usd_per_ft2,
out.utility_bills.propane_rate_name,
out.params.air_system_fan_power_minimum_flow_fraction,0.0
out.params.air_system_fan_static_pressure..inwc,0.0
out.params.air_system_fan_total_efficiency,0.0
out.params.area_fraction_with_dcv,0.0
out.params.area_fraction_with_economizer,0.0
out.params.area_fraction_with_heat_recovery,0.0
out.params.area_fraction_with_motorized_oa_damper,0.0
out.params.area_fraction_with_mz_vav_optimization,0.0
out.params.area_fraction_with_supply_air_temperature_reset,0.0
out.params.area_fraction_with_unoccupied_shutdown,1.0
out.params.average_cooling_setpoint_max..c,28.333333333333403
out.params.average_cooling_setpoint_min..c,22.7777777777778
out.params.average_heating_setpoint_max..c,19.4444444444445
out.params.average_heating_setpoint_min..c,15.5555555555556
out.params.average_outdoor_air_fraction,0.2103381198868828
out.params.average_roof_absorptance,0.6999999999999997
out.params.average_roof_u_value..btu_per_ft2_f_hr,0.060028254196673715
out.params.average_wall_u_value..btu_per_ft2_f_hr,0.1450128999264945
out.params.average_window_shgc,0.685
out.params.average_window_u_value..btu_per_ft2_f_hr,0.9094320399999999
out.params.average_window_vlt,0.725
out.params.boiler_average_efficiency,0.0
out.params.boiler_cap_weight_efficiency,0.0
out.params.boiler_capacity..kbtu_per_hr,0.0
out.params.boiler_electric..j,0.0
out.params.boiler_gas..j,0.0
out.params.boiler_load..j,0.0
out.params.boiler_load_weight_efficiency,0.0
out.params.boiler_other_fuel..j,0.0
out.params.booster_water_heater_electric..j,3065384651.4428263
out.params.booster_water_heater_gas..j,0.0
out.params.broiler_fuel_type,Electric
out.params.building_fraction_cooled,1.0
out.params.building_fraction_heated,1.0
out.params.cdd50f,1786.2003616071343
out.params.cdd65f,463.8354609374965
out.params.chiller_average_cop..cop,0.0
out.params.chiller_capacity..tons,0.0
out.params.cooling_equipment_capacity..tons,12.0506636931678
out.params.daylight_control_fraction,0.0
out.params.design_chiller_cop..cop,0.0
out.params.design_outdoor_air_flow_rate..m3_per_m2_s,0.0019078912261200145
out.params.dining_type,None
out.params.dx_cooling_average_cop..cop,3.4688453673378623
out.params.dx_cooling_capacity_tons..tons,12.0506636931678
out.params.dx_cooling_design_cop..cop,3.1472185227605696
out.params.dx_cooling_design_eer_135_to_240_kbtuh..eer,0.0
out.params.dx_cooling_design_eer_240_to_760_kbtuh..eer,0.0
out.params.dx_cooling_design_eer_65_to_135_kbtuh..eer,0.0
out.params.dx_cooling_design_eer_760_plus_kbtuh..eer,0.0
out.params.dx_cooling_design_ieer_135_to_240_kbtuh..ieer,0.0
out.params.dx_cooling_design_ieer_240_to_760_kbtuh..ieer,0.0
out.params.dx_cooling_design_ieer_65_to_135_kbtuh..ieer,0.0
out.params.dx_cooling_design_ieer_760_plus_kbtuh..ieer,0.0
out.params.dx_cooling_design_seer_0_to_30_kbtuh..seer,0.0
out.params.dx_cooling_design_seer_30_to_65_kbtuh..seer,0.0
out.params.dx_cooling_electric..j,8565305212.870758
out.params.dx_cooling_load..j,29700033784.22584
out.params.dx_heating_average_cop..cop,0.0
out.params.dx_heating_average_minimum_operating_temperature..c,0.0
out.params.dx_heating_average_total_cop..cop,0.0
out.params.dx_heating_capacity_at_0f..kbtu_per_hr,0.0
out.params.dx_heating_capacity_at_17f..kbtu_per_hr,0.0
out.params.dx_heating_capacity_at_5f..kbtu_per_hr,0.0
out.params.dx_heating_capacity_at_rated..kbtu_per_hr,0.0
out.params.dx_heating_defrost_energy..kbtu,0.0
out.params.dx_heating_design_cop..cop,0.0
out.params.dx_heating_design_cop_0f..cop,0.0
out.params.dx_heating_design_cop_135_to_240_kbtuh..cop,0.0
out.params.dx_heating_design_cop_17f..cop,0.0
out.params.dx_heating_design_cop_240_plus_kbtuh..cop,0.0
out.params.dx_heating_design_cop_5f..cop,0.0
out.params.dx_heating_design_cop_65_to_135_kbtuh..cop,0.0
out.params.dx_heating_design_hspf_0_to_30_kbtuh..hspf,0.0
out.params.dx_heating_design_hspf_30_to_65_kbtuh..hspf,0.0
out.params.dx_heating_fraction_electric_defrost,0.0
out.params.dx_heating_fraction_electric_supplemental,0.0
out.params.dx_heating_fraction_supplemental,0.0
out.params.dx_heating_hours_below_minus_20f..hr,3.0
out.params.dx_heating_ratio_defrost,0.0
out.params.dx_heating_supplemental_capacity..kbtu_per_hr,0.0
out.params.dx_heating_supplemental_capacity_electric..kbtu_per_hr,0.0
out.params.dx_heating_supplemental_capacity_gas..kbtu_per_hr,0.0
out.params.dx_heating_total_dx_electric..j,0.0
out.params.dx_heating_total_dx_load..j,0.0
out.params.dx_heating_total_load..j,0.0
out.params.dx_heating_total_supplemental_electric..j,0.0
out.params.dx_heating_total_supplemental_gas..j,0.0
out.params.dx_heating_total_supplemental_load..j,0.0
out.params.dx_heating_total_supplemental_load_electric..j,0.0
out.params.dx_heating_total_supplemental_load_gas..j,0.0
out.params.economizer_control_type,NoEconomizer
out.params.economizer_high_limit_enthalpy..j_per_kg,-999.0
out.params.economizer_high_limit_temperature..c,-999.0
out.params.elevator_energy_consumption..kwh,0.0
out.params.ext_roof_area..m2,278.7091200000008
out.params.ext_wall_area..m2,476.06218258397143
out.params.ext_window_area..m2,30.39
out.params.exterior_lighting_power..w,1745.84
out.params.fluid_hx_demand_inlet_temp..c,-999.0
out.params.fluid_hx_demand_outlet_temp..c,-999.0
out.params.fluid_hx_supply_inlet_temp..c,-999.0
out.params.fluid_hx_supply_outlet_temp..c,-999.0
out.params.fluid_hx_transfer_energy..j,0.0
out.params.fryer_fuel_type,Electric
out.params.furnace_capacity..kbtu_per_hr,347.19587252669106
out.params.gas_coil_average_efficiency,0.8000000000000004
out.params.ghx_borehole_depth..ft,0.0
out.params.ghx_flow_rate..ft3_per_min,0.0
out.params.ghx_num_boreholes,0.0
out.params.griddle_fuel_type,Electric
out.params.hdd50f,4702.999861607158
out.params.hdd65f,8855.63496093752
out.params.heat_pump_cooling_average_cop..cop,0.0
out.params.heat_pump_cooling_cap_weight_cop..cop,0.0
out.params.heat_pump_cooling_capacity..kbtu_per_hr,0.0
out.params.heat_pump_cooling_load_weight_cop..cop,0.0
out.params.heat_pump_cooling_source_inlet_temp..c,-999.0
out.params.heat_pump_cooling_total_electric..j,0.0
out.params.heat_pump_cooling_total_load..j,0.0
out.params.heat_pump_heating_average_cop..cop,0.0
out.params.heat_pump_heating_cap_weight_cop..cop,0.0
out.params.heat_pump_heating_capacity..kbtu_per_hr,0.0
out.params.heat_pump_heating_load_weight_cop..cop,0.0
out.params.heat_pump_heating_source_inlet_temp..c,-999.0
out.params.heat_pump_heating_total_electric..j,0.0
out.params.heat_pump_heating_total_load..j,0.0
out.params.heating_equipment..kbtu_per_hr,347.19587252669106
out.params.hot_water_loop_boiler_fraction,0.0
out.params.hot_water_loop_heat_pump_fraction,0.0
out.params.hot_water_loop_load..j,0.0
out.params.hot_water_volume..m3,29.597446695635476
out.params.hours_above_65f..hr,1237.0
out.params.hours_below_0f..hr,246.0
out.params.hours_below_17f..hr,917.0
out.params.hours_below_50f..hr,5615.0
out.params.hours_below_5f..hr,407.0
out.params.hours_cooling_setpoint_not_met..hr,0.0
out.params.hours_heating_setpoint_not_met..hr,19.0
out.params.hp_water_heater_0_to_40_gal_capacity..w,0.0
out.params.hp_water_heater_0_to_40_gal_cop..cop,0.0
out.params.hp_water_heater_0_to_40_gal_count,0.0
out.params.hp_water_heater_0_to_40_gal_total_volume..gal,0.0
out.params.hp_water_heater_40_to_65_gal_capacity..w,0.0
out.params.hp_water_heater_40_to_65_gal_cop..cop,0.0
out.params.hp_water_heater_40_to_65_gal_count,0.0
out.params.hp_water_heater_40_to_65_gal_total_volume..gal,0.0
out.params.hp_water_heater_65_to_90_gal_capacity..w,0.0
out.params.hp_water_heater_65_to_90_gal_cop..cop,0.0
out.params.hp_water_heater_65_to_90_gal_count,0.0
out.params.hp_water_heater_65_to_90_gal_total_volume..gal,0.0
out.params.hp_water_heater_90_plus_capacity..w,0.0
out.params.hp_water_heater_90_plus_gal_cop..cop,0.0
out.params.hp_water_heater_90_plus_gal_count,0.0
out.params.hp_water_heater_90_plus_gal_total_volume..gal,0.0
out.params.hp_water_heater_backup_electric..j,0.0
out.params.hp_water_heater_capacity..w,0.0
out.params.hp_water_heater_cop..cop,0.0
out.params.hp_water_heater_count,0.0
out.params.hp_water_heater_heat_pump_electric..j,0.0
out.params.hp_water_heater_heat_pump_output..j,0.0
out.params.hp_water_heater_tank_output..j,0.0
out.params.hp_water_heater_total_electric..j,0.0
out.params.hp_water_heater_total_output..j,0.0
out.params.hp_water_heater_total_volume..gal,0.0
out.params.hp_water_heater_unmet_heat_transfer_demand..j,0.0
out.params.hvac_count_boilers,0.0
out.params.hvac_count_boilers_0_to_300_kbtuh,0.0
out.params.hvac_count_boilers_2500_plus_kbtuh,0.0
out.params.hvac_count_boilers_300_to_2500_kbtuh,0.0
out.params.hvac_count_chillers_0_to_75_tons,0.0
out.params.hvac_count_chillers_150_to_300_tons,0.0
out.params.hvac_count_chillers_300_to_600_tons,0.0
out.params.hvac_count_chillers_600_plus_tons,0.0
out.params.hvac_count_chillers_75_to_150_tons,0.0
out.params.hvac_count_dx_cooling_0_to_30_kbtuh,12.0
out.params.hvac_count_dx_cooling_135_to_240_kbtuh,0.0
out.params.hvac_count_dx_cooling_240_to_760_kbtuh,0.0
out.params.hvac_count_dx_cooling_30_to_65_kbtuh,1.0
out.params.hvac_count_dx_cooling_65_to_135_kbtuh,0.0
out.params.hvac_count_dx_cooling_760_plus_kbtuh,0.0
out.params.hvac_count_dx_heating_0_to_30_kbtuh,0.0
out.params.hvac_count_dx_heating_135_to_240_kbtuh,0.0
out.params.hvac_count_dx_heating_240_plus_kbtuh,0.0
out.params.hvac_count_dx_heating_30_to_65_kbtuh,0.0
out.params.hvac_count_dx_heating_65_to_135_kbtuh,0.0
out.params.hvac_count_furnace_0_to_30_kbtuh,10.0
out.params.hvac_count_furnace_135_to_240_kbtuh,0.0
out.params.hvac_count_furnace_240_plus_kbtuh,0.0
out.params.hvac_count_furnace_30_to_65_kbtuh,1.0
out.params.hvac_count_furnace_65_to_135_kbtuh,2.0
out.params.hvac_count_heat_pumps_cooling,0.0
out.params.hvac_count_heat_pumps_heating,0.0
out.params.hvac_count_heat_pumps_heating_0_to_300_kbtuh,0.0
out.params.hvac_count_heat_pumps_heating_2500_plus_kbtuh,0.0
out.params.hvac_count_heat_pumps_heating_300_to_2500_kbtuh,0.0
out.params.interior_electric_equipment_eflh..hr,3552.1294463029576
out.params.interior_electric_equipment_power_density..w_per_ft2,0.14414931797318417
out.params.interior_lighting_eflh..hr,3886.0862468162386
out.params.interior_lighting_power_density..w_per_ft2,0.5563515767012307
out.params.internal_mass_area_ratio,2.0
out.params.non_hp_water_heater_0_to_40_gal_count,1.0
out.params.non_hp_water_heater_0_to_40_gal_total_volume..gal,6.0
out.params.non_hp_water_heater_40_to_65_gal_count,2.0
out.params.non_hp_water_heater_40_to_65_gal_total_volume..gal,80.0
out.params.non_hp_water_heater_65_to_90_gal_count,0.0
out.params.non_hp_water_heater_65_to_90_gal_total_volume..gal,0.0
out.params.non_hp_water_heater_90_plus_gal_count,0.0
out.params.non_hp_water_heater_90_plus_gal_total_volume..gal,0.0
out.params.non_hp_water_heater_count,3.0
out.params.non_hp_water_heater_electric..j,9347608040.404308
out.params.non_hp_water_heater_gas..j,10557017640.126726
out.params.non_hp_water_heater_other_fuel..j,0.0
out.params.non_hp_water_heater_total_volume_gal..gal,86.0
out.params.non_hp_water_heater_unmet_heat_transfer_demand..j,509030706.97790354
out.params.num_air_loops,13.0
out.params.num_air_loops_dcv,0.0
out.params.num_air_loops_economizer,0.0
out.params.num_air_loops_heat_recovery,0.0
out.params.num_broilers,0
out.params.num_errors,1.0
out.params.num_fryers,0
out.params.num_griddles,0
out.params.num_ovens,0
out.params.num_ranges,0
out.params.num_steamers,0
out.params.num_warnings,3547005.0
out.params.number_of_spaces,13.0
out.params.number_of_surfaces,80.0
out.params.number_of_zones,13.0
out.params.occupant_density_ppl_per_m_2..people_per_m2,0.21503762417247163
out.params.occupant_eflh..hr,1426.6901395579748
out.params.oven_fuel_type,Gas
out.params.range_fuel_type,Gas
out.params.smallest_space_floor_area..m2,6.800502527999957
out.params.steamer_fuel_type,Gas
out.params.vrf_area_average_indoor_unit_cooling_capacity..w,0.0
out.params.vrf_area_average_indoor_unit_heating_capacity..w,0.0
out.params.vrf_average_line_height..m,0.0
out.params.vrf_average_line_length..m,0.0
out.params.vrf_average_num_compressors,0.0
out.params.vrf_average_outdoor_unit_cooling_capacity..w,0.0
out.params.vrf_average_outdoor_unit_heating_capacity..w,0.0
out.params.vrf_cooling_average_cop,0.0
out.params.vrf_cooling_design_cop,0.0
out.params.vrf_cooling_design_cop_110f,0.0
out.params.vrf_cooling_design_cop_35f,0.0
out.params.vrf_cooling_design_cop_60f,0.0
out.params.vrf_cooling_design_cop_85f,0.0
out.params.vrf_heating_average_cop,0.0
out.params.vrf_heating_average_total_cop,0.0
out.params.vrf_heating_design_cop,0.0
out.params.vrf_heating_design_cop_0f,0.0
out.params.vrf_heating_design_cop_20f,0.0
out.params.vrf_heating_design_cop_40f,0.0
out.params.vrf_heating_design_cop_minus22f,0.0
out.params.vrf_heating_fraction_supplemental,0.0
out.params.vrf_heating_total_supplemental_electric..j,0.0
out.params.vrf_heating_total_supplemental_gas..j,0.0
out.params.vrf_heating_total_supplemental_load..j,0.0
out.params.vrf_heating_total_supplemental_load_electric..j,0.0
out.params.vrf_heating_total_supplemental_load_gas..j,0.0
out.params.vrf_indoor_unit_count,0.0
out.params.vrf_outdoor_unit_count,0.0
out.params.vrf_temperature_type,
out.params.vrf_total_cooling_load..j,0.0
out.params.vrf_total_heat_recovery..j,0.0
out.params.vrf_total_heating_load..j,0.0
out.params.vrf_total_indoor_unit_cooling_capacity..w,0.0
out.params.vrf_total_indoor_unit_heating_capacity..w,0.0
out.params.vrf_total_outdoor_unit_cooling_capacity..w,0.0
out.params.vrf_total_outdoor_unit_heating_capacity..w,0.0
out.params.wa_hp_cooling_average_cop..cop,0.0
out.params.wa_hp_cooling_capacity..w,0.0
out.params.wa_hp_cooling_design_cop..cop,0.0
out.params.wa_hp_cooling_electric..j,0.0
out.params.wa_hp_cooling_load..j,0.0
out.params.wa_hp_heating_average_cop..cop,0.0
out.params.wa_hp_heating_capacity..w,0.0
out.params.wa_hp_heating_design_cop..cop,0.0
out.params.wa_hp_heating_electric..j,0.0
out.params.wa_hp_heating_load..j,0.0
out.params.window_to_wall_ratio,0.06
out.params.zone_hvac_fan_power_minimum_flow_fraction,1.0
out.params.zone_hvac_fan_static_pressure..inwc,2.500229934125
out.params.zone_hvac_fan_total_efficiency,0.5362499999999999
calc.emissions.total_with_cambium_mid_case_15y..co2e_kg,32101.100946540704
calc.emissions.total_with_egrid..co2e_kg,41653.17071048546
calc.enduse_group.district_cooling.hvac.energy_consumption..kwh,0.0
calc.enduse_group.district_heating.hvac.energy_consumption..kwh,0.0
calc.enduse_group.district_heating.water_systems.energy_consumption..kwh,0.0
calc.enduse_group.electricity.hvac.energy_consumption..kwh,13813.88888888889
calc.enduse_group.electricity.interior_equipment.energy_consumption..kwh,1536.111111111111
calc.enduse_group.electricity.lighting.energy_consumption..kwh,14094.444444444445
calc.enduse_group.electricity.refrigeration.energy_consumption..kwh,16513.888888888887
calc.enduse_group.electricity.water_systems.energy_consumption..kwh,2597.222222222222
calc.enduse_group.natural_gas.hvac.energy_consumption..kwh,118088.88888888888
calc.enduse_group.natural_gas.interior_equipment.energy_consumption..kwh,0.0
calc.enduse_group.natural_gas.water_systems.energy_consumption..kwh,2933.333333333333
calc.enduse_group.other_fuel.hvac.energy_consumption..kwh,0.0
calc.enduse_group.other_fuel.interior_equipment.energy_consumption..kwh,0.0
calc.enduse_group.other_fuel.water_systems.energy_consumption..kwh,0.0
calc.enduse_group.site_energy.cooling.energy_consumption..kwh,2380.5555555555557
calc.enduse_group.site_energy.heating.energy_consumption..kwh,118088.88888888888
calc.enduse_group.site_energy.hvac.energy_consumption..kwh,131902.77777777775
calc.enduse_group.site_energy.interior_equipment.energy_consumption..kwh,1536.111111111111
calc.enduse_group.site_energy.lighting.energy_consumption..kwh,14094.444444444445
calc.enduse_group.site_energy.refrigeration.energy_consumption..kwh,16513.888888888887
calc.enduse_group.site_energy.water_systems.energy_consumption..kwh,5530.555555555555
calc.percent_savings.district_cooling.cooling.energy_consumption..percent,0.0
calc.percent_savings.district_cooling.cooling.energy_consumption_intensity..percent,0.0
calc.percent_savings.district_cooling.total.energy_consumption..percent,0.0
calc.percent_savings.district_cooling.total.energy_consumption_intensity..percent,0.0
calc.percent_savings.district_heating.cooling.energy_consumption..percent,0.0
calc.percent_savings.district_heating.cooling.energy_consumption_intensity..percent,0.0
calc.percent_savings.district_heating.heating.energy_consumption..percent,0.0
calc.percent_savings.district_heating.heating.energy_consumption_intensity..percent,0.0
calc.percent_savings.district_heating.total.energy_consumption..percent,0.0
calc.percent_savings.district_heating.total.energy_consumption_intensity..percent,0.0
calc.percent_savings.district_heating.water_systems.energy_consumption..percent,0.0
calc.percent_savings.district_heating.water_systems.energy_consumption_intensity..percent,0.0
calc.percent_savings.electricity.cooling.energy_consumption..percent,0.0
calc.percent_savings.electricity.cooling.energy_consumption_intensity..percent,0.0
calc.percent_savings.electricity.exterior_lighting.energy_consumption..percent,0.0
calc.percent_savings.electricity.exterior_lighting.energy_consumption_intensity..percent,0.0
calc.percent_savings.electricity.fans.energy_consumption..percent,0.0
calc.percent_savings.electricity.fans.energy_consumption_intensity..percent,0.0
calc.percent_savings.electricity.heat_recovery.energy_consumption..percent,0.0
calc.percent_savings.electricity.heat_recovery.energy_consumption_intensity..percent,0.0
calc.percent_savings.electricity.heat_rejection.energy_consumption..percent,0.0
calc.percent_savings.electricity.heat_rejection.energy_consumption_intensity..percent,0.0
calc.percent_savings.electricity.heating.energy_consumption..percent,0.0
calc.percent_savings.electricity.heating.energy_consumption_intensity..percent,0.0
calc.percent_savings.electricity.interior_equipment.energy_consumption..percent,0.0
calc.percent_savings.electricity.interior_equipment.energy_consumption_intensity..percent,0.0
calc.percent_savings.electricity.interior_lighting.energy_consumption..percent,0.0
calc.percent_savings.electricity.interior_lighting.energy_consumption_intensity..percent,0.0
calc.percent_savings.electricity.pumps.energy_consumption..percent,0.0
calc.percent_savings.electricity.pumps.energy_consumption_intensity..percent,0.0
calc.percent_savings.electricity.refrigeration.energy_consumption..percent,0.0
calc.percent_savings.electricity.refrigeration.energy_consumption_intensity..percent,0.0
calc.percent_savings.electricity.total.energy_consumption..percent,0.0
calc.percent_savings.electricity.total.energy_consumption_intensity..percent,0.0
calc.percent_savings.electricity.water_systems.energy_consumption..percent,0.0
calc.percent_savings.electricity.water_systems.energy_consumption_intensity..percent,0.0
calc.percent_savings.natural_gas.cooling.energy_consumption..percent,0.0
calc.percent_savings.natural_gas.cooling.energy_consumption_intensity..percent,0.0
calc.percent_savings.natural_gas.heating.energy_consumption..percent,0.0
calc.percent_savings.natural_gas.heating.energy_consumption_intensity..percent,0.0
calc.percent_savings.natural_gas.interior_equipment.energy_consumption..percent,0.0
calc.percent_savings.natural_gas.interior_equipment.energy_consumption_intensity..percent,0.0
calc.percent_savings.natural_gas.total.energy_consumption..percent,0.0
calc.percent_savings.natural_gas.total.energy_consumption_intensity..percent,0.0
calc.percent_savings.natural_gas.water_systems.energy_consumption..percent,0.0
calc.percent_savings.natural_gas.water_systems.energy_consumption_intensity..percent,0.0
calc.percent_savings.other_fuel.cooling.energy_consumption..percent,0.0
calc.percent_savings.other_fuel.cooling.energy_consumption_intensity..percent,0.0
calc.percent_savings.other_fuel.heating.energy_consumption..percent,0.0
calc.percent_savings.other_fuel.heating.energy_consumption_intensity..percent,0.0
calc.percent_savings.other_fuel.interior_equipment.energy_consumption..percent,0.0
calc.percent_savings.other_fuel.interior_equipment.energy_consumption_intensity..percent,0.0
calc.percent_savings.other_fuel.total.energy_consumption..percent,0.0
calc.percent_savings.other_fuel.total.energy_consumption_intensity..percent,0.0
calc.percent_savings.other_fuel.water_systems.energy_consumption..percent,0.0
calc.percent_savings.other_fuel.water_systems.energy_consumption_intensity..percent,0.0
calc.percent_savings.site_energy.total.energy_consumption..percent,0.0
calc.percent_savings.site_energy.total.energy_consumption_intensity..percent,0.0
calc.segment,A: Non Food-Service Buildings with Small Packaged Units
calc.weighted.district_cooling.cooling.energy_consumption..tbtu,0.0
calc.weighted.district_cooling.total.energy_consumption..tbtu,0.0
calc.weighted.district_heating.cooling.energy_consumption..tbtu,0.0
calc.weighted.district_heating.heating.energy_consumption..tbtu,0.0
calc.weighted.district_heating.total.energy_consumption..tbtu,0.0
calc.weighted.district_heating.water_systems.energy_consumption..tbtu,0.0
calc.weighted.electricity.cooling.energy_consumption..tbtu,7.903018562661046e-05
calc.weighted.electricity.exterior_lighting.energy_consumption..tbtu,0.00025258305534572466
calc.weighted.electricity.fans.energy_consumption..tbtu,0.0003795662124143858
calc.weighted.electricity.heat_recovery.energy_consumption..tbtu,0.0
calc.weighted.electricity.heat_rejection.energy_consumption..tbtu,0.0
calc.weighted.electricity.heating.energy_consumption..tbtu,0.0
calc.weighted.electricity.interior_equipment.energy_consumption..tbtu,5.099614078356544e-05
calc.weighted.electricity.interior_lighting.energy_consumption..tbtu,0.00021532728522536223
calc.weighted.electricity.pumps.energy_consumption..tbtu,0.0
calc.weighted.electricity.refrigeration.energy_consumption..tbtu,0.0005482315677365217
calc.weighted.electricity.total.energy_consumption..tbtu,0.0016119575784750886
calc.weighted.electricity.water_systems.energy_consumption..tbtu,8.622313134291806e-05
calc.weighted.emissions.electricity.egrid_2021_subregion..co2e_mmt,0.00013682513326173512
calc.weighted.emissions.electricity.lrmer_high_re_cost_15_2023_start..co2e_mmt,9.82172417786955e-05
calc.weighted.emissions.electricity.lrmer_low_re_cost_15_2023_start..co2e_mmt,5.784013672287276e-05
calc.weighted.emissions.fuel_oil..co2e_mmt,0.0
calc.weighted.emissions.natural_gas..co2e_mmt,0.0002684366930854474
calc.weighted.emissions.propane..co2e_mmt,0.0
calc.weighted.emissions.total_with_cambium_mid_case_15y..co2e_mmt,0.00031232558231336464
calc.weighted.emissions.total_with_egrid..co2e_mmt,0.00040526182634718254
calc.weighted.enduse_group.district_cooling.hvac.energy_consumption..tbtu,0.0
calc.weighted.enduse_group.district_heating.hvac.energy_consumption..tbtu,0.0
calc.weighted.enduse_group.district_heating.interior_equipment.energy_consumption..tbtu,0.0
calc.weighted.enduse_group.district_heating.water_systems.energy_consumption..tbtu,0.0
calc.weighted.enduse_group.electricity.hvac.emissions.egrid_2021_subregion..co2e_mmt,3.892628076147647e-05
calc.weighted.enduse_group.electricity.hvac.energy_consumption..tbtu,0.00045859639804099635
calc.weighted.enduse_group.electricity.interior_equipment.emissions.egrid_2021_subregion..co2e_mmt,4.32862120673567e-06
calc.weighted.enduse_group.electricity.interior_equipment.energy_consumption..tbtu,5.099614078356544e-05
calc.weighted.enduse_group.electricity.lighting.emissions.egrid_2021_subregion..co2e_mmt,3.9716860764876663e-05
calc.weighted.enduse_group.electricity.lighting.energy_consumption..tbtu,0.00046791034057108694
calc.weighted.enduse_group.electricity.refrigeration.emissions.egrid_2021_subregion..co2e_mmt,4.653463485360498e-05
calc.weighted.enduse_group.electricity.refrigeration.energy_consumption..tbtu,0.0005482315677365217
calc.weighted.enduse_group.electricity.water_systems.emissions.egrid_2021_subregion..co2e_mmt,7.318735675041323e-06
calc.weighted.enduse_group.electricity.water_systems.energy_consumption..tbtu,8.622313134291806e-05
calc.weighted.enduse_group.natural_gas.hvac.emissions..co2e_mmt,0.0002619363439403342
calc.weighted.enduse_group.natural_gas.hvac.energy_consumption..tbtu,0.00392033984989319
calc.weighted.enduse_group.natural_gas.interior_equipment.emissions..co2e_mmt,0.0
calc.weighted.enduse_group.natural_gas.interior_equipment.energy_consumption..tbtu,0.0
calc.weighted.enduse_group.natural_gas.water_systems.emissions..co2e_mmt,6.506510613497199e-06
calc.weighted.enduse_group.natural_gas.water_systems.energy_consumption..tbtu,9.738141892847215e-05
calc.weighted.enduse_group.other_fuel.hvac.emissions..co2e_mmt,0.0
calc.weighted.enduse_group.other_fuel.hvac.energy_consumption..tbtu,0.0
calc.weighted.enduse_group.other_fuel.interior_equipment.emissions..co2e_mmt,0.0
calc.weighted.enduse_group.other_fuel.interior_equipment.energy_consumption..tbtu,0.0
calc.weighted.enduse_group.other_fuel.water_systems.emissions..co2e_mmt,0.0
calc.weighted.enduse_group.other_fuel.water_systems.energy_consumption..tbtu,0.0
calc.weighted.enduse_group.site_energy.hvac.emissions..co2e_mmt,0.00031523019680075934
calc.weighted.enduse_group.site_energy.hvac.energy_consumption..tbtu,0.004378936247934185
calc.weighted.enduse_group.site_energy.interior_equipment.emissions..co2e_mmt,3.6711024287842464e-06
calc.weighted.enduse_group.site_energy.interior_equipment.energy_consumption..tbtu,5.099614078356544e-05
calc.weighted.enduse_group.site_energy.lighting.emissions..co2e_mmt,3.3683858451448947e-05
calc.weighted.enduse_group.site_energy.lighting.energy_consumption..tbtu,0.00046791034057108694
calc.weighted.enduse_group.site_energy.refrigeration.emissions..co2e_mmt,3.94660107398234e-05
calc.weighted.enduse_group.site_energy.refrigeration.energy_consumption..tbtu,0.0005482315677365217
calc.weighted.enduse_group.site_energy.water_systems.emissions..co2e_mmt,1.3217296447937493e-05
calc.weighted.enduse_group.site_energy.water_systems.energy_consumption..tbtu,0.0001836045502713902
calc.weighted.natural_gas.cooling.energy_consumption..tbtu,0.0
calc.weighted.natural_gas.heating.energy_consumption..tbtu,0.00392033984989319
calc.weighted.natural_gas.interior_equipment.energy_consumption..tbtu,0.0
calc.weighted.natural_gas.total.energy_consumption..tbtu,0.004017629051568889
calc.weighted.natural_gas.water_systems.energy_consumption..tbtu,9.738141892847215e-05
calc.weighted.other_fuel.cooling.energy_consumption..tbtu,0.0
calc.weighted.other_fuel.heating.energy_consumption..tbtu,0.0
calc.weighted.other_fuel.interior_equipment.energy_consumption..tbtu,0.0
calc.weighted.other_fuel.total.energy_consumption..tbtu,0.0
calc.weighted.other_fuel.water_systems.energy_consumption..tbtu,0.0
calc.weighted.savings.district_cooling.cooling.energy_consumption..tbtu,0.0
calc.weighted.savings.district_cooling.total.energy_consumption..tbtu,0.0
calc.weighted.savings.district_heating.cooling.energy_consumption..tbtu,0.0
calc.weighted.savings.district_heating.heating.energy_consumption..tbtu,0.0
calc.weighted.savings.district_heating.total.energy_consumption..tbtu,0.0
calc.weighted.savings.district_heating.water_systems.energy_consumption..tbtu,0.0
calc.weighted.savings.electricity.cooling.energy_consumption..tbtu,0.0
calc.weighted.savings.electricity.exterior_lighting.energy_consumption..tbtu,0.0
calc.weighted.savings.electricity.fans.energy_consumption..tbtu,0.0
calc.weighted.savings.electricity.heat_recovery.energy_consumption..tbtu,0.0
calc.weighted.savings.electricity.heat_rejection.energy_consumption..tbtu,0.0
calc.weighted.savings.electricity.heating.energy_consumption..tbtu,0.0
calc.weighted.savings.electricity.interior_equipment.energy_consumption..tbtu,0.0
calc.weighted.savings.electricity.interior_lighting.energy_consumption..tbtu,0.0
calc.weighted.savings.electricity.pumps.energy_consumption..tbtu,0.0
calc.weighted.savings.electricity.refrigeration.energy_consumption..tbtu,0.0
calc.weighted.savings.electricity.total.energy_consumption..tbtu,0.0
calc.weighted.savings.electricity.water_systems.energy_consumption..tbtu,0.0
calc.weighted.savings.natural_gas.cooling.energy_consumption..tbtu,0.0
calc.weighted.savings.natural_gas.heating.energy_consumption..tbtu,0.0
calc.weighted.savings.natural_gas.interior_equipment.energy_consumption..tbtu,0.0
calc.weighted.savings.natural_gas.total.energy_consumption..tbtu,0.0
calc.weighted.savings.natural_gas.water_systems.energy_consumption..tbtu,0.0
calc.weighted.savings.other_fuel.cooling.energy_consumption..tbtu,0.0
calc.weighted.savings.other_fuel.heating.energy_consumption..tbtu,0.0
calc.weighted.savings.other_fuel.interior_equipment.energy_consumption..tbtu,0.0
calc.weighted.savings.other_fuel.total.energy_consumption..tbtu,0.0
calc.weighted.savings.other_fuel.water_systems.energy_consumption..tbtu,0.0
calc.weighted.savings.site_energy.total.energy_consumption..tbtu,0.0
calc.weighted.site_energy.total.energy_consumption..tbtu,0.005629586630043979
